order_id,customer_id,order_date,product_name,category,region,state,city,quantity,unit_price,discount,sales,profit,rating,delivery_days,order_status,payment_method,customer_segment,year,month,month_name,quarter,profit_margin_pct
AMZ100000,CUST10007,2025-01-01,USB-C Hub,Electronics,North,Haryana,Gurugram,1,27.44,0.283,19.67,-6.05,4.4,5,Delivered,Debit Card,Corporate,2025,1,Jan,Q1,-30.76
AMZ100001,CUST10314,2024-11-13,Novel Collection,Books,South,Tamil Nadu,Coimbatore,2,51.15,0.013,100.97,29.83,4.6,3,Delivered,UPI,Consumer,2024,11,Nov,Q4,29.54
AMZ100002,CUST10817,2024-05-23,Coffee Maker,Home,South,Karnataka,Bengaluru,1,111.68,0.151,94.82,19.64,3.9,7,Delivered,Credit Card,Home Office,2024,5,May,Q2,20.71
AMZ100003,CUST10103,2025-01-18,Fitness Tracker,Sports,North,Delhi,Delhi,1,59.92,0.175,49.43,11.02,3.9,5,Delivered,Debit Card,Home Office,2025,1,Jan,Q1,22.29
AMZ100004,CUST10821,2024-08-03,Smart Watch,Electronics,South,Tamil Nadu,Chennai,1,145.68,0.276,105.47,7.16,3.6,3,Delivered,Debit Card,Corporate,2024,8,Aug,Q3,6.79
AMZ100005,CUST10193,2024-12-26,Data Science Book,Books,South,Telangana,Hyderabad,1,47.49,0.015,46.78,-3.15,3.8,3,Returned,UPI,Consumer,2024,12,Dec,Q4,-6.73
AMZ100006,CUST10753,2024-11-19,USB-C Hub,Electronics,South,Karnataka,Bengaluru,1,29.97,0.172,24.82,-0.31,4.6,2,Returned,UPI,Corporate,2024,11,Nov,Q4,-1.25
AMZ100007,CUST10574,2024-01-15,Cookware Set,Home,North,Haryana,Gurugram,1,124.51,0.256,92.64,5.07,3.7,4,Delivered,Debit Card,Home Office,2024,1,Jan,Q1,5.47
AMZ100008,CUST10529,2024-08-04,Desk Organizer,Office,West,Maharashtra,Mumbai,1,22.4,0.073,20.76,13.31,3.6,5,Delivered,Amazon Pay,Consumer,2024,8,Aug,Q3,64.11
AMZ100009,CUST10171,2025-05-06,Fitness Tracker,Sports,East,West Bengal,Kolkata,2,62.62,0.263,92.3,10.31,4.0,5,Delivered,UPI,Home Office,2025,5,May,Q2,11.17
AMZ100010,CUST10537,2025-06-30,Fitness Tracker,Sports,North,Delhi,Delhi,1,59.85,0.006,59.49,-3.73,3.3,1,Returned,Debit Card,Corporate,2025,6,Jun,Q2,-6.27
AMZ100011,CUST10251,2024-07-01,Notebook Pack,Office,South,Tamil Nadu,Coimbatore,1,14.91,0.22,11.63,2.84,3.9,2,Delivered,Credit Card,Home Office,2024,7,Jul,Q3,24.42
AMZ100012,CUST10765,2024-09-26,Data Science Book,Books,North,Rajasthan,Jaipur,1,48.73,0.28,35.09,3.37,3.5,3,Delivered,Net Banking,Corporate,2024,9,Sep,Q3,9.6
AMZ100013,CUST10387,2025-04-11,4K Smart TV,Electronics,West,Maharashtra,Mumbai,3,578.1,0.197,1392.64,130.19,3.6,4,Delivered,UPI,Consumer,2025,4,Apr,Q2,9.35
AMZ100014,CUST10207,2025-09-03,Smart Watch,Electronics,West,Maharashtra,Pune,1,148.41,0.132,128.82,16.62,3.4,4,Delivered,Credit Card,Corporate,2025,9,Sep,Q3,12.9
AMZ100015,CUST10541,2025-06-02,Notebook Pack,Office,West,Gujarat,Ahmedabad,1,16.99,0.013,16.77,-1.51,3.0,3,Returned,Amazon Pay,Home Office,2025,6,Jun,Q2,-9.0
AMZ100016,CUST10629,2025-06-25,Smartphone X,Electronics,North,Haryana,Gurugram,1,656.18,0.276,475.07,33.49,5.0,3,Delivered,Amazon Pay,Corporate,2025,6,Jun,Q2,7.05
AMZ100017,CUST10416,2025-04-11,Business Book,Books,North,Rajasthan,Jaipur,1,33.18,0.141,0.0,0.0,3.9,4,Cancelled,Net Banking,Corporate,2025,4,Apr,Q2,0.0
AMZ100018,CUST10794,2024-10-31,Data Science Book,Books,West,Gujarat,Ahmedabad,1,44.93,0.009,44.53,6.69,3.7,4,Delivered,Credit Card,Corporate,2024,10,Oct,Q4,15.02
AMZ100019,CUST10380,2024-05-23,Wireless Headphones,Electronics,North,Haryana,Gurugram,1,84.45,0.207,66.97,5.4,3.4,6,Delivered,UPI,Corporate,2024,5,May,Q2,8.06
AMZ100020,CUST10144,2024-04-20,Notebook Pack,Office,South,Tamil Nadu,Coimbatore,2,16.84,0.145,0.0,0.0,3.9,1,Cancelled,Credit Card,Home Office,2024,4,Apr,Q2,0.0
AMZ100021,CUST10025,2024-08-19,Backpack,Fashion,South,Tamil Nadu,Chennai,3,47.04,0.037,135.9,37.17,3.5,4,Delivered,Net Banking,Home Office,2024,8,Aug,Q3,27.35
AMZ100022,CUST10822,2025-11-21,Gaming Mouse,Electronics,South,Tamil Nadu,Coimbatore,1,42.39,0.064,39.68,0.68,4.2,1,Delivered,Amazon Pay,Consumer,2025,11,Nov,Q4,1.71
AMZ100023,CUST10668,2025-08-06,Wireless Headphones,Electronics,East,West Bengal,Kolkata,1,81.82,0.019,80.27,8.09,3.8,5,Delivered,Net Banking,Corporate,2025,8,Aug,Q3,10.08
AMZ100024,CUST10073,2025-12-22,Data Science Book,Books,West,Maharashtra,Mumbai,2,44.57,0.172,73.81,12.36,3.7,5,Delivered,Debit Card,Corporate,2025,12,Dec,Q4,16.75
AMZ100025,CUST10632,2025-08-14,Laptop Pro 14,Electronics,South,Telangana,Hyderabad,1,963.57,0.187,783.38,77.04,4.5,1,Delivered,Debit Card,Corporate,2025,8,Aug,Q3,9.83
AMZ100026,CUST10824,2025-05-14,Backpack,Fashion,North,Haryana,Gurugram,1,47.55,0.152,40.32,14.82,3.7,1,Delivered,Amazon Pay,Home Office,2025,5,May,Q2,36.76
AMZ100027,CUST10833,2025-08-17,Business Book,Books,South,Tamil Nadu,Coimbatore,1,37.44,0.245,28.27,12.16,4.9,3,Delivered,Debit Card,Consumer,2025,8,Aug,Q3,43.01
AMZ100028,CUST10093,2025-07-07,Backpack,Fashion,South,Telangana,Hyderabad,1,44.05,0.258,32.69,1.38,3.6,5,Delivered,Net Banking,Corporate,2025,7,Jul,Q3,4.22
AMZ100029,CUST10505,2024-09-29,Bluetooth Speaker,Electronics,East,West Bengal,Kolkata,1,60.67,0.185,49.45,5.03,4.6,3,Delivered,Net Banking,Corporate,2024,9,Sep,Q3,10.17
AMZ100030,CUST10598,2025-12-03,Desk Lamp,Home,North,Delhi,Delhi,1,39.29,0.004,39.13,4.93,4.7,2,Delivered,Net Banking,Consumer,2025,12,Dec,Q4,12.6
AMZ100031,CUST10336,2024-06-21,Yoga Mat,Sports,West,Maharashtra,Pune,1,27.11,0.209,21.44,2.91,3.8,4,Delivered,Debit Card,Consumer,2024,6,Jun,Q2,13.57
AMZ100032,CUST10425,2024-01-07,Air Fryer,Home,West,Maharashtra,Mumbai,1,100.05,0.125,87.54,17.72,4.3,7,Delivered,Amazon Pay,Corporate,2024,1,Jan,Q1,20.24
AMZ100033,CUST10499,2024-06-03,Coffee Maker,Home,East,West Bengal,Kolkata,1,115.91,0.17,0.0,0.0,2.9,4,Cancelled,Credit Card,Consumer,2024,6,Jun,Q2,0.0
AMZ100034,CUST10364,2025-06-05,Coffee Maker,Home,East,West Bengal,Kolkata,1,114.31,0.195,92.02,12.27,4.6,3,Delivered,Credit Card,Home Office,2025,6,Jun,Q2,13.33
AMZ100035,CUST10947,2025-06-29,Cookware Set,Home,South,Tamil Nadu,Coimbatore,2,120.75,0.105,216.14,40.63,3.6,6,Delivered,UPI,Home Office,2025,6,Jun,Q2,18.8
AMZ100036,CUST10630,2025-07-01,Backpack,Fashion,South,Tamil Nadu,Chennai,1,41.66,0.275,30.2,5.94,4.4,4,Delivered,Debit Card,Home Office,2025,7,Jul,Q3,19.67
AMZ100037,CUST10745,2025-06-01,Desk Organizer,Office,West,Gujarat,Ahmedabad,1,21.49,0.04,20.63,-2.49,4.1,7,Delivered,Amazon Pay,Home Office,2025,6,Jun,Q2,-12.07
AMZ100038,CUST10199,2024-08-02,Novel Collection,Books,West,Maharashtra,Pune,2,55.54,0.201,88.75,25.02,4.0,2,Delivered,Net Banking,Home Office,2024,8,Aug,Q3,28.19
AMZ100039,CUST10718,2024-05-13,Bluetooth Speaker,Electronics,West,Maharashtra,Mumbai,2,65.16,0.001,0.0,0.0,3.9,3,Cancelled,Credit Card,Home Office,2024,5,May,Q2,0.0
AMZ100040,CUST10413,2024-10-11,Smartphone X,Electronics,North,Delhi,Delhi,1,649.21,0.277,469.38,32.11,4.2,5,Delivered,Amazon Pay,Home Office,2024,10,Oct,Q4,6.84
AMZ100041,CUST10339,2024-05-05,Mechanical Keyboard,Electronics,North,Delhi,Delhi,1,101.13,0.034,97.69,15.17,3.6,3,Delivered,UPI,Corporate,2024,5,May,Q2,15.53
AMZ100042,CUST10659,2025-03-14,Cookware Set,Home,South,Karnataka,Bengaluru,2,134.9,0.028,262.25,51.82,4.0,1,Delivered,Debit Card,Home Office,2025,3,Mar,Q1,19.76
AMZ100043,CUST10937,2025-11-16,USB-C Hub,Electronics,East,West Bengal,Kolkata,2,29.34,0.1,52.81,8.17,3.1,3,Delivered,Net Banking,Corporate,2025,11,Nov,Q4,15.47
AMZ100044,CUST10429,2024-05-31,Data Science Book,Books,North,Haryana,Gurugram,3,46.32,0.112,123.4,35.16,4.5,5,Delivered,UPI,Corporate,2024,5,May,Q2,28.49
AMZ100045,CUST10783,2024-11-26,Running Shoes,Sports,South,Tamil Nadu,Chennai,2,69.35,0.064,129.82,28.89,3.9,3,Delivered,Credit Card,Corporate,2024,11,Nov,Q4,22.25
AMZ100046,CUST10899,2025-06-21,USB-C Hub,Electronics,West,Maharashtra,Pune,1,30.46,0.176,25.1,6.68,3.0,4,Delivered,Debit Card,Home Office,2025,6,Jun,Q2,26.61
AMZ100047,CUST10139,2025-01-17,Office Chair,Home,South,Tamil Nadu,Coimbatore,1,175.33,0.133,0.0,0.0,4.5,3,Cancelled,Net Banking,Home Office,2025,1,Jan,Q1,0.0
AMZ100048,CUST10693,2024-04-24,4K Smart TV,Electronics,North,Delhi,Delhi,1,585.35,0.01,579.5,-23.77,3.5,1,Returned,UPI,Consumer,2024,4,Apr,Q2,-4.1
AMZ100049,CUST10942,2025-04-26,Bluetooth Speaker,Electronics,West,Maharashtra,Mumbai,1,65.82,0.096,59.5,0.38,3.7,4,Delivered,Debit Card,Home Office,2025,4,Apr,Q2,0.64
AMZ100050,CUST10542,2024-10-10,Sneakers,Fashion,South,Karnataka,Bengaluru,1,68.03,0.243,51.5,7.26,4.0,2,Delivered,Debit Card,Consumer,2024,10,Oct,Q4,14.1
AMZ100051,CUST10057,2024-03-15,Office Chair,Home,West,Maharashtra,Mumbai,1,169.64,0.207,134.52,23.29,4.4,3,Delivered,Credit Card,Home Office,2024,3,Mar,Q1,17.31
AMZ100052,CUST10232,2024-06-14,Running Shoes,Sports,South,Tamil Nadu,Chennai,1,70.1,0.217,54.89,-2.9,4.0,4,Returned,Debit Card,Home Office,2024,6,Jun,Q2,-5.28
AMZ100053,CUST10658,2024-07-07,Data Science Book,Books,North,Haryana,Gurugram,2,49.24,0.209,77.9,14.02,3.5,1,Delivered,Debit Card,Home Office,2024,7,Jul,Q3,18.0
AMZ100054,CUST10435,2024-03-18,Wireless Headphones,Electronics,South,Karnataka,Bengaluru,1,75.91,0.093,68.85,18.33,4.8,1,Delivered,Debit Card,Corporate,2024,3,Mar,Q1,26.62
AMZ100055,CUST10384,2025-08-24,Novel Collection,Books,South,Karnataka,Bengaluru,1,54.16,0.03,52.54,12.82,3.7,5,Delivered,Amazon Pay,Home Office,2025,8,Aug,Q3,24.4
AMZ100056,CUST10560,2025-11-18,Coffee Maker,Home,West,Gujarat,Ahmedabad,1,110.62,0.082,101.55,20.39,3.8,1,Delivered,Debit Card,Home Office,2025,11,Nov,Q4,20.08
AMZ100057,CUST10194,2024-01-21,USB-C Hub,Electronics,West,Maharashtra,Pune,1,27.65,0.25,0.0,0.0,3.9,1,Cancelled,UPI,Consumer,2024,1,Jan,Q1,0.0
AMZ100058,CUST10736,2025-07-19,Backpack,Fashion,South,Karnataka,Bengaluru,2,45.89,0.294,64.8,16.87,4.6,2,Delivered,Credit Card,Consumer,2025,7,Jul,Q3,26.03
AMZ100059,CUST10648,2024-07-02,Smart Watch,Electronics,South,Kerala,Kochi,1,144.48,0.148,123.1,8.59,4.9,3,Delivered,Credit Card,Consumer,2024,7,Jul,Q3,6.98
AMZ100060,CUST10534,2024-08-09,Coffee Maker,Home,West,Gujarat,Ahmedabad,3,126.0,0.003,376.87,-19.07,3.9,4,Returned,UPI,Consumer,2024,8,Aug,Q3,-5.06
AMZ100061,CUST10518,2024-11-23,Smartphone X,Electronics,West,Gujarat,Ahmedabad,1,740.21,0.042,709.12,105.77,3.6,8,Delivered,Credit Card,Corporate,2024,11,Nov,Q4,14.92
AMZ100062,CUST10716,2024-06-27,Sneakers,Fashion,South,Tamil Nadu,Chennai,1,63.13,0.097,57.01,10.99,3.7,4,Delivered,Net Banking,Home Office,2024,6,Jun,Q2,19.28
AMZ100063,CUST10751,2024-04-21,Desk Lamp,Home,South,Kerala,Kochi,1,37.73,0.174,31.16,0.39,5.0,5,Delivered,Net Banking,Consumer,2024,4,Apr,Q2,1.25
AMZ100064,CUST10185,2025-12-26,4K Smart TV,Electronics,South,Telangana,Hyderabad,1,513.4,0.023,501.59,79.87,4.5,2,Delivered,Amazon Pay,Consumer,2025,12,Dec,Q4,15.92
AMZ100065,CUST10872,2024-02-28,Office Chair,Home,West,Maharashtra,Mumbai,2,164.84,0.283,236.38,28.98,4.6,4,Delivered,Debit Card,Corporate,2024,2,Feb,Q1,12.26
AMZ100066,CUST10292,2024-11-22,Smart Watch,Electronics,North,Haryana,Gurugram,1,140.24,0.11,0.0,0.0,3.8,2,Cancelled,Net Banking,Corporate,2024,11,Nov,Q4,0.0
AMZ100067,CUST10335,2025-09-12,4K Smart TV,Electronics,North,Rajasthan,Jaipur,2,515.16,0.274,748.01,42.12,3.8,3,Delivered,Amazon Pay,Consumer,2025,9,Sep,Q3,5.63
AMZ100068,CUST10732,2025-10-30,Wireless Headphones,Electronics,West,Maharashtra,Mumbai,1,75.48,0.234,57.82,1.33,4.6,4,Delivered,Amazon Pay,Consumer,2025,10,Oct,Q4,2.3
AMZ100069,CUST10116,2024-07-09,Gaming Mouse,Electronics,South,Karnataka,Bengaluru,2,40.59,0.227,62.75,-1.87,4.3,4,Returned,Debit Card,Corporate,2024,7,Jul,Q3,-2.98
AMZ100070,CUST10825,2024-07-18,Business Book,Books,North,Haryana,Gurugram,1,36.69,0.182,0.0,0.0,4.1,2,Cancelled,Credit Card,Corporate,2024,7,Jul,Q3,0.0
AMZ100071,CUST10049,2024-11-07,Yoga Mat,Sports,North,Delhi,Delhi,2,26.18,0.188,42.52,7.29,4.6,4,Delivered,UPI,Home Office,2024,11,Nov,Q4,17.14
AMZ100072,CUST10685,2025-12-08,4K Smart TV,Electronics,South,Telangana,Hyderabad,1,576.59,0.191,466.46,45.89,3.9,5,Delivered,Amazon Pay,Corporate,2025,12,Dec,Q4,9.84
AMZ100073,CUST10082,2024-02-04,Business Book,Books,North,Delhi,Delhi,1,34.2,0.189,0.0,0.0,4.4,5,Cancelled,Credit Card,Consumer,2024,2,Feb,Q1,0.0
AMZ100074,CUST10834,2025-01-13,Office Chair,Home,South,Kerala,Kochi,1,184.94,0.166,0.0,0.0,3.7,4,Cancelled,Debit Card,Consumer,2025,1,Jan,Q1,0.0
AMZ100075,CUST10333,2025-01-21,Backpack,Fashion,North,Delhi,Delhi,2,45.93,0.296,0.0,0.0,4.0,4,Cancelled,Debit Card,Consumer,2025,1,Jan,Q1,0.0
AMZ100076,CUST10557,2024-08-24,Wireless Headphones,Electronics,South,Tamil Nadu,Coimbatore,1,75.73,0.22,59.07,2.18,3.8,5,Delivered,Amazon Pay,Home Office,2024,8,Aug,Q3,3.69
AMZ100077,CUST10335,2025-09-07,Yoga Mat,Sports,West,Maharashtra,Pune,1,26.29,0.233,20.16,0.23,4.0,5,Delivered,Debit Card,Home Office,2025,9,Sep,Q3,1.14
AMZ100078,CUST10532,2025-06-02,4K Smart TV,Electronics,West,Maharashtra,Mumbai,2,564.34,0.262,832.97,48.42,4.0,3,Delivered,UPI,Home Office,2025,6,Jun,Q2,5.81
AMZ100079,CUST10221,2024-10-09,Sneakers,Fashion,North,Rajasthan,Jaipur,1,63.88,0.065,59.73,14.65,3.6,7,Delivered,UPI,Home Office,2024,10,Oct,Q4,24.53
AMZ100080,CUST10635,2024-01-01,Air Fryer,Home,South,Tamil Nadu,Coimbatore,1,103.43,0.025,100.84,-2.43,3.6,2,Returned,Debit Card,Corporate,2024,1,Jan,Q1,-2.41
AMZ100081,CUST10746,2025-12-31,Coffee Maker,Home,South,Tamil Nadu,Chennai,1,128.31,0.145,0.0,0.0,4.4,3,Cancelled,Amazon Pay,Consumer,2025,12,Dec,Q4,0.0
AMZ100082,CUST10733,2025-04-08,Smart Watch,Electronics,North,Rajasthan,Jaipur,1,141.29,0.154,119.53,13.82,3.8,1,Delivered,UPI,Consumer,2025,4,Apr,Q2,11.56
AMZ100083,CUST10323,2024-08-17,Sneakers,Fashion,North,Delhi,Delhi,2,68.71,0.249,103.2,17.74,3.4,3,Delivered,Debit Card,Corporate,2024,8,Aug,Q3,17.19
AMZ100084,CUST10851,2024-06-20,Desk Organizer,Office,South,Karnataka,Bengaluru,2,22.72,0.133,39.4,5.44,3.7,6,Delivered,Credit Card,Home Office,2024,6,Jun,Q2,13.81
AMZ100085,CUST10003,2024-03-27,Bluetooth Speaker,Electronics,South,Telangana,Hyderabad,1,62.63,0.171,51.92,1.87,5.0,5,Delivered,Amazon Pay,Home Office,2024,3,Mar,Q1,3.6
AMZ100086,CUST10694,2025-07-06,Smart Watch,Electronics,East,West Bengal,Kolkata,3,138.26,0.158,349.24,40.1,4.3,5,Delivered,Amazon Pay,Home Office,2025,7,Jul,Q3,11.48
AMZ100087,CUST10206,2024-05-02,Data Science Book,Books,North,Rajasthan,Jaipur,1,51.18,0.011,0.0,0.0,3.5,3,Cancelled,Net Banking,Home Office,2024,5,May,Q2,0.0
AMZ100088,CUST10832,2024-10-24,Air Fryer,Home,North,Delhi,Delhi,1,97.77,0.185,79.68,7.62,5.0,5,Delivered,Net Banking,Home Office,2024,10,Oct,Q4,9.56
AMZ100089,CUST10040,2025-11-20,Cotton T-Shirt,Fashion,South,Telangana,Hyderabad,1,22.69,0.248,0.0,0.0,4.0,6,Cancelled,Net Banking,Consumer,2025,11,Nov,Q4,0.0
AMZ100090,CUST10059,2025-07-28,Office Chair,Home,North,Haryana,Gurugram,1,187.81,0.047,178.98,-7.74,4.3,4,Returned,Amazon Pay,Consumer,2025,7,Jul,Q3,-4.32
AMZ100091,CUST10574,2025-04-28,Coffee Maker,Home,West,Maharashtra,Mumbai,1,120.7,0.178,99.22,11.01,3.6,3,Delivered,Net Banking,Home Office,2025,4,Apr,Q2,11.1
AMZ100092,CUST10644,2024-06-13,Data Science Book,Books,West,Gujarat,Ahmedabad,2,44.93,0.178,73.86,19.81,4.0,6,Delivered,Amazon Pay,Consumer,2024,6,Jun,Q2,26.82
AMZ100093,CUST10507,2025-11-29,Notebook Pack,Office,West,Maharashtra,Pune,2,16.7,0.049,31.76,2.78,4.5,4,Delivered,Debit Card,Consumer,2025,11,Nov,Q4,8.75
AMZ100094,CUST10572,2025-01-17,Bluetooth Speaker,Electronics,South,Telangana,Hyderabad,1,68.03,0.037,65.51,7.5,4.4,3,Delivered,UPI,Consumer,2025,1,Jan,Q1,11.45
AMZ100095,CUST10884,2024-07-27,Cotton T-Shirt,Fashion,South,Karnataka,Bengaluru,1,22.75,0.294,16.06,5.2,4.0,3,Delivered,Amazon Pay,Consumer,2024,7,Jul,Q3,32.38
AMZ100096,CUST10843,2025-03-07,Running Shoes,Sports,South,Kerala,Kochi,2,69.66,0.118,122.88,-7.88,4.1,4,Returned,UPI,Corporate,2025,3,Mar,Q1,-6.41
AMZ100097,CUST10122,2025-01-23,Coffee Maker,Home,South,Karnataka,Bengaluru,2,119.05,0.068,0.0,0.0,4.7,3,Cancelled,UPI,Corporate,2025,1,Jan,Q1,0.0
AMZ100098,CUST10479,2025-07-13,Cotton T-Shirt,Fashion,South,Telangana,Hyderabad,2,24.17,0.051,45.87,14.36,3.8,1,Delivered,Amazon Pay,Home Office,2025,7,Jul,Q3,31.31
AMZ100099,CUST10619,2024-08-11,Laptop Pro 14,Electronics,South,Karnataka,Bengaluru,1,948.54,0.2,758.83,69.39,5.0,3,Delivered,Net Banking,Consumer,2024,8,Aug,Q3,9.14
AMZ100100,CUST10096,2024-01-03,Bluetooth Speaker,Electronics,West,Maharashtra,Mumbai,2,70.03,0.183,114.43,-2.31,4.3,2,Returned,Debit Card,Consumer,2024,1,Jan,Q1,-2.02
AMZ100101,CUST10859,2025-01-06,USB-C Hub,Electronics,South,Karnataka,Bengaluru,1,29.05,0.193,23.44,-2.67,3.2,1,Delivered,Debit Card,Home Office,2025,1,Jan,Q1,-11.39
AMZ100102,CUST10414,2025-11-17,Running Shoes,Sports,North,Rajasthan,Jaipur,1,72.74,0.026,70.85,23.04,4.6,4,Delivered,UPI,Corporate,2025,11,Nov,Q4,32.52
AMZ100103,CUST10235,2025-03-21,Notebook Pack,Office,West,Gujarat,Ahmedabad,1,16.16,0.268,0.0,0.0,4.2,4,Cancelled,UPI,Home Office,2025,3,Mar,Q1,0.0
AMZ100104,CUST10898,2025-09-02,Laptop Pro 14,Electronics,South,Karnataka,Bengaluru,1,964.85,0.117,851.96,105.34,3.9,4,Delivered,Amazon Pay,Corporate,2025,9,Sep,Q3,12.36
AMZ100105,CUST10062,2024-04-25,Backpack,Fashion,West,Gujarat,Ahmedabad,1,45.58,0.094,41.3,4.82,3.8,4,Delivered,Debit Card,Home Office,2024,4,Apr,Q2,11.67
AMZ100106,CUST10256,2024-09-26,Smart Watch,Electronics,North,Delhi,Delhi,1,143.97,0.139,123.96,17.92,5.0,6,Delivered,UPI,Consumer,2024,9,Sep,Q3,14.46
AMZ100107,CUST10561,2025-03-22,Notebook Pack,Office,South,Tamil Nadu,Chennai,1,15.55,0.117,0.0,0.0,4.4,5,Cancelled,Credit Card,Home Office,2025,3,Mar,Q1,0.0
AMZ100108,CUST10905,2025-01-02,Fitness Tracker,Sports,West,Maharashtra,Mumbai,2,62.52,0.259,92.65,16.15,4.7,1,Delivered,Debit Card,Home Office,2025,1,Jan,Q1,17.43
AMZ100109,CUST10348,2024-09-09,Cookware Set,Home,South,Tamil Nadu,Chennai,1,132.86,0.279,95.79,8.37,4.5,3,Delivered,Amazon Pay,Corporate,2024,9,Sep,Q3,8.74
AMZ100110,CUST10671,2024-11-12,Desk Lamp,Home,North,Delhi,Delhi,1,37.04,0.091,33.67,7.31,3.7,5,Delivered,Debit Card,Consumer,2024,11,Nov,Q4,21.71
AMZ100111,CUST10124,2025-02-18,Smart Watch,Electronics,West,Maharashtra,Mumbai,1,145.31,0.259,107.67,-1.3,3.8,7,Returned,UPI,Corporate,2025,2,Feb,Q1,-1.21
AMZ100112,CUST10482,2024-04-04,Smartphone X,Electronics,South,Telangana,Hyderabad,3,676.6,0.234,1554.83,120.07,4.2,4,Delivered,UPI,Consumer,2024,4,Apr,Q2,7.72
AMZ100113,CUST10317,2024-01-24,Smartphone X,Electronics,South,Telangana,Hyderabad,1,707.8,0.279,510.32,-5.87,4.4,3,Returned,Net Banking,Consumer,2024,1,Jan,Q1,-1.15
AMZ100114,CUST10504,2025-09-19,Laptop Pro 14,Electronics,West,Gujarat,Ahmedabad,1,866.52,0.074,802.4,112.49,3.7,2,Delivered,Credit Card,Consumer,2025,9,Sep,Q3,14.02
AMZ100115,CUST10719,2025-10-24,Mechanical Keyboard,Electronics,North,Delhi,Delhi,1,96.33,0.173,0.0,0.0,4.9,4,Cancelled,Credit Card,Home Office,2025,10,Oct,Q4,0.0
AMZ100116,CUST10048,2024-02-19,Yoga Mat,Sports,West,Gujarat,Ahmedabad,2,28.67,0.082,52.64,-2.27,3.7,3,Returned,UPI,Consumer,2024,2,Feb,Q1,-4.31
AMZ100117,CUST10409,2025-05-16,USB-C Hub,Electronics,West,Maharashtra,Pune,3,28.18,0.247,63.66,-1.57,4.9,4,Returned,Debit Card,Corporate,2025,5,May,Q2,-2.47
AMZ100118,CUST10932,2025-12-18,Running Shoes,Sports,South,Karnataka,Bengaluru,1,70.58,0.002,0.0,0.0,5.0,3,Cancelled,Amazon Pay,Consumer,2025,12,Dec,Q4,0.0
AMZ100119,CUST10136,2025-05-12,USB-C Hub,Electronics,East,West Bengal,Kolkata,1,27.96,0.169,23.23,-2.43,4.7,1,Delivered,Debit Card,Home Office,2025,5,May,Q2,-10.46
AMZ100120,CUST10201,2024-11-30,Running Shoes,Sports,West,Maharashtra,Pune,2,74.09,0.102,133.07,26.27,3.8,2,Delivered,Amazon Pay,Corporate,2024,11,Nov,Q4,19.74
AMZ100121,CUST10250,2024-03-19,Smart Watch,Electronics,South,Karnataka,Bengaluru,1,149.44,0.097,134.94,16.86,3.4,8,Delivered,UPI,Consumer,2024,3,Mar,Q1,12.49
AMZ100122,CUST10314,2025-08-04,Backpack,Fashion,West,Maharashtra,Mumbai,1,46.46,0.193,37.49,8.84,5.0,8,Delivered,Credit Card,Corporate,2025,8,Aug,Q3,23.58
AMZ100123,CUST10869,2024-01-27,Wireless Headphones,Electronics,West,Gujarat,Ahmedabad,1,80.12,0.255,0.0,0.0,3.8,1,Cancelled,Amazon Pay,Consumer,2024,1,Jan,Q1,0.0
AMZ100124,CUST10368,2024-09-27,Laptop Pro 14,Electronics,West,Maharashtra,Mumbai,1,924.82,0.183,755.58,76.61,3.7,5,Delivered,Amazon Pay,Consumer,2024,9,Sep,Q3,10.14
AMZ100125,CUST10429,2025-07-15,Air Fryer,Home,South,Tamil Nadu,Coimbatore,1,100.29,0.256,74.62,-1.74,3.4,3,Returned,Debit Card,Home Office,2025,7,Jul,Q3,-2.33
AMZ100126,CUST10830,2024-09-03,Desk Organizer,Office,South,Tamil Nadu,Coimbatore,1,22.08,0.079,20.34,-1.21,4.7,5,Returned,Credit Card,Corporate,2024,9,Sep,Q3,-5.95
AMZ100127,CUST10807,2025-08-13,Desk Organizer,Office,South,Tamil Nadu,Coimbatore,1,20.93,0.156,17.66,11.49,4.9,4,Delivered,Credit Card,Consumer,2025,8,Aug,Q3,65.06
AMZ100128,CUST10480,2025-01-21,Notebook Pack,Office,West,Maharashtra,Mumbai,2,16.9,0.135,29.24,1.58,3.7,3,Delivered,Amazon Pay,Home Office,2025,1,Jan,Q1,5.4
AMZ100129,CUST10314,2025-12-02,Mechanical Keyboard,Electronics,South,Karnataka,Bengaluru,1,102.12,0.003,101.81,12.32,4.2,4,Delivered,Debit Card,Corporate,2025,12,Dec,Q4,12.1
AMZ100130,CUST10500,2025-07-12,Smartphone X,Electronics,South,Tamil Nadu,Coimbatore,2,747.76,0.167,1245.77,127.63,3.7,2,Delivered,UPI,Home Office,2025,7,Jul,Q3,10.25
AMZ100131,CUST10721,2024-12-26,Backpack,Fashion,North,Delhi,Delhi,1,46.21,0.198,0.0,0.0,4.4,5,Cancelled,Credit Card,Corporate,2024,12,Dec,Q4,0.0
AMZ100132,CUST10355,2025-05-02,Smart Watch,Electronics,South,Kerala,Kochi,1,144.58,0.178,118.84,17.01,5.0,7,Delivered,Net Banking,Consumer,2025,5,May,Q2,14.31
AMZ100133,CUST10485,2024-12-17,Business Book,Books,South,Karnataka,Bengaluru,1,34.28,0.221,26.7,4.25,4.0,3,Delivered,Credit Card,Corporate,2024,12,Dec,Q4,15.92
AMZ100134,CUST10211,2025-12-01,Smartphone X,Electronics,South,Tamil Nadu,Coimbatore,2,746.42,0.171,1237.56,119.93,4.7,7,Delivered,UPI,Home Office,2025,12,Dec,Q4,9.69
AMZ100135,CUST10704,2024-09-12,Laptop Pro 14,Electronics,North,Haryana,Gurugram,2,920.06,0.02,1803.32,273.27,4.4,2,Delivered,Net Banking,Home Office,2024,9,Sep,Q3,15.15
AMZ100136,CUST10044,2024-08-09,Smartphone X,Electronics,South,Telangana,Hyderabad,1,667.0,0.035,643.65,100.55,4.3,2,Delivered,UPI,Corporate,2024,8,Aug,Q3,15.62
AMZ100137,CUST10541,2024-01-01,Mechanical Keyboard,Electronics,South,Telangana,Hyderabad,2,93.64,0.179,153.76,8.85,4.0,5,Delivered,Debit Card,Home Office,2024,1,Jan,Q1,5.76
AMZ100138,CUST10571,2025-06-29,Coffee Maker,Home,West,Maharashtra,Pune,1,118.83,0.082,109.09,-4.11,4.2,5,Returned,UPI,Corporate,2025,6,Jun,Q2,-3.77
AMZ100139,CUST10583,2025-03-21,Sneakers,Fashion,South,Telangana,Hyderabad,3,72.47,0.024,212.19,57.04,4.1,1,Delivered,Net Banking,Consumer,2025,3,Mar,Q1,26.88
AMZ100140,CUST10092,2024-03-19,Smartphone X,Electronics,South,Karnataka,Bengaluru,1,723.57,0.129,0.0,0.0,4.6,2,Cancelled,Amazon Pay,Home Office,2024,3,Mar,Q1,0.0
AMZ100141,CUST10265,2024-08-23,Laptop Pro 14,Electronics,North,Rajasthan,Jaipur,2,884.53,0.166,1475.4,146.04,4.5,4,Delivered,Credit Card,Home Office,2024,8,Aug,Q3,9.9
AMZ100142,CUST10895,2024-11-29,Mechanical Keyboard,Electronics,West,Gujarat,Ahmedabad,1,100.85,0.099,90.87,-2.7,3.9,7,Returned,Amazon Pay,Consumer,2024,11,Nov,Q4,-2.97
AMZ100143,CUST10220,2024-12-14,Desk Organizer,Office,South,Karnataka,Bengaluru,1,22.4,0.216,17.56,6.08,4.0,5,Delivered,Credit Card,Home Office,2024,12,Dec,Q4,34.62
AMZ100144,CUST10902,2024-04-07,Sneakers,Fashion,South,Kerala,Kochi,1,67.01,0.193,54.08,7.58,4.4,4,Delivered,Credit Card,Consumer,2024,4,Apr,Q2,14.02
AMZ100145,CUST10925,2024-03-22,USB-C Hub,Electronics,South,Karnataka,Bengaluru,1,30.69,0.1,27.62,4.09,4.2,3,Delivered,Net Banking,Consumer,2024,3,Mar,Q1,14.81
AMZ100146,CUST10442,2025-05-16,Running Shoes,Sports,East,West Bengal,Kolkata,1,66.98,0.226,51.84,10.05,3.4,3,Delivered,Debit Card,Home Office,2025,5,May,Q2,19.39
AMZ100147,CUST10401,2025-04-21,Coffee Maker,Home,West,Gujarat,Ahmedabad,1,118.94,0.195,95.75,16.07,3.8,1,Delivered,Credit Card,Corporate,2025,4,Apr,Q2,16.78
AMZ100148,CUST10400,2025-12-04,Coffee Maker,Home,North,Haryana,Gurugram,1,124.23,0.191,100.5,19.1,3.3,4,Delivered,Credit Card,Consumer,2025,12,Dec,Q4,19.0
AMZ100149,CUST10727,2025-07-03,Yoga Mat,Sports,South,Telangana,Hyderabad,1,27.64,0.166,23.05,1.8,3.4,4,Delivered,Debit Card,Corporate,2025,7,Jul,Q3,7.81
AMZ100150,CUST10899,2024-01-14,Cotton T-Shirt,Fashion,West,Gujarat,Ahmedabad,1,25.4,0.003,25.32,10.89,,4,Delivered,Credit Card,Consumer,2024,1,Jan,Q1,43.01
AMZ100151,CUST10789,2025-01-26,Cookware Set,Home,South,Telangana,Hyderabad,1,135.69,0.209,107.33,13.09,4.2,5,Delivered,Debit Card,Home Office,2025,1,Jan,Q1,12.2
AMZ100152,CUST10576,2024-12-12,USB-C Hub,Electronics,West,Maharashtra,Pune,2,31.04,0.113,55.06,9.98,4.3,3,Delivered,Amazon Pay,Home Office,2024,12,Dec,Q4,18.13
AMZ100153,CUST10858,2024-11-05,Desk Lamp,Home,West,Gujarat,Ahmedabad,1,37.51,0.283,26.89,7.27,5.0,8,Delivered,UPI,Corporate,2024,11,Nov,Q4,27.04
AMZ100154,CUST10804,2025-01-20,Novel Collection,Books,South,Tamil Nadu,Coimbatore,1,54.35,0.245,0.0,0.0,3.8,7,Cancelled,Net Banking,Home Office,2025,1,Jan,Q1,0.0
AMZ100155,CUST10490,2024-07-27,4K Smart TV,Electronics,South,Telangana,Hyderabad,1,582.39,0.176,479.89,50.14,4.1,2,Delivered,Debit Card,Consumer,2024,7,Jul,Q3,10.45
AMZ100156,CUST10485,2024-12-22,Mechanical Keyboard,Electronics,North,Haryana,Gurugram,1,95.71,0.076,88.44,-3.32,4.1,2,Returned,Credit Card,Corporate,2024,12,Dec,Q4,-3.75
AMZ100157,CUST10757,2025-08-23,Desk Organizer,Office,South,Tamil Nadu,Coimbatore,1,21.85,0.061,20.52,8.53,3.2,5,Delivered,Debit Card,Consumer,2025,8,Aug,Q3,41.57
AMZ100158,CUST10470,2025-07-21,USB-C Hub,Electronics,South,Tamil Nadu,Chennai,1,30.79,0.102,27.65,-2.92,4.3,4,Delivered,Amazon Pay,Corporate,2025,7,Jul,Q3,-10.56
AMZ100159,CUST10574,2024-04-03,Cotton T-Shirt,Fashion,West,Maharashtra,Mumbai,1,22.58,0.143,19.35,6.9,3.4,4,Delivered,Debit Card,Consumer,2024,4,Apr,Q2,35.66
AMZ100160,CUST10938,2024-04-02,Coffee Maker,Home,West,Maharashtra,Mumbai,3,125.21,0.089,342.2,-15.21,3.8,7,Returned,Net Banking,Consumer,2024,4,Apr,Q2,-4.44
AMZ100161,CUST10844,2024-12-05,Fitness Tracker,Sports,North,Haryana,Gurugram,1,61.75,0.154,52.24,8.43,2.9,6,Delivered,Debit Card,Corporate,2024,12,Dec,Q4,16.14
AMZ100162,CUST10682,2025-08-19,4K Smart TV,Electronics,East,West Bengal,Kolkata,1,530.46,0.05,503.94,-18.48,3.7,2,Returned,Credit Card,Home Office,2025,8,Aug,Q3,-3.67
AMZ100163,CUST10445,2025-03-20,Cotton T-Shirt,Fashion,South,Tamil Nadu,Chennai,1,23.33,0.293,16.49,-0.08,3.9,7,Returned,UPI,Consumer,2025,3,Mar,Q1,-0.49
AMZ100164,CUST10269,2024-01-22,USB-C Hub,Electronics,West,Maharashtra,Pune,1,28.04,0.032,27.14,-2.23,3.4,2,Returned,Debit Card,Home Office,2024,1,Jan,Q1,-8.22
AMZ100165,CUST10267,2024-10-17,Cookware Set,Home,North,Haryana,Gurugram,2,136.29,0.28,196.26,19.54,3.6,5,Delivered,UPI,Corporate,2024,10,Oct,Q4,9.96
AMZ100166,CUST10054,2025-04-29,Business Book,Books,South,Tamil Nadu,Coimbatore,1,33.47,0.274,24.3,-1.89,4.4,3,Returned,Net Banking,Corporate,2025,4,Apr,Q2,-7.78
AMZ100167,CUST10528,2024-11-01,Wireless Headphones,Electronics,West,Maharashtra,Mumbai,1,76.46,0.158,64.38,2.34,4.7,5,Delivered,UPI,Home Office,2024,11,Nov,Q4,3.63
AMZ100168,CUST10520,2025-09-25,Yoga Mat,Sports,West,Maharashtra,Mumbai,1,27.15,0.217,21.26,-1.89,3.4,5,Returned,UPI,Consumer,2025,9,Sep,Q3,-8.89
AMZ100169,CUST10616,2024-05-07,Cotton T-Shirt,Fashion,West,Maharashtra,Mumbai,1,23.04,0.131,20.02,5.32,4.0,3,Delivered,Amazon Pay,Consumer,2024,5,May,Q2,26.57
AMZ100170,CUST10059,2025-09-16,Bluetooth Speaker,Electronics,South,Tamil Nadu,Coimbatore,1,62.89,0.189,51.0,-1.52,4.6,3,Returned,UPI,Home Office,2025,9,Sep,Q3,-2.98
AMZ100171,CUST10825,2024-09-29,Data Science Book,Books,North,Delhi,Delhi,2,47.26,0.102,84.88,-6.59,4.1,4,Returned,Amazon Pay,Home Office,2024,9,Sep,Q3,-7.76
AMZ100172,CUST10040,2025-03-17,Gaming Mouse,Electronics,North,Haryana,Gurugram,2,40.22,0.09,73.2,-2.68,4.0,5,Returned,Amazon Pay,Consumer,2025,3,Mar,Q1,-3.66
AMZ100173,CUST10237,2025-05-17,Backpack,Fashion,South,Karnataka,Bengaluru,2,42.79,0.173,70.77,7.98,4.7,4,Delivered,Net Banking,Consumer,2025,5,May,Q2,11.28
AMZ100174,CUST10386,2024-05-09,Backpack,Fashion,West,Maharashtra,Pune,2,41.97,0.149,0.0,0.0,4.0,3,Cancelled,Amazon Pay,Consumer,2024,5,May,Q2,0.0
AMZ100175,CUST10606,2024-05-11,Novel Collection,Books,West,Maharashtra,Mumbai,1,52.33,0.174,43.22,7.48,3.8,4,Delivered,Credit Card,Consumer,2024,5,May,Q2,17.31
AMZ100176,CUST10734,2025-08-19,Fitness Tracker,Sports,South,Telangana,Hyderabad,1,57.01,0.086,52.11,14.82,4.9,8,Delivered,Amazon Pay,Home Office,2025,8,Aug,Q3,28.44
AMZ100177,CUST10716,2025-04-26,Desk Organizer,Office,North,Haryana,Gurugram,2,21.27,0.11,0.0,0.0,3.7,6,Cancelled,Credit Card,Home Office,2025,4,Apr,Q2,0.0
AMZ100178,CUST10650,2025-01-24,Bluetooth Speaker,Electronics,South,Kerala,Kochi,2,67.96,0.025,132.52,-5.71,4.2,5,Returned,Credit Card,Home Office,2025,1,Jan,Q1,-4.31
AMZ100179,CUST10300,2025-08-15,USB-C Hub,Electronics,South,Tamil Nadu,Coimbatore,2,30.44,0.016,0.0,0.0,3.1,6,Cancelled,Amazon Pay,Home Office,2025,8,Aug,Q3,0.0
AMZ100180,CUST10395,2024-11-20,Laptop Pro 14,Electronics,North,Delhi,Delhi,1,909.33,0.076,840.22,-27.81,3.6,4,Returned,UPI,Consumer,2024,11,Nov,Q4,-3.31
AMZ100181,CUST10207,2024-03-09,Laptop Pro 14,Electronics,North,Haryana,Gurugram,1,930.19,0.022,0.0,0.0,4.2,6,Cancelled,Debit Card,Corporate,2024,3,Mar,Q1,0.0
AMZ100182,CUST10336,2025-10-21,Bluetooth Speaker,Electronics,West,Maharashtra,Pune,2,60.58,0.031,117.4,24.5,2.9,1,Delivered,Net Banking,Corporate,2025,10,Oct,Q4,20.87
AMZ100183,CUST10593,2025-03-23,Bluetooth Speaker,Electronics,North,Delhi,Delhi,2,63.81,0.244,96.48,8.97,5.0,5,Delivered,Net Banking,Home Office,2025,3,Mar,Q1,9.3
AMZ100184,CUST10730,2025-06-11,Novel Collection,Books,West,Maharashtra,Pune,3,52.01,0.012,154.16,49.03,,3,Delivered,Amazon Pay,Home Office,2025,6,Jun,Q2,31.8
AMZ100185,CUST10514,2025-09-08,Cotton T-Shirt,Fashion,North,Haryana,Gurugram,1,25.44,0.198,20.4,5.22,4.5,6,Delivered,Net Banking,Home Office,2025,9,Sep,Q3,25.59
AMZ100186,CUST10178,2024-06-13,Running Shoes,Sports,South,Karnataka,Bengaluru,1,71.07,0.082,65.24,23.02,3.8,4,Delivered,UPI,Consumer,2024,6,Jun,Q2,35.29
AMZ100187,CUST10396,2025-05-02,Smartphone X,Electronics,South,Kerala,Kochi,1,674.23,0.261,0.0,0.0,4.2,3,Cancelled,Credit Card,Consumer,2025,5,May,Q2,0.0
AMZ100188,CUST10371,2025-12-13,USB-C Hub,Electronics,West,Maharashtra,Pune,2,28.55,0.145,48.82,9.78,4.5,2,Delivered,Amazon Pay,Corporate,2025,12,Dec,Q4,20.03
AMZ100189,CUST10858,2025-12-09,Gaming Mouse,Electronics,North,Delhi,Delhi,1,41.29,0.092,37.49,3.54,3.7,2,Delivered,Net Banking,Home Office,2025,12,Dec,Q4,9.44
AMZ100190,CUST10791,2025-03-01,Smart Watch,Electronics,North,Delhi,Delhi,1,157.34,0.155,0.0,0.0,4.1,7,Cancelled,UPI,Consumer,2025,3,Mar,Q1,0.0
AMZ100191,CUST10658,2025-11-27,Running Shoes,Sports,West,Maharashtra,Pune,3,76.97,0.115,0.0,0.0,4.0,2,Cancelled,Debit Card,Home Office,2025,11,Nov,Q4,0.0
AMZ100192,CUST10318,2024-09-21,Mechanical Keyboard,Electronics,North,Rajasthan,Jaipur,1,96.26,0.169,79.99,-1.87,3.8,3,Returned,Amazon Pay,Consumer,2024,9,Sep,Q3,-2.34
AMZ100193,CUST10736,2025-09-03,Laptop Pro 14,Electronics,North,Haryana,Gurugram,2,862.44,0.034,0.0,0.0,4.6,6,Cancelled,Credit Card,Corporate,2025,9,Sep,Q3,0.0
AMZ100194,CUST10369,2024-12-07,Cookware Set,Home,North,Rajasthan,Jaipur,1,131.88,0.299,92.45,11.84,3.5,7,Delivered,Debit Card,Corporate,2024,12,Dec,Q4,12.81
AMZ100195,CUST10384,2025-12-26,Yoga Mat,Sports,East,West Bengal,Kolkata,2,28.27,0.128,49.3,-0.78,3.7,5,Returned,Amazon Pay,Corporate,2025,12,Dec,Q4,-1.58
AMZ100196,CUST10062,2024-10-04,Backpack,Fashion,North,Haryana,Gurugram,1,43.45,0.104,38.93,7.38,4.2,5,Delivered,Debit Card,Home Office,2024,10,Oct,Q4,18.96
AMZ100197,CUST10806,2025-11-04,Notebook Pack,Office,West,Maharashtra,Pune,2,16.76,0.213,26.38,-0.68,3.0,3,Returned,Debit Card,Home Office,2025,11,Nov,Q4,-2.58
AMZ100198,CUST10505,2025-03-14,Coffee Maker,Home,South,Tamil Nadu,Chennai,2,119.96,0.109,213.77,37.23,3.9,4,Delivered,Amazon Pay,Consumer,2025,3,Mar,Q1,17.42
AMZ100199,CUST10239,2024-06-05,Business Book,Books,West,Maharashtra,Pune,1,33.17,0.25,24.88,6.03,5.0,4,Delivered,Debit Card,Consumer,2024,6,Jun,Q2,24.24
AMZ100200,CUST10195,2025-02-25,Notebook Pack,Office,North,Rajasthan,Jaipur,1,16.18,0.136,13.98,-0.95,3.7,6,Delivered,Credit Card,Home Office,2025,2,Feb,Q1,-6.8
AMZ100201,CUST10678,2024-09-07,Running Shoes,Sports,South,Karnataka,Bengaluru,1,76.96,0.216,0.0,0.0,4.9,5,Cancelled,UPI,Consumer,2024,9,Sep,Q3,0.0
AMZ100202,CUST10222,2025-08-31,Novel Collection,Books,West,Maharashtra,Pune,1,56.14,0.032,54.34,19.78,5.0,2,Delivered,Debit Card,Corporate,2025,8,Aug,Q3,36.4
AMZ100203,CUST10061,2025-06-13,Desk Lamp,Home,West,Maharashtra,Pune,2,36.45,0.254,54.38,6.38,3.7,5,Delivered,Credit Card,Home Office,2025,6,Jun,Q2,11.73
AMZ100204,CUST10129,2024-11-22,Desk Lamp,Home,South,Karnataka,Bengaluru,1,41.06,0.221,31.99,-1.7,4.5,5,Returned,Debit Card,Consumer,2024,11,Nov,Q4,-5.31
AMZ100205,CUST10685,2024-04-06,Novel Collection,Books,West,Maharashtra,Pune,1,51.52,0.064,48.22,18.17,3.6,3,Delivered,Amazon Pay,Consumer,2024,4,Apr,Q2,37.68
AMZ100206,CUST10156,2025-05-27,Backpack,Fashion,West,Maharashtra,Mumbai,1,45.31,0.044,43.32,4.77,3.8,2,Delivered,Credit Card,Home Office,2025,5,May,Q2,11.01
AMZ100207,CUST10917,2024-08-03,USB-C Hub,Electronics,South,Tamil Nadu,Chennai,2,29.52,0.095,0.0,0.0,3.8,6,Cancelled,Debit Card,Corporate,2024,8,Aug,Q3,0.0
AMZ100208,CUST10378,2024-05-11,Wireless Headphones,Electronics,South,Telangana,Hyderabad,3,74.93,0.293,0.0,0.0,4.1,8,Cancelled,Net Banking,Home Office,2024,5,May,Q2,0.0
AMZ100209,CUST10622,2024-09-16,Smartphone X,Electronics,South,Tamil Nadu,Chennai,1,671.08,0.077,619.41,81.58,4.8,4,Delivered,UPI,Home Office,2024,9,Sep,Q3,13.17
AMZ100210,CUST10781,2024-05-04,Desk Lamp,Home,South,Tamil Nadu,Coimbatore,1,40.19,0.137,34.68,7.34,4.1,5,Delivered,Amazon Pay,Home Office,2024,5,May,Q2,21.16
AMZ100211,CUST10923,2024-03-22,Mechanical Keyboard,Electronics,South,Kerala,Kochi,1,98.8,0.009,97.91,10.82,3.6,1,Delivered,UPI,Corporate,2024,3,Mar,Q1,11.05
AMZ100212,CUST10868,2024-10-09,Desk Lamp,Home,West,Maharashtra,Pune,1,39.37,0.119,34.68,-1.61,3.9,3,Returned,UPI,Corporate,2024,10,Oct,Q4,-4.64
AMZ100213,CUST10903,2025-11-13,Notebook Pack,Office,West,Maharashtra,Mumbai,1,15.93,0.171,13.21,5.41,4.4,7,Delivered,Credit Card,Consumer,2025,11,Nov,Q4,40.95
AMZ100214,CUST10790,2024-02-28,Desk Lamp,Home,North,Haryana,Gurugram,1,35.9,0.286,25.63,3.32,4.0,4,Delivered,Debit Card,Corporate,2024,2,Feb,Q1,12.95
AMZ100215,CUST10586,2025-06-27,Desk Lamp,Home,West,Maharashtra,Pune,1,39.71,0.155,33.55,7.28,3.7,2,Delivered,Credit Card,Home Office,2025,6,Jun,Q2,21.7
AMZ100216,CUST10437,2024-06-09,Wireless Headphones,Electronics,North,Rajasthan,Jaipur,1,75.15,0.246,56.66,-0.19,3.9,2,Returned,Amazon Pay,Home Office,2024,6,Jun,Q2,-0.34
AMZ100217,CUST10207,2024-10-10,Wireless Headphones,Electronics,West,Maharashtra,Mumbai,1,78.04,0.164,65.24,-1.2,3.3,5,Returned,Debit Card,Home Office,2024,10,Oct,Q4,-1.84
AMZ100218,CUST10388,2024-04-15,Business Book,Books,South,Karnataka,Bengaluru,1,33.28,0.012,32.88,12.82,3.8,1,Delivered,Credit Card,Consumer,2024,4,Apr,Q2,38.99
AMZ100219,CUST10480,2024-04-14,Desk Organizer,Office,West,Maharashtra,Mumbai,1,23.56,0.095,21.32,14.08,3.2,4,Delivered,Credit Card,Home Office,2024,4,Apr,Q2,66.04
AMZ100220,CUST10791,2025-03-14,Mechanical Keyboard,Electronics,South,Tamil Nadu,Coimbatore,2,92.67,0.173,153.28,18.35,3.0,3,Delivered,Debit Card,Corporate,2025,3,Mar,Q1,11.97
AMZ100221,CUST10887,2024-08-15,Laptop Pro 14,Electronics,South,Karnataka,Bengaluru,1,961.08,0.285,0.0,0.0,4.9,3,Cancelled,UPI,Home Office,2024,8,Aug,Q3,0.0
AMZ100222,CUST10838,2025-11-30,Laptop Pro 14,Electronics,East,West Bengal,Kolkata,1,922.76,0.258,684.69,50.28,4.2,3,Delivered,UPI,Home Office,2025,11,Nov,Q4,7.34
AMZ100223,CUST10340,2025-08-04,Cookware Set,Home,South,Telangana,Hyderabad,1,130.11,0.069,121.13,21.71,4.2,5,Delivered,Debit Card,Corporate,2025,8,Aug,Q3,17.92
AMZ100224,CUST10869,2024-11-13,Wireless Headphones,Electronics,West,Gujarat,Ahmedabad,2,83.63,0.066,156.22,-5.19,3.9,4,Returned,UPI,Consumer,2024,11,Nov,Q4,-3.32
AMZ100225,CUST10340,2025-04-08,Data Science Book,Books,West,Maharashtra,Mumbai,2,49.23,0.06,92.55,-6.43,3.3,4,Returned,Net Banking,Home Office,2025,4,Apr,Q2,-6.95
AMZ100226,CUST10204,2025-08-21,Backpack,Fashion,North,Delhi,Delhi,1,42.17,0.277,30.49,9.89,4.0,3,Delivered,Credit Card,Home Office,2025,8,Aug,Q3,32.44
AMZ100227,CUST10161,2025-04-16,Gaming Mouse,Electronics,North,Rajasthan,Jaipur,1,42.65,0.256,31.73,-1.12,4.8,5,Returned,Net Banking,Consumer,2025,4,Apr,Q2,-3.53
AMZ100228,CUST10540,2024-02-25,Desk Organizer,Office,West,Maharashtra,Pune,1,22.26,0.232,17.1,0.22,3.2,3,Delivered,Net Banking,Home Office,2024,2,Feb,Q1,1.29
AMZ100229,CUST10392,2025-09-16,4K Smart TV,Electronics,North,Rajasthan,Jaipur,1,558.93,0.118,0.0,0.0,4.1,3,Cancelled,Amazon Pay,Corporate,2025,9,Sep,Q3,0.0
AMZ100230,CUST10769,2024-01-13,Desk Organizer,Office,South,Tamil Nadu,Chennai,1,23.47,0.151,19.93,6.86,3.3,4,Delivered,Net Banking,Consumer,2024,1,Jan,Q1,34.42
AMZ100231,CUST10677,2025-03-15,Fitness Tracker,Sports,West,Gujarat,Ahmedabad,1,58.55,0.139,50.41,9.05,4.1,6,Delivered,UPI,Corporate,2025,3,Mar,Q1,17.95
AMZ100232,CUST10575,2024-01-18,Notebook Pack,Office,South,Tamil Nadu,Chennai,1,15.66,0.076,14.47,1.07,4.1,6,Delivered,Net Banking,Consumer,2024,1,Jan,Q1,7.39
AMZ100233,CUST10534,2025-11-24,Desk Lamp,Home,East,West Bengal,Kolkata,1,40.13,0.152,34.03,5.62,3.9,4,Delivered,Amazon Pay,Corporate,2025,11,Nov,Q4,16.51
AMZ100234,CUST10070,2024-04-22,Gaming Mouse,Electronics,West,Gujarat,Ahmedabad,1,40.09,0.009,39.73,10.88,3.9,1,Delivered,Debit Card,Home Office,2024,4,Apr,Q2,27.38
AMZ100235,CUST10893,2024-08-16,Notebook Pack,Office,West,Gujarat,Ahmedabad,1,17.21,0.04,16.52,7.59,3.9,5,Delivered,Amazon Pay,Consumer,2024,8,Aug,Q3,45.94
AMZ100236,CUST10405,2024-06-19,Mechanical Keyboard,Electronics,South,Tamil Nadu,Chennai,1,90.43,0.266,66.38,10.93,3.8,2,Delivered,Credit Card,Corporate,2024,6,Jun,Q2,16.47
AMZ100237,CUST10608,2024-10-21,Novel Collection,Books,South,Karnataka,Bengaluru,1,57.18,0.226,44.26,-3.19,4.2,2,Returned,Credit Card,Consumer,2024,10,Oct,Q4,-7.21
AMZ100238,CUST10675,2024-07-07,Wireless Headphones,Electronics,South,Tamil Nadu,Coimbatore,1,73.12,0.127,63.83,-2.37,3.6,4,Returned,UPI,Corporate,2024,7,Jul,Q3,-3.71
AMZ100239,CUST10591,2025-03-01,Gaming Mouse,Electronics,South,Tamil Nadu,Chennai,2,40.95,0.155,69.21,1.91,4.0,4,Delivered,UPI,Corporate,2025,3,Mar,Q1,2.76
AMZ100240,CUST10517,2024-03-19,Business Book,Books,North,Rajasthan,Jaipur,1,35.24,0.111,31.33,8.45,4.2,7,Delivered,Net Banking,Corporate,2024,3,Mar,Q1,26.97
AMZ100241,CUST10828,2025-10-19,Fitness Tracker,Sports,South,Karnataka,Bengaluru,1,56.11,0.222,43.65,11.46,4.3,3,Delivered,UPI,Consumer,2025,10,Oct,Q4,26.25
AMZ100242,CUST10120,2024-06-30,Air Fryer,Home,North,Rajasthan,Jaipur,2,93.63,0.235,0.0,0.0,3.3,6,Cancelled,Net Banking,Consumer,2024,6,Jun,Q2,0.0
AMZ100243,CUST10814,2025-05-13,Air Fryer,Home,South,Tamil Nadu,Coimbatore,1,96.17,0.229,0.0,0.0,3.5,3,Cancelled,Debit Card,Corporate,2025,5,May,Q2,0.0
AMZ100244,CUST10690,2025-12-08,Laptop Pro 14,Electronics,East,West Bengal,Kolkata,1,964.2,0.217,754.97,65.62,5.0,3,Delivered,Debit Card,Consumer,2025,12,Dec,Q4,8.69
AMZ100245,CUST10688,2024-03-11,Running Shoes,Sports,West,Maharashtra,Pune,1,70.39,0.061,66.1,11.71,3.6,4,Delivered,UPI,Consumer,2024,3,Mar,Q1,17.72
AMZ100246,CUST10902,2024-09-04,Gaming Mouse,Electronics,South,Tamil Nadu,Coimbatore,2,41.62,0.101,74.83,-3.42,4.3,7,Returned,Amazon Pay,Home Office,2024,9,Sep,Q3,-4.57
AMZ100247,CUST10217,2024-05-25,Air Fryer,Home,South,Kerala,Kochi,2,93.85,0.141,161.23,-5.5,3.9,4,Returned,Amazon Pay,Corporate,2024,5,May,Q2,-3.41
AMZ100248,CUST10056,2025-09-09,Smartphone X,Electronics,North,Haryana,Gurugram,2,746.32,0.099,1344.87,161.08,4.4,3,Delivered,Net Banking,Home Office,2025,9,Sep,Q3,11.98
AMZ100249,CUST10366,2024-10-22,Novel Collection,Books,South,Karnataka,Bengaluru,1,51.81,0.226,40.1,5.35,3.1,7,Delivered,Amazon Pay,Consumer,2024,10,Oct,Q4,13.34
AMZ100250,CUST10699,2025-08-04,4K Smart TV,Electronics,East,West Bengal,Kolkata,1,536.85,0.099,0.0,0.0,4.9,5,Cancelled,Amazon Pay,Consumer,2025,8,Aug,Q3,0.0
AMZ100251,CUST10504,2025-04-14,Cookware Set,Home,South,Kerala,Kochi,1,129.61,0.041,124.3,24.8,3.9,3,Delivered,Debit Card,Corporate,2025,4,Apr,Q2,19.95
AMZ100252,CUST10744,2025-05-20,Smartphone X,Electronics,North,Delhi,Delhi,1,720.55,0.12,634.08,-17.95,3.3,5,Returned,Amazon Pay,Home Office,2025,5,May,Q2,-2.83
AMZ100253,CUST10767,2024-07-11,Cookware Set,Home,East,West Bengal,Kolkata,1,126.07,0.294,89.01,-2.06,4.2,3,Returned,Credit Card,Home Office,2024,7,Jul,Q3,-2.31
AMZ100254,CUST10925,2024-03-08,Novel Collection,Books,South,Tamil Nadu,Chennai,1,51.34,0.068,47.85,9.49,3.8,4,Delivered,Amazon Pay,Corporate,2024,3,Mar,Q1,19.83
AMZ100255,CUST10455,2025-05-08,USB-C Hub,Electronics,South,Tamil Nadu,Chennai,2,28.08,0.184,0.0,0.0,4.4,3,Cancelled,Debit Card,Consumer,2025,5,May,Q2,0.0
AMZ100256,CUST10104,2024-02-21,Novel Collection,Books,South,Tamil Nadu,Coimbatore,1,53.03,0.13,46.14,10.16,3.7,2,Delivered,Debit Card,Consumer,2024,2,Feb,Q1,22.02
AMZ100257,CUST10077,2024-12-28,Running Shoes,Sports,North,Haryana,Gurugram,1,72.77,0.021,71.24,16.09,,2,Delivered,Debit Card,Home Office,2024,12,Dec,Q4,22.59
AMZ100258,CUST10230,2025-04-18,Laptop Pro 14,Electronics,East,West Bengal,Kolkata,1,836.63,0.146,0.0,0.0,4.1,7,Cancelled,Debit Card,Corporate,2025,4,Apr,Q2,0.0
AMZ100259,CUST10914,2025-06-04,Smart Watch,Electronics,South,Telangana,Hyderabad,2,137.73,0.211,217.34,20.97,4.5,2,Delivered,Amazon Pay,Home Office,2025,6,Jun,Q2,9.65
AMZ100260,CUST10258,2025-03-06,USB-C Hub,Electronics,West,Maharashtra,Pune,2,30.79,0.154,52.1,2.34,3.2,4,Delivered,Credit Card,Home Office,2025,3,Mar,Q1,4.49
AMZ100261,CUST10264,2024-10-24,Office Chair,Home,South,Tamil Nadu,Coimbatore,1,188.06,0.262,138.79,-4.15,3.7,1,Returned,Debit Card,Corporate,2024,10,Oct,Q4,-2.99
AMZ100262,CUST10331,2025-03-10,Smart Watch,Electronics,South,Tamil Nadu,Chennai,1,138.57,0.087,126.51,15.7,4.0,8,Delivered,Debit Card,Consumer,2025,3,Mar,Q1,12.41
AMZ100263,CUST10182,2025-11-26,Laptop Pro 14,Electronics,North,Haryana,Gurugram,1,872.94,0.026,850.24,132.1,4.0,3,Delivered,Net Banking,Corporate,2025,11,Nov,Q4,15.54
AMZ100264,CUST10893,2025-11-21,Fitness Tracker,Sports,West,Maharashtra,Pune,2,60.82,0.281,87.46,-0.39,4.7,6,Returned,Amazon Pay,Corporate,2025,11,Nov,Q4,-0.45
AMZ100265,CUST10768,2024-07-16,Bluetooth Speaker,Electronics,East,West Bengal,Kolkata,1,67.68,0.113,60.03,5.79,3.1,3,Delivered,Credit Card,Consumer,2024,7,Jul,Q3,9.65
AMZ100266,CUST10550,2024-05-07,Bluetooth Speaker,Electronics,East,West Bengal,Kolkata,1,68.83,0.173,56.92,4.83,4.3,4,Delivered,UPI,Home Office,2024,5,May,Q2,8.49
AMZ100267,CUST10688,2025-06-15,Office Chair,Home,West,Gujarat,Ahmedabad,1,175.1,0.238,133.43,-3.52,4.1,3,Returned,Credit Card,Consumer,2025,6,Jun,Q2,-2.64
AMZ100268,CUST10027,2025-02-14,Desk Organizer,Office,North,Haryana,Gurugram,1,21.35,0.097,19.28,1.47,4.8,2,Delivered,Debit Card,Home Office,2025,2,Feb,Q1,7.62
AMZ100269,CUST10276,2024-03-05,Yoga Mat,Sports,South,Kerala,Kochi,2,29.87,0.215,46.9,-2.0,4.6,5,Returned,Amazon Pay,Corporate,2024,3,Mar,Q1,-4.26
AMZ100270,CUST10652,2025-11-24,Smartphone X,Electronics,South,Tamil Nadu,Chennai,1,667.31,0.041,639.95,94.78,4.6,4,Delivered,Net Banking,Consumer,2025,11,Nov,Q4,14.81
AMZ100271,CUST10299,2024-08-28,USB-C Hub,Electronics,South,Telangana,Hyderabad,1,29.77,0.087,27.18,0.22,3.8,6,Delivered,Amazon Pay,Corporate,2024,8,Aug,Q3,0.81
AMZ100272,CUST10799,2025-01-03,Air Fryer,Home,East,West Bengal,Kolkata,1,103.5,0.043,99.05,18.74,4.6,3,Delivered,Debit Card,Corporate,2025,1,Jan,Q1,18.92
AMZ100273,CUST10091,2025-06-19,Air Fryer,Home,South,Telangana,Hyderabad,1,95.36,0.243,72.19,3.24,4.0,3,Delivered,Credit Card,Home Office,2025,6,Jun,Q2,4.49
AMZ100274,CUST10480,2025-01-18,Bluetooth Speaker,Electronics,East,West Bengal,Kolkata,2,66.82,0.067,124.69,21.25,4.6,2,Delivered,UPI,Home Office,2025,1,Jan,Q1,17.04
AMZ100275,CUST10573,2025-03-06,Novel Collection,Books,South,Tamil Nadu,Chennai,1,55.98,0.215,43.94,15.32,3.0,3,Delivered,Net Banking,Home Office,2025,3,Mar,Q1,34.87
AMZ100276,CUST10458,2024-03-23,Desk Lamp,Home,West,Maharashtra,Pune,2,36.47,0.283,52.3,4.62,4.0,5,Delivered,UPI,Corporate,2024,3,Mar,Q1,8.83
AMZ100277,CUST10451,2025-11-27,Wireless Headphones,Electronics,West,Maharashtra,Mumbai,2,81.74,0.158,137.65,11.43,4.3,4,Delivered,UPI,Consumer,2025,11,Nov,Q4,8.3
AMZ100278,CUST10365,2025-09-02,Laptop Pro 14,Electronics,West,Maharashtra,Pune,1,905.2,0.162,758.56,78.21,4.2,4,Delivered,UPI,Home Office,2025,9,Sep,Q3,10.31
AMZ100279,CUST10859,2025-07-27,Air Fryer,Home,East,West Bengal,Kolkata,1,105.85,0.138,91.24,-3.77,3.5,5,Returned,Amazon Pay,Corporate,2025,7,Jul,Q3,-4.13
AMZ100280,CUST10675,2024-10-12,Backpack,Fashion,North,Rajasthan,Jaipur,1,46.96,0.098,42.36,-2.77,3.7,5,Returned,Amazon Pay,Home Office,2024,10,Oct,Q4,-6.54
AMZ100281,CUST10351,2025-06-17,Mechanical Keyboard,Electronics,West,Maharashtra,Mumbai,2,91.83,0.143,157.4,11.19,4.2,1,Delivered,Debit Card,Corporate,2025,6,Jun,Q2,7.11
AMZ100282,CUST10655,2025-04-03,Mechanical Keyboard,Electronics,South,Kerala,Kochi,1,92.32,0.181,75.61,-0.97,4.8,4,Returned,Credit Card,Consumer,2025,4,Apr,Q2,-1.28
AMZ100283,CUST10400,2024-07-30,Desk Organizer,Office,West,Maharashtra,Mumbai,1,21.07,0.296,14.83,-0.29,4.5,2,Returned,Debit Card,Consumer,2024,7,Jul,Q3,-1.96
AMZ100284,CUST10253,2024-05-05,Running Shoes,Sports,South,Telangana,Hyderabad,1,76.98,0.281,55.35,-0.47,4.1,2,Delivered,Credit Card,Corporate,2024,5,May,Q2,-0.85
AMZ100285,CUST10781,2025-02-16,Running Shoes,Sports,North,Haryana,Gurugram,2,67.38,0.259,99.86,13.22,3.5,4,Delivered,Amazon Pay,Corporate,2025,2,Feb,Q1,13.24
AMZ100286,CUST10881,2025-05-13,Smartphone X,Electronics,South,Telangana,Hyderabad,1,706.43,0.267,517.81,29.95,4.7,1,Delivered,Debit Card,Home Office,2025,5,May,Q2,5.78
AMZ100287,CUST10803,2025-02-28,Cookware Set,Home,South,Tamil Nadu,Coimbatore,1,130.47,0.14,112.2,-6.63,4.5,2,Returned,Amazon Pay,Home Office,2025,2,Feb,Q1,-5.91
AMZ100288,CUST10459,2025-07-07,Air Fryer,Home,South,Telangana,Hyderabad,1,101.41,0.197,81.43,7.22,3.6,3,Delivered,Net Banking,Corporate,2025,7,Jul,Q3,8.87
AMZ100289,CUST10699,2025-09-01,Air Fryer,Home,South,Kerala,Kochi,1,104.13,0.269,76.12,8.23,3.1,5,Delivered,Net Banking,Corporate,2025,9,Sep,Q3,10.81
AMZ100290,CUST10917,2025-06-26,Smartphone X,Electronics,North,Rajasthan,Jaipur,2,717.67,0.118,0.0,0.0,4.0,5,Cancelled,Debit Card,Home Office,2025,6,Jun,Q2,0.0
AMZ100291,CUST10499,2024-06-06,Novel Collection,Books,West,Maharashtra,Pune,1,52.25,0.289,37.15,4.51,3.7,1,Delivered,Debit Card,Corporate,2024,6,Jun,Q2,12.14
AMZ100292,CUST10950,2024-04-21,Notebook Pack,Office,West,Maharashtra,Pune,2,14.8,0.125,25.9,7.02,4.5,6,Delivered,Net Banking,Corporate,2024,4,Apr,Q2,27.1
AMZ100293,CUST10926,2025-02-05,Business Book,Books,North,Delhi,Delhi,1,32.3,0.18,26.49,13.65,3.6,8,Delivered,Credit Card,Home Office,2025,2,Feb,Q1,51.53
AMZ100294,CUST10508,2024-05-01,Notebook Pack,Office,East,West Bengal,Kolkata,1,17.2,0.213,13.54,7.8,4.4,3,Delivered,Credit Card,Home Office,2024,5,May,Q2,57.61
AMZ100295,CUST10304,2024-09-29,Laptop Pro 14,Electronics,North,Rajasthan,Jaipur,1,952.57,0.285,0.0,0.0,4.3,5,Cancelled,Debit Card,Corporate,2024,9,Sep,Q3,0.0
AMZ100296,CUST10501,2024-10-20,Notebook Pack,Office,North,Delhi,Delhi,1,15.66,0.073,14.52,8.38,2.9,4,Delivered,Debit Card,Consumer,2024,10,Oct,Q4,57.71
AMZ100297,CUST10803,2025-02-01,Novel Collection,Books,South,Tamil Nadu,Coimbatore,1,53.84,0.224,41.78,10.58,3.8,1,Delivered,Net Banking,Consumer,2025,2,Feb,Q1,25.32
AMZ100298,CUST10598,2025-04-15,Fitness Tracker,Sports,South,Tamil Nadu,Chennai,1,60.83,0.156,51.34,10.42,4.2,5,Delivered,Net Banking,Consumer,2025,4,Apr,Q2,20.3
AMZ100299,CUST10166,2024-07-25,Desk Lamp,Home,East,West Bengal,Kolkata,1,40.25,0.081,0.0,0.0,4.1,7,Cancelled,Debit Card,Consumer,2024,7,Jul,Q3,0.0
AMZ100300,CUST10415,2024-04-19,Smart Watch,Electronics,East,West Bengal,Kolkata,1,155.07,0.233,0.0,0.0,4.5,5,Cancelled,Net Banking,Corporate,2024,4,Apr,Q2,0.0
AMZ100301,CUST10462,2025-03-15,4K Smart TV,Electronics,West,Gujarat,Ahmedabad,1,523.09,0.166,436.26,45.89,4.4,7,Delivered,Amazon Pay,Consumer,2025,3,Mar,Q1,10.52
AMZ100302,CUST10920,2024-10-04,Gaming Mouse,Electronics,West,Gujarat,Ahmedabad,2,41.47,0.198,66.52,-1.03,3.4,1,Returned,Credit Card,Consumer,2024,10,Oct,Q4,-1.55
AMZ100303,CUST10114,2025-07-21,Smart Watch,Electronics,South,Karnataka,Bengaluru,1,146.1,0.097,131.93,-4.08,4.2,4,Returned,Amazon Pay,Corporate,2025,7,Jul,Q3,-3.09
AMZ100304,CUST10433,2025-07-22,Novel Collection,Books,South,Karnataka,Bengaluru,1,54.66,0.144,46.79,10.46,4.3,5,Delivered,Amazon Pay,Home Office,2025,7,Jul,Q3,22.36
AMZ100305,CUST10356,2025-04-26,Smartphone X,Electronics,South,Telangana,Hyderabad,1,650.42,0.185,530.09,55.9,4.3,7,Delivered,Credit Card,Home Office,2025,4,Apr,Q2,10.55
AMZ100306,CUST10928,2024-04-23,Air Fryer,Home,South,Tamil Nadu,Chennai,2,91.52,0.121,160.89,27.38,3.9,2,Delivered,Debit Card,Consumer,2024,4,Apr,Q2,17.02
AMZ100307,CUST10695,2025-04-21,Bluetooth Speaker,Electronics,West,Maharashtra,Mumbai,2,62.92,0.06,118.29,11.17,2.7,7,Delivered,Credit Card,Home Office,2025,4,Apr,Q2,9.44
AMZ100308,CUST10207,2025-12-10,Smartphone X,Electronics,West,Maharashtra,Mumbai,1,686.36,0.288,488.69,23.39,4.1,4,Delivered,UPI,Corporate,2025,12,Dec,Q4,4.79
AMZ100309,CUST10768,2024-11-16,Bluetooth Speaker,Electronics,West,Gujarat,Ahmedabad,2,67.02,0.153,113.53,16.14,4.1,4,Delivered,UPI,Corporate,2024,11,Nov,Q4,14.22
AMZ100310,CUST10235,2024-06-27,Office Chair,Home,West,Gujarat,Ahmedabad,1,178.93,0.22,139.57,18.23,4.4,6,Delivered,Net Banking,Consumer,2024,6,Jun,Q2,13.06
AMZ100311,CUST10442,2024-08-06,Sneakers,Fashion,West,Gujarat,Ahmedabad,1,66.96,0.123,58.72,18.27,4.4,5,Delivered,Debit Card,Home Office,2024,8,Aug,Q3,31.11
AMZ100312,CUST10355,2025-06-11,Office Chair,Home,North,Rajasthan,Jaipur,2,179.16,0.107,319.98,-13.89,3.9,8,Returned,UPI,Corporate,2025,6,Jun,Q2,-4.34
AMZ100313,CUST10515,2025-05-06,Wireless Headphones,Electronics,North,Haryana,Gurugram,2,76.73,0.122,134.74,18.34,4.3,3,Delivered,Amazon Pay,Consumer,2025,5,May,Q2,13.61
AMZ100314,CUST10208,2024-03-01,Business Book,Books,South,Karnataka,Bengaluru,1,33.36,0.123,29.26,3.54,4.1,4,Delivered,UPI,Corporate,2024,3,Mar,Q1,12.1
AMZ100315,CUST10709,2024-02-23,Smartphone X,Electronics,North,Rajasthan,Jaipur,2,740.86,0.163,1240.2,-32.35,4.0,3,Returned,Amazon Pay,Consumer,2024,2,Feb,Q1,-2.61
AMZ100316,CUST10853,2025-11-10,Air Fryer,Home,West,Maharashtra,Pune,1,97.48,0.163,81.59,6.17,3.6,1,Delivered,UPI,Home Office,2025,11,Nov,Q4,7.56
AMZ100317,CUST10125,2025-06-21,Running Shoes,Sports,West,Maharashtra,Mumbai,2,70.63,0.149,120.21,20.34,4.2,5,Delivered,UPI,Consumer,2025,6,Jun,Q2,16.92
AMZ100318,CUST10138,2024-03-05,4K Smart TV,Electronics,South,Tamil Nadu,Coimbatore,1,516.61,0.04,495.95,-17.31,3.9,6,Returned,Credit Card,Home Office,2024,3,Mar,Q1,-3.49
AMZ100319,CUST10339,2025-09-03,Laptop Pro 14,Electronics,South,Kerala,Kochi,1,884.56,0.149,752.76,84.92,4.4,3,Delivered,Net Banking,Corporate,2025,9,Sep,Q3,11.28
AMZ100320,CUST10537,2025-08-08,4K Smart TV,Electronics,East,West Bengal,Kolkata,1,510.69,0.051,484.64,73.6,3.1,1,Delivered,Debit Card,Home Office,2025,8,Aug,Q3,15.19
AMZ100321,CUST10068,2025-12-04,Laptop Pro 14,Electronics,South,Karnataka,Bengaluru,1,892.65,0.038,858.73,130.96,4.1,5,Delivered,UPI,Home Office,2025,12,Dec,Q4,15.25
AMZ100322,CUST10573,2024-06-19,Sneakers,Fashion,North,Delhi,Delhi,1,63.64,0.28,45.82,-2.92,4.2,7,Returned,Debit Card,Corporate,2024,6,Jun,Q2,-6.37
AMZ100323,CUST10541,2024-09-29,Data Science Book,Books,West,Maharashtra,Pune,1,44.32,0.181,36.3,-1.83,3.8,1,Returned,Credit Card,Consumer,2024,9,Sep,Q3,-5.04
AMZ100324,CUST10383,2025-11-29,Air Fryer,Home,South,Tamil Nadu,Coimbatore,1,92.75,0.198,0.0,0.0,4.9,3,Cancelled,Credit Card,Consumer,2025,11,Nov,Q4,0.0
AMZ100325,CUST10019,2025-06-18,Novel Collection,Books,South,Karnataka,Bengaluru,1,57.53,0.121,0.0,0.0,4.4,3,Cancelled,Amazon Pay,Home Office,2025,6,Jun,Q2,0.0
AMZ100326,CUST10683,2025-01-25,Notebook Pack,Office,South,Kerala,Kochi,1,15.35,0.273,11.16,4.72,3.9,6,Delivered,Amazon Pay,Consumer,2025,1,Jan,Q1,42.29
AMZ100327,CUST10450,2025-11-23,Smart Watch,Electronics,North,Rajasthan,Jaipur,1,154.88,0.191,125.3,8.26,4.0,2,Delivered,Net Banking,Corporate,2025,11,Nov,Q4,6.59
AMZ100328,CUST10074,2024-11-22,USB-C Hub,Electronics,South,Tamil Nadu,Chennai,1,27.21,0.231,20.92,5.65,4.2,5,Delivered,Credit Card,Home Office,2024,11,Nov,Q4,27.01
AMZ100329,CUST10573,2024-04-17,Smartphone X,Electronics,East,West Bengal,Kolkata,2,645.54,0.111,1147.77,143.35,5.0,6,Delivered,UPI,Corporate,2024,4,Apr,Q2,12.49
AMZ100330,CUST10939,2024-06-10,Desk Lamp,Home,South,Karnataka,Bengaluru,2,37.26,0.288,53.06,3.0,4.2,3,Delivered,Debit Card,Corporate,2024,6,Jun,Q2,5.65
AMZ100331,CUST10665,2025-03-27,Laptop Pro 14,Electronics,North,Haryana,Gurugram,2,930.53,0.246,1403.24,-22.88,4.2,8,Returned,Net Banking,Consumer,2025,3,Mar,Q1,-1.63
AMZ100332,CUST10276,2024-07-24,Air Fryer,Home,West,Gujarat,Ahmedabad,1,91.1,0.256,0.0,0.0,4.8,4,Cancelled,Debit Card,Home Office,2024,7,Jul,Q3,0.0
AMZ100333,CUST10048,2025-08-12,Backpack,Fashion,West,Gujarat,Ahmedabad,2,41.91,0.052,0.0,0.0,3.6,5,Cancelled,Net Banking,Corporate,2025,8,Aug,Q3,0.0
AMZ100334,CUST10211,2024-01-16,Cookware Set,Home,East,West Bengal,Kolkata,1,123.03,0.081,0.0,0.0,4.8,4,Cancelled,Amazon Pay,Corporate,2024,1,Jan,Q1,0.0
AMZ100335,CUST10855,2024-11-22,Business Book,Books,South,Kerala,Kochi,1,37.79,0.086,34.54,9.2,4.3,6,Delivered,Debit Card,Consumer,2024,11,Nov,Q4,26.64
AMZ100336,CUST10920,2025-08-30,Desk Organizer,Office,South,Tamil Nadu,Coimbatore,1,20.44,0.081,18.78,4.35,4.6,4,Delivered,Amazon Pay,Consumer,2025,8,Aug,Q3,23.16
AMZ100337,CUST10651,2025-10-20,Business Book,Books,North,Rajasthan,Jaipur,2,33.8,0.257,50.23,11.53,3.4,1,Delivered,Credit Card,Consumer,2025,10,Oct,Q4,22.95
AMZ100338,CUST10622,2024-01-02,Sneakers,Fashion,West,Gujarat,Ahmedabad,1,70.86,0.01,70.15,21.11,3.5,2,Delivered,UPI,Consumer,2024,1,Jan,Q1,30.09
AMZ100339,CUST10695,2024-01-10,Gaming Mouse,Electronics,South,Karnataka,Bengaluru,1,44.45,0.023,43.43,3.63,5.0,1,Delivered,Credit Card,Home Office,2024,1,Jan,Q1,8.36
AMZ100340,CUST10540,2025-03-09,Gaming Mouse,Electronics,North,Delhi,Delhi,1,43.99,0.082,40.38,0.84,3.9,3,Delivered,UPI,Corporate,2025,3,Mar,Q1,2.08
AMZ100341,CUST10709,2024-05-04,Cotton T-Shirt,Fashion,West,Maharashtra,Mumbai,2,23.3,0.06,43.8,12.47,4.1,4,Delivered,Debit Card,Corporate,2024,5,May,Q2,28.47
AMZ100342,CUST10191,2024-03-21,Cookware Set,Home,West,Maharashtra,Mumbai,1,121.63,0.07,0.0,0.0,4.6,4,Cancelled,Credit Card,Consumer,2024,3,Mar,Q1,0.0
AMZ100343,CUST10315,2025-04-29,Business Book,Books,West,Maharashtra,Pune,1,33.98,0.239,25.86,0.72,3.6,5,Delivered,UPI,Home Office,2025,4,Apr,Q2,2.78
AMZ100344,CUST10901,2025-10-13,Smart Watch,Electronics,South,Tamil Nadu,Coimbatore,1,146.99,0.169,0.0,0.0,3.5,4,Cancelled,Credit Card,Home Office,2025,10,Oct,Q4,0.0
AMZ100345,CUST10563,2024-05-29,Wireless Headphones,Electronics,South,Telangana,Hyderabad,1,73.88,0.002,73.73,17.57,4.7,6,Delivered,Debit Card,Corporate,2024,5,May,Q2,23.83
AMZ100346,CUST10661,2024-12-05,Data Science Book,Books,South,Tamil Nadu,Chennai,1,46.29,0.129,40.32,-1.85,3.6,5,Returned,Net Banking,Consumer,2024,12,Dec,Q4,-4.59
AMZ100347,CUST10780,2024-05-08,Laptop Pro 14,Electronics,East,West Bengal,Kolkata,1,840.86,0.122,738.28,81.34,4.8,4,Delivered,Amazon Pay,Consumer,2024,5,May,Q2,11.02
AMZ100348,CUST10562,2025-03-13,Coffee Maker,Home,West,Maharashtra,Pune,2,112.18,0.034,216.73,-9.29,3.6,4,Returned,Amazon Pay,Home Office,2025,3,Mar,Q1,-4.29
AMZ100349,CUST10900,2025-05-15,Laptop Pro 14,Electronics,South,Telangana,Hyderabad,1,882.99,0.203,703.74,67.16,4.6,4,Delivered,Net Banking,Consumer,2025,5,May,Q2,9.54
AMZ100350,CUST10758,2024-02-27,Mechanical Keyboard,Electronics,North,Rajasthan,Jaipur,1,100.77,0.211,79.51,6.29,4.4,7,Delivered,UPI,Home Office,2024,2,Feb,Q1,7.91
AMZ100351,CUST10113,2024-07-16,Air Fryer,Home,North,Haryana,Gurugram,1,94.5,0.216,74.09,-2.82,3.6,2,Returned,Credit Card,Consumer,2024,7,Jul,Q3,-3.81
AMZ100352,CUST10170,2024-07-29,Cookware Set,Home,North,Haryana,Gurugram,1,133.32,0.219,104.12,14.69,3.9,2,Delivered,Credit Card,Consumer,2024,7,Jul,Q3,14.11
AMZ100353,CUST10468,2024-02-14,4K Smart TV,Electronics,South,Tamil Nadu,Chennai,1,572.03,0.0,572.03,-23.71,4.1,5,Returned,Debit Card,Corporate,2024,2,Feb,Q1,-4.14
AMZ100354,CUST10678,2024-04-06,Smartphone X,Electronics,South,Tamil Nadu,Coimbatore,1,709.61,0.286,0.0,0.0,3.8,6,Cancelled,Amazon Pay,Home Office,2024,4,Apr,Q2,0.0
AMZ100355,CUST10921,2024-10-05,Desk Lamp,Home,West,Gujarat,Ahmedabad,1,39.17,0.244,29.61,2.68,4.3,4,Delivered,UPI,Corporate,2024,10,Oct,Q4,9.05
AMZ100356,CUST10014,2025-06-18,Desk Lamp,Home,South,Karnataka,Bengaluru,2,41.18,0.271,60.04,10.71,3.7,4,Delivered,Net Banking,Consumer,2025,6,Jun,Q2,17.84
AMZ100357,CUST10715,2025-02-13,Backpack,Fashion,West,Maharashtra,Pune,1,46.0,0.005,45.77,12.02,4.1,3,Delivered,UPI,Corporate,2025,2,Feb,Q1,26.26
AMZ100358,CUST10288,2025-04-05,Sneakers,Fashion,West,Maharashtra,Pune,1,72.26,0.28,52.03,20.6,4.5,3,Delivered,Credit Card,Home Office,2025,4,Apr,Q2,39.59
AMZ100359,CUST10907,2025-01-25,Data Science Book,Books,East,West Bengal,Kolkata,2,45.86,0.243,69.43,23.03,4.0,4,Delivered,Amazon Pay,Corporate,2025,1,Jan,Q1,33.17
AMZ100360,CUST10189,2024-02-13,Gaming Mouse,Electronics,East,West Bengal,Kolkata,1,39.48,0.251,29.57,3.01,3.9,3,Delivered,Credit Card,Consumer,2024,2,Feb,Q1,10.18
AMZ100361,CUST10914,2024-01-27,Smartphone X,Electronics,North,Haryana,Gurugram,2,666.63,0.028,1295.93,189.38,4.1,1,Delivered,UPI,Home Office,2024,1,Jan,Q1,14.61
AMZ100362,CUST10155,2024-04-06,Running Shoes,Sports,North,Haryana,Gurugram,1,69.81,0.222,0.0,0.0,3.4,5,Cancelled,Amazon Pay,Consumer,2024,4,Apr,Q2,0.0
AMZ100363,CUST10567,2025-07-01,Mechanical Keyboard,Electronics,South,Tamil Nadu,Coimbatore,1,87.62,0.288,0.0,0.0,4.4,1,Cancelled,Credit Card,Corporate,2025,7,Jul,Q3,0.0
AMZ100364,CUST10694,2025-09-12,Notebook Pack,Office,South,Kerala,Kochi,2,16.98,0.204,27.03,-0.67,4.0,1,Returned,UPI,Home Office,2025,9,Sep,Q3,-2.48
AMZ100365,CUST10722,2025-07-20,Desk Lamp,Home,North,Delhi,Delhi,1,38.79,0.171,0.0,0.0,3.6,5,Cancelled,Debit Card,Corporate,2025,7,Jul,Q3,0.0
AMZ100366,CUST10888,2025-12-04,Sneakers,Fashion,North,Delhi,Delhi,1,64.17,0.284,0.0,0.0,4.0,4,Cancelled,Credit Card,Corporate,2025,12,Dec,Q4,0.0
AMZ100367,CUST10471,2024-08-06,Data Science Book,Books,South,Kerala,Kochi,2,46.4,0.133,80.46,19.85,4.1,5,Delivered,UPI,Home Office,2024,8,Aug,Q3,24.67
AMZ100368,CUST10075,2024-07-03,Smartphone X,Electronics,West,Gujarat,Ahmedabad,1,684.64,0.18,0.0,0.0,3.2,7,Cancelled,Net Banking,Corporate,2024,7,Jul,Q3,0.0
AMZ100369,CUST10277,2024-03-09,Laptop Pro 14,Electronics,North,Delhi,Delhi,1,881.31,0.143,755.28,-20.93,3.8,5,Returned,UPI,Corporate,2024,3,Mar,Q1,-2.77
AMZ100370,CUST10940,2024-05-09,Novel Collection,Books,South,Tamil Nadu,Coimbatore,1,51.39,0.28,0.0,0.0,4.1,2,Cancelled,UPI,Corporate,2024,5,May,Q2,0.0
AMZ100371,CUST10645,2025-07-20,Data Science Book,Books,South,Karnataka,Bengaluru,2,46.05,0.023,0.0,0.0,4.2,2,Cancelled,Amazon Pay,Home Office,2025,7,Jul,Q3,0.0
AMZ100372,CUST10343,2025-08-31,Desk Organizer,Office,South,Karnataka,Bengaluru,2,22.32,0.15,37.94,11.42,3.9,2,Delivered,Credit Card,Consumer,2025,8,Aug,Q3,30.1
AMZ100373,CUST10425,2025-08-21,Laptop Pro 14,Electronics,West,Maharashtra,Pune,1,951.02,0.206,755.11,68.11,3.8,3,Delivered,Credit Card,Consumer,2025,8,Aug,Q3,9.02
AMZ100374,CUST10571,2025-09-22,Smartphone X,Electronics,West,Maharashtra,Mumbai,1,715.98,0.238,545.58,41.39,4.2,5,Delivered,UPI,Consumer,2025,9,Sep,Q3,7.59
AMZ100375,CUST10511,2025-12-20,Office Chair,Home,South,Kerala,Kochi,2,187.22,0.175,0.0,0.0,4.0,3,Cancelled,Credit Card,Corporate,2025,12,Dec,Q4,0.0
AMZ100376,CUST10857,2024-11-29,Bluetooth Speaker,Electronics,South,Karnataka,Bengaluru,1,65.07,0.273,47.31,7.92,3.7,4,Delivered,Debit Card,Home Office,2024,11,Nov,Q4,16.74
AMZ100377,CUST10182,2024-06-02,Yoga Mat,Sports,South,Telangana,Hyderabad,1,29.93,0.283,21.46,4.31,4.1,7,Delivered,UPI,Home Office,2024,6,Jun,Q2,20.08
AMZ100378,CUST10458,2025-06-30,Business Book,Books,North,Haryana,Gurugram,1,34.09,0.019,33.44,13.53,4.5,2,Delivered,Amazon Pay,Home Office,2025,6,Jun,Q2,40.46
AMZ100379,CUST10918,2024-03-19,Smartphone X,Electronics,East,West Bengal,Kolkata,2,728.29,0.121,0.0,0.0,3.9,2,Cancelled,Debit Card,Home Office,2024,3,Mar,Q1,0.0
AMZ100380,CUST10851,2025-08-01,Smart Watch,Electronics,South,Tamil Nadu,Coimbatore,2,146.12,0.007,290.19,46.38,3.6,3,Delivered,Net Banking,Consumer,2025,8,Aug,Q3,15.98
AMZ100381,CUST10833,2025-02-16,Sneakers,Fashion,North,Delhi,Delhi,1,68.58,0.099,61.79,-2.66,3.7,2,Returned,Debit Card,Home Office,2025,2,Feb,Q1,-4.3
AMZ100382,CUST10064,2025-06-29,Notebook Pack,Office,South,Kerala,Kochi,1,15.41,0.161,0.0,0.0,4.3,4,Cancelled,Credit Card,Corporate,2025,6,Jun,Q2,0.0
AMZ100383,CUST10839,2025-08-31,Office Chair,Home,West,Maharashtra,Pune,1,167.66,0.273,121.89,14.82,5.0,7,Delivered,Debit Card,Corporate,2025,8,Aug,Q3,12.16
AMZ100384,CUST10260,2024-06-17,Coffee Maker,Home,South,Tamil Nadu,Chennai,1,120.43,0.254,89.84,12.26,3.4,3,Delivered,Credit Card,Corporate,2024,6,Jun,Q2,13.65
AMZ100385,CUST10193,2025-11-11,Business Book,Books,East,West Bengal,Kolkata,1,32.56,0.038,31.32,21.83,4.0,2,Delivered,UPI,Corporate,2025,11,Nov,Q4,69.7
AMZ100386,CUST10655,2025-10-24,Desk Organizer,Office,South,Telangana,Hyderabad,2,20.91,0.028,40.65,-1.85,3.1,6,Returned,Debit Card,Corporate,2025,10,Oct,Q4,-4.55
AMZ100387,CUST10616,2025-08-05,Wireless Headphones,Electronics,North,Delhi,Delhi,1,74.38,0.177,61.21,-1.77,3.7,4,Returned,UPI,Home Office,2025,8,Aug,Q3,-2.89
AMZ100388,CUST10406,2025-05-29,Yoga Mat,Sports,South,Telangana,Hyderabad,2,29.94,0.16,50.3,9.9,3.6,6,Delivered,Amazon Pay,Consumer,2025,5,May,Q2,19.68
AMZ100389,CUST10726,2024-11-09,Wireless Headphones,Electronics,North,Haryana,Gurugram,1,79.62,0.08,73.25,14.29,3.3,8,Delivered,Credit Card,Corporate,2024,11,Nov,Q4,19.51
AMZ100390,CUST10754,2024-02-01,Desk Lamp,Home,North,Haryana,Gurugram,1,41.13,0.27,30.02,11.32,3.0,3,Delivered,Credit Card,Home Office,2024,2,Feb,Q1,37.71
AMZ100391,CUST10943,2024-10-13,Smart Watch,Electronics,South,Tamil Nadu,Coimbatore,1,156.12,0.278,112.72,9.52,4.2,1,Delivered,Debit Card,Home Office,2024,10,Oct,Q4,8.45
AMZ100392,CUST10721,2025-08-16,Laptop Pro 14,Electronics,West,Gujarat,Ahmedabad,1,961.05,0.121,844.76,100.87,3.5,2,Delivered,Debit Card,Corporate,2025,8,Aug,Q3,11.94
AMZ100393,CUST10093,2024-02-12,Running Shoes,Sports,West,Maharashtra,Pune,1,68.4,0.267,50.14,7.79,3.7,3,Delivered,Amazon Pay,Consumer,2024,2,Feb,Q1,15.54
AMZ100394,CUST10430,2025-09-08,Fitness Tracker,Sports,East,West Bengal,Kolkata,3,56.94,0.115,151.18,28.82,3.8,4,Delivered,Net Banking,Corporate,2025,9,Sep,Q3,19.06
AMZ100395,CUST10654,2024-01-01,Business Book,Books,North,Rajasthan,Jaipur,2,36.23,0.221,56.45,15.09,4.3,4,Delivered,Credit Card,Corporate,2024,1,Jan,Q1,26.73
AMZ100396,CUST10434,2025-07-26,Air Fryer,Home,North,Rajasthan,Jaipur,1,102.16,0.143,87.55,-2.6,4.6,6,Returned,Amazon Pay,Corporate,2025,7,Jul,Q3,-2.97
AMZ100397,CUST10404,2024-09-26,USB-C Hub,Electronics,East,West Bengal,Kolkata,1,27.84,0.037,26.81,1.16,4.2,6,Delivered,Credit Card,Corporate,2024,9,Sep,Q3,4.33
AMZ100398,CUST10434,2024-06-28,Yoga Mat,Sports,South,Tamil Nadu,Chennai,2,27.21,0.278,0.0,0.0,3.9,2,Cancelled,Net Banking,Home Office,2024,6,Jun,Q2,0.0
AMZ100399,CUST10112,2025-06-01,Desk Organizer,Office,South,Tamil Nadu,Coimbatore,1,23.69,0.136,0.0,0.0,3.9,1,Cancelled,Amazon Pay,Corporate,2025,6,Jun,Q2,0.0
AMZ100400,CUST10929,2024-04-12,Smartphone X,Electronics,West,Maharashtra,Pune,1,646.3,0.22,504.11,-8.94,3.0,7,Returned,Net Banking,Home Office,2024,4,Apr,Q2,-1.77
AMZ100401,CUST10375,2024-01-10,Office Chair,Home,South,Telangana,Hyderabad,1,174.69,0.11,155.47,25.48,4.2,7,Delivered,Credit Card,Home Office,2024,1,Jan,Q1,16.39
AMZ100402,CUST10059,2025-08-05,Bluetooth Speaker,Electronics,South,Tamil Nadu,Chennai,2,65.22,0.006,129.66,17.91,4.1,4,Delivered,Credit Card,Home Office,2025,8,Aug,Q3,13.81
AMZ100403,CUST10043,2024-03-30,Notebook Pack,Office,West,Maharashtra,Mumbai,1,15.77,0.03,15.3,5.81,4.3,3,Delivered,UPI,Home Office,2024,3,Mar,Q1,37.97
AMZ100404,CUST10207,2024-08-13,Cotton T-Shirt,Fashion,East,West Bengal,Kolkata,1,24.41,0.149,20.77,3.29,4.1,1,Delivered,Credit Card,Corporate,2024,8,Aug,Q3,15.84
AMZ100405,CUST10780,2025-10-31,USB-C Hub,Electronics,South,Telangana,Hyderabad,2,28.3,0.207,44.88,2.13,3.8,3,Delivered,Amazon Pay,Home Office,2025,10,Oct,Q4,4.75
AMZ100406,CUST10296,2024-05-05,Bluetooth Speaker,Electronics,North,Rajasthan,Jaipur,1,62.48,0.1,56.23,-1.48,3.7,3,Returned,Net Banking,Home Office,2024,5,May,Q2,-2.63
AMZ100407,CUST10118,2024-07-27,4K Smart TV,Electronics,South,Karnataka,Bengaluru,1,525.55,0.209,415.71,-9.88,2.3,3,Returned,UPI,Home Office,2024,7,Jul,Q3,-2.38
AMZ100408,CUST10532,2024-04-06,Cotton T-Shirt,Fashion,South,Kerala,Kochi,1,22.35,0.21,17.66,5.45,3.7,5,Delivered,Net Banking,Corporate,2024,4,Apr,Q2,30.86
AMZ100409,CUST10222,2024-03-14,Novel Collection,Books,West,Gujarat,Ahmedabad,2,58.13,0.211,91.73,28.37,3.7,2,Delivered,Net Banking,Home Office,2024,3,Mar,Q1,30.93
AMZ100410,CUST10166,2025-09-18,Laptop Pro 14,Electronics,North,Rajasthan,Jaipur,1,951.46,0.148,810.64,-22.57,3.8,2,Returned,UPI,Home Office,2025,9,Sep,Q3,-2.78
AMZ100411,CUST10643,2024-07-09,Smart Watch,Electronics,West,Maharashtra,Pune,3,152.07,0.274,0.0,0.0,4.1,6,Cancelled,Net Banking,Home Office,2024,7,Jul,Q3,0.0
AMZ100412,CUST10156,2025-11-12,Sneakers,Fashion,North,Haryana,Gurugram,1,67.36,0.147,57.46,23.54,5.0,6,Delivered,Credit Card,Consumer,2025,11,Nov,Q4,40.97
AMZ100413,CUST10184,2025-12-16,Air Fryer,Home,South,Kerala,Kochi,1,102.24,0.135,88.44,25.81,4.5,1,Delivered,Amazon Pay,Corporate,2025,12,Dec,Q4,29.18
AMZ100414,CUST10090,2024-02-25,Sneakers,Fashion,South,Kerala,Kochi,3,66.37,0.06,187.16,-12.59,4.9,4,Returned,Amazon Pay,Home Office,2024,2,Feb,Q1,-6.73
AMZ100415,CUST10094,2025-12-20,Backpack,Fashion,South,Karnataka,Bengaluru,1,47.2,0.092,42.86,9.68,4.9,3,Delivered,Debit Card,Consumer,2025,12,Dec,Q4,22.59
AMZ100416,CUST10013,2025-07-06,Cookware Set,Home,West,Gujarat,Ahmedabad,1,134.23,0.013,132.49,32.41,4.0,4,Delivered,Amazon Pay,Consumer,2025,7,Jul,Q3,24.46
AMZ100417,CUST10834,2024-02-01,Desk Organizer,Office,West,Gujarat,Ahmedabad,1,21.76,0.19,17.63,3.2,4.0,6,Delivered,Credit Card,Home Office,2024,2,Feb,Q1,18.15
AMZ100418,CUST10805,2025-06-10,Coffee Maker,Home,West,Maharashtra,Mumbai,1,113.47,0.075,0.0,0.0,4.4,1,Cancelled,Net Banking,Home Office,2025,6,Jun,Q2,0.0
AMZ100419,CUST10945,2025-07-27,Wireless Headphones,Electronics,West,Maharashtra,Mumbai,1,81.51,0.091,74.09,9.52,4.1,8,Delivered,Debit Card,Consumer,2025,7,Jul,Q3,12.85
AMZ100420,CUST10742,2025-10-28,Wireless Headphones,Electronics,North,Delhi,Delhi,1,75.61,0.231,58.14,5.45,3.5,4,Delivered,Amazon Pay,Home Office,2025,10,Oct,Q4,9.37
AMZ100421,CUST10834,2024-10-10,Desk Organizer,Office,North,Rajasthan,Jaipur,1,22.72,0.098,20.49,11.58,3.7,2,Delivered,UPI,Corporate,2024,10,Oct,Q4,56.52
AMZ100422,CUST10804,2025-12-21,Business Book,Books,North,Rajasthan,Jaipur,2,35.19,0.073,65.24,22.65,4.5,4,Delivered,Debit Card,Corporate,2025,12,Dec,Q4,34.72
AMZ100423,CUST10438,2025-05-08,Cookware Set,Home,North,Rajasthan,Jaipur,1,128.5,0.051,121.95,-5.31,3.5,5,Returned,Debit Card,Home Office,2025,5,May,Q2,-4.35
AMZ100424,CUST10538,2024-07-05,Bluetooth Speaker,Electronics,North,Delhi,Delhi,3,62.28,0.232,143.49,9.21,3.3,3,Delivered,Net Banking,Home Office,2024,7,Jul,Q3,6.42
AMZ100425,CUST10587,2025-05-12,Business Book,Books,South,Tamil Nadu,Coimbatore,1,32.47,0.039,31.2,17.04,4.7,7,Delivered,Credit Card,Consumer,2025,5,May,Q2,54.62
AMZ100426,CUST10876,2025-03-17,Business Book,Books,South,Tamil Nadu,Chennai,1,34.28,0.136,29.62,4.56,3.8,3,Delivered,Credit Card,Corporate,2025,3,Mar,Q1,15.4
AMZ100427,CUST10936,2024-05-09,Desk Lamp,Home,West,Gujarat,Ahmedabad,1,38.95,0.152,33.03,3.39,4.6,6,Delivered,Net Banking,Corporate,2024,5,May,Q2,10.26
AMZ100428,CUST10811,2025-09-30,Novel Collection,Books,South,Karnataka,Bengaluru,1,53.34,0.206,42.35,-2.03,3.4,4,Returned,UPI,Home Office,2025,9,Sep,Q3,-4.79
AMZ100429,CUST10150,2024-10-18,Yoga Mat,Sports,West,Maharashtra,Pune,1,26.18,0.19,21.21,-0.82,4.2,4,Delivered,Net Banking,Consumer,2024,10,Oct,Q4,-3.87
AMZ100430,CUST10660,2024-04-23,Gaming Mouse,Electronics,West,Gujarat,Ahmedabad,2,38.79,0.243,58.73,6.53,5.0,6,Delivered,Amazon Pay,Home Office,2024,4,Apr,Q2,11.12
AMZ100431,CUST10008,2024-07-17,Coffee Maker,Home,West,Maharashtra,Mumbai,2,127.59,0.013,251.86,48.5,4.3,3,Delivered,Amazon Pay,Corporate,2024,7,Jul,Q3,19.26
AMZ100432,CUST10029,2024-01-13,Business Book,Books,South,Kerala,Kochi,3,36.6,0.089,0.0,0.0,2.4,5,Cancelled,Debit Card,Consumer,2024,1,Jan,Q1,0.0
AMZ100433,CUST10296,2024-09-27,Fitness Tracker,Sports,South,Telangana,Hyderabad,1,63.01,0.084,57.72,7.37,3.9,5,Delivered,UPI,Home Office,2024,9,Sep,Q3,12.77
AMZ100434,CUST10926,2025-08-23,Mechanical Keyboard,Electronics,North,Haryana,Gurugram,2,87.56,0.044,167.41,22.62,4.2,4,Delivered,Net Banking,Consumer,2025,8,Aug,Q3,13.51
AMZ100435,CUST10721,2024-08-02,Laptop Pro 14,Electronics,North,Delhi,Delhi,1,832.57,0.087,760.14,-23.7,3.7,4,Returned,Net Banking,Corporate,2024,8,Aug,Q3,-3.12
AMZ100436,CUST10640,2025-03-19,Smart Watch,Electronics,East,West Bengal,Kolkata,1,143.33,0.093,130.0,12.52,4.0,4,Delivered,Credit Card,Consumer,2025,3,Mar,Q1,9.63
AMZ100437,CUST10340,2025-05-26,Data Science Book,Books,South,Telangana,Hyderabad,2,45.89,0.157,77.37,17.56,4.9,6,Delivered,Amazon Pay,Corporate,2025,5,May,Q2,22.7
AMZ100438,CUST10628,2025-03-22,Backpack,Fashion,West,Maharashtra,Pune,1,47.36,0.199,37.94,11.52,5.0,3,Delivered,Debit Card,Consumer,2025,3,Mar,Q1,30.36
AMZ100439,CUST10439,2025-12-15,Backpack,Fashion,North,Rajasthan,Jaipur,1,42.72,0.114,37.85,6.27,3.3,4,Delivered,Net Banking,Home Office,2025,12,Dec,Q4,16.57
AMZ100440,CUST10144,2024-03-14,Mechanical Keyboard,Electronics,West,Maharashtra,Mumbai,1,100.45,0.216,78.75,5.74,4.4,3,Delivered,UPI,Consumer,2024,3,Mar,Q1,7.29
AMZ100441,CUST10942,2025-06-20,USB-C Hub,Electronics,West,Maharashtra,Mumbai,1,30.41,0.101,27.34,-2.57,3.9,5,Returned,Debit Card,Consumer,2025,6,Jun,Q2,-9.4
AMZ100442,CUST10830,2024-04-10,4K Smart TV,Electronics,West,Maharashtra,Mumbai,2,529.13,0.087,966.19,125.21,3.4,2,Delivered,Amazon Pay,Corporate,2024,4,Apr,Q2,12.96
AMZ100443,CUST10747,2024-06-24,Gaming Mouse,Electronics,North,Rajasthan,Jaipur,1,42.69,0.162,35.77,-1.38,3.8,4,Returned,Debit Card,Consumer,2024,6,Jun,Q2,-3.86
AMZ100444,CUST10519,2025-03-02,Cotton T-Shirt,Fashion,East,West Bengal,Kolkata,3,23.01,0.007,68.55,-3.48,3.5,4,Returned,Credit Card,Home Office,2025,3,Mar,Q1,-5.08
AMZ100445,CUST10045,2024-04-26,Novel Collection,Books,North,Delhi,Delhi,1,58.26,0.024,56.86,20.53,4.3,1,Delivered,Debit Card,Home Office,2024,4,Apr,Q2,36.11
AMZ100446,CUST10239,2024-06-14,Coffee Maker,Home,South,Telangana,Hyderabad,1,112.13,0.125,98.11,20.21,3.9,1,Delivered,UPI,Consumer,2024,6,Jun,Q2,20.6
AMZ100447,CUST10944,2024-02-10,Smartphone X,Electronics,North,Rajasthan,Jaipur,1,688.4,0.283,493.58,-8.55,3.7,2,Returned,Net Banking,Corporate,2024,2,Feb,Q1,-1.73
AMZ100448,CUST10155,2025-03-04,Desk Organizer,Office,West,Maharashtra,Pune,1,21.01,0.216,16.47,-0.98,3.8,6,Returned,Net Banking,Home Office,2025,3,Mar,Q1,-5.95
AMZ100449,CUST10181,2024-12-09,Smart Watch,Electronics,North,Delhi,Delhi,1,144.96,0.026,141.19,19.05,4.6,2,Delivered,UPI,Consumer,2024,12,Dec,Q4,13.49
AMZ100450,CUST10215,2025-02-27,Novel Collection,Books,West,Maharashtra,Pune,2,55.13,0.254,82.25,17.26,3.9,2,Delivered,UPI,Home Office,2025,2,Feb,Q1,20.98
AMZ100451,CUST10088,2024-12-31,Air Fryer,Home,North,Delhi,Delhi,2,105.49,0.22,164.56,20.41,3.5,6,Delivered,Credit Card,Consumer,2024,12,Dec,Q4,12.4
AMZ100452,CUST10256,2024-04-29,Cotton T-Shirt,Fashion,East,West Bengal,Kolkata,2,23.72,0.183,0.0,0.0,4.3,7,Cancelled,Net Banking,Consumer,2024,4,Apr,Q2,0.0
AMZ100453,CUST10511,2025-08-31,Office Chair,Home,North,Haryana,Gurugram,2,192.82,0.246,290.77,34.75,4.0,3,Delivered,UPI,Consumer,2025,8,Aug,Q3,11.95
AMZ100454,CUST10073,2025-10-18,Yoga Mat,Sports,West,Maharashtra,Pune,2,28.39,0.121,49.91,-3.0,3.4,5,Returned,Debit Card,Home Office,2025,10,Oct,Q4,-6.01
AMZ100455,CUST10931,2025-12-28,Cookware Set,Home,North,Rajasthan,Jaipur,1,129.51,0.066,120.96,21.67,4.8,8,Delivered,Net Banking,Consumer,2025,12,Dec,Q4,17.92
AMZ100456,CUST10179,2024-08-16,Desk Lamp,Home,North,Delhi,Delhi,2,41.92,0.154,70.93,4.49,5.0,2,Delivered,Amazon Pay,Corporate,2024,8,Aug,Q3,6.33
AMZ100457,CUST10212,2024-05-09,Notebook Pack,Office,West,Maharashtra,Mumbai,1,16.66,0.165,13.91,3.49,3.1,6,Delivered,Debit Card,Home Office,2024,5,May,Q2,25.09
AMZ100458,CUST10805,2024-12-17,Cookware Set,Home,South,Tamil Nadu,Coimbatore,1,137.03,0.161,114.97,15.81,4.8,6,Delivered,Credit Card,Consumer,2024,12,Dec,Q4,13.75
AMZ100459,CUST10234,2024-11-13,Desk Organizer,Office,West,Gujarat,Ahmedabad,1,20.7,0.17,17.18,-1.01,3.8,3,Returned,UPI,Home Office,2024,11,Nov,Q4,-5.88
AMZ100460,CUST10465,2025-10-10,Mechanical Keyboard,Electronics,West,Maharashtra,Mumbai,1,93.77,0.285,67.05,1.53,4.7,3,Delivered,UPI,Consumer,2025,10,Oct,Q4,2.28
AMZ100461,CUST10751,2024-12-02,Data Science Book,Books,South,Tamil Nadu,Chennai,1,51.31,0.271,37.4,8.77,4.3,5,Delivered,Debit Card,Home Office,2024,12,Dec,Q4,23.45
AMZ100462,CUST10223,2024-09-29,Desk Organizer,Office,North,Haryana,Gurugram,3,23.72,0.263,52.44,7.43,3.7,4,Delivered,Debit Card,Corporate,2024,9,Sep,Q3,14.17
AMZ100463,CUST10631,2024-04-26,Running Shoes,Sports,North,Haryana,Gurugram,1,71.84,0.24,54.6,6.24,3.8,5,Delivered,Amazon Pay,Home Office,2024,4,Apr,Q2,11.43
AMZ100464,CUST10825,2025-01-02,Backpack,Fashion,West,Maharashtra,Mumbai,1,43.21,0.283,30.98,10.83,3.7,6,Delivered,Amazon Pay,Home Office,2025,1,Jan,Q1,34.96
AMZ100465,CUST10264,2024-04-03,Data Science Book,Books,South,Telangana,Hyderabad,1,45.24,0.03,43.88,-3.27,3.0,3,Returned,Credit Card,Consumer,2024,4,Apr,Q2,-7.45
AMZ100466,CUST10207,2024-06-16,Laptop Pro 14,Electronics,East,West Bengal,Kolkata,1,833.58,0.08,0.0,0.0,4.6,5,Cancelled,Amazon Pay,Corporate,2024,6,Jun,Q2,0.0
AMZ100467,CUST10607,2025-12-15,Laptop Pro 14,Electronics,West,Maharashtra,Pune,1,900.86,0.149,766.63,-19.62,4.4,3,Returned,UPI,Corporate,2025,12,Dec,Q4,-2.56
AMZ100468,CUST10885,2024-12-06,Coffee Maker,Home,North,Rajasthan,Jaipur,1,123.79,0.254,92.35,14.74,3.9,4,Delivered,Amazon Pay,Corporate,2024,12,Dec,Q4,15.96
AMZ100469,CUST10734,2025-10-22,Wireless Headphones,Electronics,North,Haryana,Gurugram,1,79.58,0.152,67.48,-1.84,4.2,1,Returned,Net Banking,Consumer,2025,10,Oct,Q4,-2.73
AMZ100470,CUST10366,2025-11-25,Business Book,Books,West,Maharashtra,Mumbai,1,36.88,0.224,28.62,11.33,4.7,5,Delivered,Net Banking,Consumer,2025,11,Nov,Q4,39.59
AMZ100471,CUST10276,2024-05-31,Air Fryer,Home,West,Maharashtra,Mumbai,2,98.84,0.042,189.38,39.02,3.4,3,Delivered,Net Banking,Corporate,2024,5,May,Q2,20.6
AMZ100472,CUST10380,2025-08-08,Bluetooth Speaker,Electronics,East,West Bengal,Kolkata,2,68.73,0.076,127.01,18.16,3.9,5,Delivered,Debit Card,Consumer,2025,8,Aug,Q3,14.3
AMZ100473,CUST10743,2024-09-30,Smart Watch,Electronics,East,West Bengal,Kolkata,1,141.5,0.22,110.37,4.21,3.8,7,Delivered,UPI,Corporate,2024,9,Sep,Q3,3.81
AMZ100474,CUST10309,2025-07-07,Cotton T-Shirt,Fashion,South,Karnataka,Bengaluru,1,24.7,0.049,23.49,-2.1,3.0,4,Returned,Net Banking,Home Office,2025,7,Jul,Q3,-8.94
AMZ100475,CUST10631,2025-05-10,Data Science Book,Books,South,Karnataka,Bengaluru,1,50.2,0.105,0.0,0.0,4.6,3,Cancelled,Amazon Pay,Home Office,2025,5,May,Q2,0.0
AMZ100476,CUST10268,2025-12-24,Laptop Pro 14,Electronics,South,Telangana,Hyderabad,2,844.92,0.079,1556.34,213.4,4.9,1,Delivered,Credit Card,Consumer,2025,12,Dec,Q4,13.71
AMZ100477,CUST10945,2024-04-10,Air Fryer,Home,South,Tamil Nadu,Coimbatore,1,99.69,0.105,89.22,10.34,3.1,4,Delivered,UPI,Consumer,2024,4,Apr,Q2,11.59
AMZ100478,CUST10785,2025-07-10,USB-C Hub,Electronics,South,Tamil Nadu,Coimbatore,1,30.31,0.212,23.88,11.05,4.4,4,Delivered,UPI,Corporate,2025,7,Jul,Q3,46.27
AMZ100479,CUST10064,2024-03-22,Mechanical Keyboard,Electronics,South,Telangana,Hyderabad,2,99.45,0.11,177.02,22.52,4.2,4,Delivered,Debit Card,Consumer,2024,3,Mar,Q1,12.72
AMZ100480,CUST10810,2025-06-12,Business Book,Books,South,Tamil Nadu,Chennai,1,37.33,0.167,31.1,-2.21,4.7,5,Returned,Debit Card,Consumer,2025,6,Jun,Q2,-7.11
AMZ100481,CUST10350,2024-03-13,Desk Organizer,Office,South,Telangana,Hyderabad,1,20.62,0.03,20.0,5.34,,5,Delivered,Amazon Pay,Home Office,2024,3,Mar,Q1,26.7
AMZ100482,CUST10925,2024-01-14,Smartphone X,Electronics,North,Delhi,Delhi,1,664.12,0.242,503.4,37.27,3.5,6,Delivered,Debit Card,Home Office,2024,1,Jan,Q1,7.4
AMZ100483,CUST10915,2025-03-08,Backpack,Fashion,East,West Bengal,Kolkata,2,44.52,0.111,79.16,13.93,5.0,1,Delivered,Credit Card,Corporate,2025,3,Mar,Q1,17.6
AMZ100484,CUST10494,2024-06-05,Air Fryer,Home,South,Tamil Nadu,Coimbatore,2,98.87,0.195,0.0,0.0,4.4,4,Cancelled,Debit Card,Consumer,2024,6,Jun,Q2,0.0
AMZ100485,CUST10523,2024-05-11,Cookware Set,Home,North,Rajasthan,Jaipur,1,128.95,0.218,100.84,-3.23,4.6,2,Returned,UPI,Corporate,2024,5,May,Q2,-3.2
AMZ100486,CUST10098,2024-12-03,Mechanical Keyboard,Electronics,North,Delhi,Delhi,1,101.48,0.063,95.09,10.76,2.9,4,Delivered,Credit Card,Corporate,2024,12,Dec,Q4,11.32
AMZ100487,CUST10946,2025-02-07,Business Book,Books,West,Maharashtra,Pune,1,36.85,0.265,27.08,10.27,4.7,6,Delivered,Net Banking,Consumer,2025,2,Feb,Q1,37.92
AMZ100488,CUST10071,2025-01-10,Bluetooth Speaker,Electronics,West,Maharashtra,Mumbai,3,69.12,0.185,169.0,10.27,5.0,5,Delivered,Credit Card,Corporate,2025,1,Jan,Q1,6.08
AMZ100489,CUST10364,2025-07-12,Sneakers,Fashion,South,Telangana,Hyderabad,3,68.4,0.129,178.73,45.36,3.8,1,Delivered,Net Banking,Home Office,2025,7,Jul,Q3,25.38
AMZ100490,CUST10570,2024-04-16,Mechanical Keyboard,Electronics,West,Maharashtra,Mumbai,1,90.26,0.055,85.3,5.94,4.2,4,Delivered,Credit Card,Consumer,2024,4,Apr,Q2,6.96
AMZ100491,CUST10802,2025-09-11,Coffee Maker,Home,North,Haryana,Gurugram,2,124.89,0.283,179.09,21.14,4.1,3,Delivered,Amazon Pay,Consumer,2025,9,Sep,Q3,11.8
AMZ100492,CUST10763,2024-09-21,Desk Lamp,Home,South,Tamil Nadu,Chennai,1,38.02,0.227,29.39,1.19,4.2,4,Delivered,UPI,Consumer,2024,9,Sep,Q3,4.05
AMZ100493,CUST10276,2024-07-23,Sneakers,Fashion,North,Haryana,Gurugram,1,62.57,0.062,58.69,17.34,3.4,2,Delivered,Net Banking,Corporate,2024,7,Jul,Q3,29.55
AMZ100494,CUST10050,2024-03-19,Novel Collection,Books,South,Tamil Nadu,Chennai,1,54.07,0.101,48.61,17.28,4.8,4,Delivered,Amazon Pay,Home Office,2024,3,Mar,Q1,35.55
AMZ100495,CUST10358,2024-06-03,Mechanical Keyboard,Electronics,South,Karnataka,Bengaluru,1,91.49,0.243,69.26,-2.67,4.9,3,Returned,UPI,Home Office,2024,6,Jun,Q2,-3.86
AMZ100496,CUST10728,2024-09-03,Backpack,Fashion,West,Maharashtra,Mumbai,2,46.87,0.209,74.15,13.33,3.5,3,Delivered,Amazon Pay,Corporate,2024,9,Sep,Q3,17.98
AMZ100497,CUST10906,2025-06-14,Air Fryer,Home,South,Tamil Nadu,Chennai,1,101.9,0.23,78.46,5.23,3.9,5,Delivered,UPI,Home Office,2025,6,Jun,Q2,6.67
AMZ100498,CUST10928,2025-06-21,Air Fryer,Home,South,Kerala,Kochi,1,97.41,0.132,84.55,-3.98,4.5,3,Returned,UPI,Corporate,2025,6,Jun,Q2,-4.71
AMZ100499,CUST10564,2025-12-29,Data Science Book,Books,South,Tamil Nadu,Coimbatore,2,49.12,0.215,77.12,20.59,3.8,2,Delivered,Credit Card,Home Office,2025,12,Dec,Q4,26.7
AMZ100500,CUST10783,2024-06-02,USB-C Hub,Electronics,South,Kerala,Kochi,2,28.49,0.116,50.37,2.54,3.8,2,Delivered,Credit Card,Home Office,2024,6,Jun,Q2,5.04
AMZ100501,CUST10485,2024-06-02,4K Smart TV,Electronics,South,Kerala,Kochi,1,532.85,0.063,499.28,65.8,3.1,4,Delivered,UPI,Home Office,2024,6,Jun,Q2,13.18
AMZ100502,CUST10084,2025-11-16,Laptop Pro 14,Electronics,West,Gujarat,Ahmedabad,1,938.44,0.19,760.14,69.92,4.1,4,Delivered,Credit Card,Consumer,2025,11,Nov,Q4,9.2
AMZ100503,CUST10899,2024-04-01,Mechanical Keyboard,Electronics,South,Tamil Nadu,Coimbatore,1,91.68,0.293,64.82,5.57,3.6,4,Delivered,UPI,Home Office,2024,4,Apr,Q2,8.59
AMZ100504,CUST10805,2025-03-08,Desk Organizer,Office,North,Delhi,Delhi,1,21.23,0.093,19.26,-0.38,4.1,6,Returned,Net Banking,Corporate,2025,3,Mar,Q1,-1.97
AMZ100505,CUST10638,2024-12-03,Yoga Mat,Sports,South,Tamil Nadu,Chennai,3,27.53,0.138,71.19,12.76,4.5,4,Delivered,Net Banking,Consumer,2024,12,Dec,Q4,17.92
AMZ100506,CUST10808,2025-04-24,Business Book,Books,South,Tamil Nadu,Chennai,2,34.15,0.202,0.0,0.0,3.4,1,Cancelled,Net Banking,Corporate,2025,4,Apr,Q2,0.0
AMZ100507,CUST10584,2025-11-23,Mechanical Keyboard,Electronics,North,Delhi,Delhi,1,91.32,0.162,0.0,0.0,5.0,5,Cancelled,Debit Card,Home Office,2025,11,Nov,Q4,0.0
AMZ100508,CUST10296,2024-05-10,4K Smart TV,Electronics,West,Maharashtra,Mumbai,1,526.71,0.253,393.45,-5.81,4.7,8,Returned,Amazon Pay,Home Office,2024,5,May,Q2,-1.48
AMZ100509,CUST10236,2025-03-25,Wireless Headphones,Electronics,West,Maharashtra,Mumbai,1,79.44,0.229,61.25,-1.33,3.1,4,Returned,Debit Card,Corporate,2025,3,Mar,Q1,-2.17
AMZ100510,CUST10056,2024-09-29,Novel Collection,Books,South,Kerala,Kochi,2,51.66,0.017,101.56,-7.95,3.2,6,Returned,Debit Card,Corporate,2024,9,Sep,Q3,-7.83
AMZ100511,CUST10919,2025-08-10,Yoga Mat,Sports,North,Delhi,Delhi,1,26.08,0.3,18.26,2.95,3.8,6,Delivered,Net Banking,Home Office,2025,8,Aug,Q3,16.16
AMZ100512,CUST10360,2024-06-25,Cookware Set,Home,South,Tamil Nadu,Coimbatore,1,123.27,0.226,0.0,0.0,4.2,4,Cancelled,Debit Card,Home Office,2024,6,Jun,Q2,0.0
AMZ100513,CUST10907,2025-11-26,Laptop Pro 14,Electronics,South,Kerala,Kochi,1,870.32,0.259,0.0,0.0,3.4,4,Cancelled,Amazon Pay,Corporate,2025,11,Nov,Q4,0.0
AMZ100514,CUST10110,2025-10-04,Notebook Pack,Office,North,Haryana,Gurugram,1,16.55,0.195,13.32,-3.52,4.9,7,Delivered,Net Banking,Consumer,2025,10,Oct,Q4,-26.43
AMZ100515,CUST10192,2024-02-18,Mechanical Keyboard,Electronics,West,Gujarat,Ahmedabad,1,89.81,0.257,66.73,4.75,4.7,4,Delivered,UPI,Corporate,2024,2,Feb,Q1,7.12
AMZ100516,CUST10904,2025-07-20,Cotton T-Shirt,Fashion,North,Rajasthan,Jaipur,1,24.39,0.034,23.56,6.31,4.1,3,Delivered,Net Banking,Corporate,2025,7,Jul,Q3,26.78
AMZ100517,CUST10093,2025-10-27,4K Smart TV,Electronics,West,Maharashtra,Pune,2,561.12,0.104,1005.53,122.51,3.8,6,Delivered,Amazon Pay,Corporate,2025,10,Oct,Q4,12.18
AMZ100518,CUST10862,2024-12-20,Air Fryer,Home,West,Gujarat,Ahmedabad,2,106.77,0.263,0.0,0.0,3.7,7,Cancelled,Credit Card,Consumer,2024,12,Dec,Q4,0.0
AMZ100519,CUST10568,2025-12-12,Notebook Pack,Office,West,Maharashtra,Mumbai,2,17.12,0.06,32.19,-1.77,3.2,5,Returned,Credit Card,Corporate,2025,12,Dec,Q4,-5.5
AMZ100520,CUST10060,2024-11-03,Air Fryer,Home,North,Rajasthan,Jaipur,1,106.88,0.023,104.42,18.81,4.1,3,Delivered,Amazon Pay,Consumer,2024,11,Nov,Q4,18.01
AMZ100521,CUST10650,2025-09-21,Desk Organizer,Office,South,Karnataka,Bengaluru,1,23.48,0.236,17.94,8.51,4.9,3,Delivered,UPI,Home Office,2025,9,Sep,Q3,47.44
AMZ100522,CUST10039,2024-02-15,Wireless Headphones,Electronics,South,Telangana,Hyderabad,1,81.16,0.251,60.79,3.8,4.0,5,Delivered,Credit Card,Corporate,2024,2,Feb,Q1,6.25
AMZ100523,CUST10540,2024-10-28,Desk Lamp,Home,South,Kerala,Kochi,1,37.58,0.049,35.74,11.19,3.9,4,Delivered,Debit Card,Corporate,2024,10,Oct,Q4,31.31
AMZ100524,CUST10049,2025-02-11,Novel Collection,Books,South,Tamil Nadu,Chennai,2,55.26,0.256,82.23,18.76,4.0,7,Delivered,Net Banking,Corporate,2025,2,Feb,Q1,22.81
AMZ100525,CUST10420,2024-07-07,Notebook Pack,Office,North,Delhi,Delhi,1,16.28,0.206,12.93,-1.02,3.8,6,Delivered,Credit Card,Home Office,2024,7,Jul,Q3,-7.89
AMZ100526,CUST10637,2024-05-08,Backpack,Fashion,North,Delhi,Delhi,1,48.41,0.156,40.86,13.52,3.4,3,Delivered,Credit Card,Home Office,2024,5,May,Q2,33.09
AMZ100527,CUST10013,2025-07-14,Office Chair,Home,South,Tamil Nadu,Chennai,2,174.85,0.249,262.62,33.01,4.7,4,Delivered,Net Banking,Consumer,2025,7,Jul,Q3,12.57
AMZ100528,CUST10036,2025-06-20,Smartphone X,Electronics,South,Kerala,Kochi,2,648.93,0.126,1134.33,128.57,4.3,4,Delivered,Credit Card,Corporate,2025,6,Jun,Q2,11.33
AMZ100529,CUST10101,2024-09-22,Laptop Pro 14,Electronics,South,Telangana,Hyderabad,1,829.51,0.058,781.4,107.21,3.9,4,Delivered,Amazon Pay,Consumer,2024,9,Sep,Q3,13.72
AMZ100530,CUST10794,2024-04-27,Laptop Pro 14,Electronics,West,Maharashtra,Pune,1,915.94,0.085,838.09,107.84,4.1,4,Delivered,Debit Card,Corporate,2024,4,Apr,Q2,12.87
AMZ100531,CUST10086,2025-04-08,Cookware Set,Home,South,Telangana,Hyderabad,1,120.27,0.152,101.99,-4.76,4.9,2,Returned,Net Banking,Corporate,2025,4,Apr,Q2,-4.67
AMZ100532,CUST10516,2024-05-23,Fitness Tracker,Sports,North,Rajasthan,Jaipur,1,56.59,0.159,47.59,9.37,3.5,2,Delivered,Debit Card,Corporate,2024,5,May,Q2,19.69
AMZ100533,CUST10223,2025-03-17,Mechanical Keyboard,Electronics,South,Telangana,Hyderabad,1,94.82,0.242,71.87,2.71,4.3,3,Delivered,UPI,Consumer,2025,3,Mar,Q1,3.77
AMZ100534,CUST10338,2024-07-18,Backpack,Fashion,North,Rajasthan,Jaipur,1,41.9,0.237,31.97,13.23,3.1,5,Delivered,Credit Card,Home Office,2024,7,Jul,Q3,41.38
AMZ100535,CUST10166,2024-06-05,Smartphone X,Electronics,South,Telangana,Hyderabad,2,695.53,0.174,1149.02,-27.9,4.2,4,Returned,Amazon Pay,Consumer,2024,6,Jun,Q2,-2.43
AMZ100536,CUST10383,2025-05-01,Laptop Pro 14,Electronics,West,Maharashtra,Pune,1,955.73,0.234,732.09,57.71,3.7,3,Delivered,Debit Card,Corporate,2025,5,May,Q2,7.88
AMZ100537,CUST10856,2024-05-13,Laptop Pro 14,Electronics,West,Maharashtra,Pune,1,877.98,0.058,827.06,115.84,4.4,2,Delivered,UPI,Home Office,2024,5,May,Q2,14.01
AMZ100538,CUST10895,2024-05-27,Smart Watch,Electronics,West,Maharashtra,Mumbai,1,157.54,0.015,155.18,18.99,3.6,2,Delivered,Debit Card,Corporate,2024,5,May,Q2,12.24
AMZ100539,CUST10376,2024-12-01,Yoga Mat,Sports,South,Tamil Nadu,Chennai,1,26.27,0.262,19.39,-1.02,4.2,3,Delivered,Amazon Pay,Corporate,2024,12,Dec,Q4,-5.26
AMZ100540,CUST10471,2024-03-11,Fitness Tracker,Sports,West,Maharashtra,Pune,2,54.84,0.023,0.0,0.0,3.9,7,Cancelled,Debit Card,Home Office,2024,3,Mar,Q1,0.0
AMZ100541,CUST10790,2024-08-20,Backpack,Fashion,North,Rajasthan,Jaipur,1,45.03,0.074,41.7,15.08,3.4,5,Delivered,Amazon Pay,Consumer,2024,8,Aug,Q3,36.16
AMZ100542,CUST10642,2024-11-29,Cotton T-Shirt,Fashion,West,Maharashtra,Pune,1,23.36,0.209,18.48,8.92,2.6,3,Delivered,UPI,Consumer,2024,11,Nov,Q4,48.27
AMZ100543,CUST10031,2025-10-27,Backpack,Fashion,West,Maharashtra,Mumbai,1,46.81,0.123,41.05,-2.25,4.6,3,Delivered,UPI,Consumer,2025,10,Oct,Q4,-5.48
AMZ100544,CUST10375,2024-03-30,Sneakers,Fashion,North,Delhi,Delhi,2,73.42,0.263,0.0,0.0,4.0,4,Cancelled,Net Banking,Consumer,2024,3,Mar,Q1,0.0
AMZ100545,CUST10011,2024-11-29,Wireless Headphones,Electronics,North,Rajasthan,Jaipur,1,74.9,0.089,68.23,7.17,4.1,7,Delivered,Credit Card,Corporate,2024,11,Nov,Q4,10.51
AMZ100546,CUST10302,2024-07-17,Cookware Set,Home,West,Maharashtra,Mumbai,2,120.49,0.004,240.02,51.88,3.7,5,Delivered,Amazon Pay,Consumer,2024,7,Jul,Q3,21.61
AMZ100547,CUST10096,2024-06-09,Office Chair,Home,North,Haryana,Gurugram,1,175.53,0.09,159.73,-5.74,4.2,1,Returned,Net Banking,Corporate,2024,6,Jun,Q2,-3.59
AMZ100548,CUST10190,2025-06-21,Smartphone X,Electronics,North,Haryana,Gurugram,1,691.63,0.173,0.0,0.0,3.3,6,Cancelled,UPI,Home Office,2025,6,Jun,Q2,0.0
AMZ100549,CUST10453,2024-04-30,Desk Organizer,Office,South,Karnataka,Bengaluru,1,22.16,0.113,19.66,2.79,4.4,3,Delivered,Amazon Pay,Corporate,2024,4,Apr,Q2,14.19
AMZ100550,CUST10192,2024-10-27,Desk Lamp,Home,South,Telangana,Hyderabad,2,39.25,0.16,0.0,0.0,3.3,3,Cancelled,UPI,Home Office,2024,10,Oct,Q4,0.0
AMZ100551,CUST10486,2025-12-24,Smart Watch,Electronics,South,Tamil Nadu,Chennai,2,141.53,0.263,208.62,10.39,4.4,4,Delivered,Net Banking,Corporate,2025,12,Dec,Q4,4.98
AMZ100552,CUST10266,2025-07-28,Yoga Mat,Sports,East,West Bengal,Kolkata,1,30.07,0.274,0.0,0.0,,4,Cancelled,Net Banking,Consumer,2025,7,Jul,Q3,0.0
AMZ100553,CUST10424,2025-03-11,Wireless Headphones,Electronics,West,Gujarat,Ahmedabad,1,75.98,0.08,69.9,11.18,3.7,6,Delivered,Amazon Pay,Home Office,2025,3,Mar,Q1,15.99
AMZ100554,CUST10128,2024-03-08,Cookware Set,Home,West,Maharashtra,Mumbai,1,125.22,0.139,107.81,18.98,4.1,2,Delivered,Credit Card,Corporate,2024,3,Mar,Q1,17.61
AMZ100555,CUST10238,2025-04-03,Running Shoes,Sports,North,Delhi,Delhi,1,73.63,0.165,61.48,16.25,4.6,5,Delivered,Amazon Pay,Corporate,2025,4,Apr,Q2,26.43
AMZ100556,CUST10920,2025-05-28,USB-C Hub,Electronics,West,Gujarat,Ahmedabad,1,31.03,0.285,22.19,-0.55,3.8,4,Returned,UPI,Corporate,2025,5,May,Q2,-2.48
AMZ100557,CUST10355,2025-02-01,4K Smart TV,Electronics,North,Delhi,Delhi,2,505.13,0.3,707.18,-9.46,3.2,6,Returned,Debit Card,Consumer,2025,2,Feb,Q1,-1.34
AMZ100558,CUST10940,2025-09-11,Data Science Book,Books,South,Tamil Nadu,Coimbatore,2,50.16,0.071,0.0,0.0,4.3,2,Cancelled,Debit Card,Corporate,2025,9,Sep,Q3,0.0
AMZ100559,CUST10112,2024-10-12,Office Chair,Home,South,Tamil Nadu,Coimbatore,1,188.97,0.218,147.77,17.84,4.0,5,Delivered,Amazon Pay,Corporate,2024,10,Oct,Q4,12.07
AMZ100560,CUST10828,2025-07-14,Cotton T-Shirt,Fashion,South,Tamil Nadu,Coimbatore,1,24.75,0.113,21.95,6.58,4.4,5,Delivered,Debit Card,Home Office,2025,7,Jul,Q3,29.98
AMZ100561,CUST10446,2024-05-19,Fitness Tracker,Sports,West,Gujarat,Ahmedabad,2,56.56,0.002,0.0,0.0,3.8,4,Cancelled,Amazon Pay,Home Office,2024,5,May,Q2,0.0
AMZ100562,CUST10343,2025-12-30,Notebook Pack,Office,West,Maharashtra,Mumbai,2,15.72,0.003,31.35,8.38,4.2,3,Delivered,Net Banking,Consumer,2025,12,Dec,Q4,26.73
AMZ100563,CUST10145,2025-07-09,4K Smart TV,Electronics,East,West Bengal,Kolkata,1,553.17,0.138,476.83,47.95,3.6,1,Delivered,Debit Card,Consumer,2025,7,Jul,Q3,10.06
AMZ100564,CUST10065,2025-08-12,Bluetooth Speaker,Electronics,West,Gujarat,Ahmedabad,1,65.44,0.147,55.82,6.73,3.3,2,Delivered,UPI,Consumer,2025,8,Aug,Q3,12.06
AMZ100565,CUST10247,2025-12-28,Data Science Book,Books,West,Maharashtra,Mumbai,1,45.95,0.007,45.63,9.97,4.3,7,Delivered,Net Banking,Corporate,2025,12,Dec,Q4,21.85
AMZ100566,CUST10735,2025-09-01,Bluetooth Speaker,Electronics,West,Maharashtra,Pune,1,60.33,0.206,47.9,3.24,4.2,8,Delivered,Net Banking,Consumer,2025,9,Sep,Q3,6.76
AMZ100567,CUST10490,2024-10-08,4K Smart TV,Electronics,East,West Bengal,Kolkata,1,529.41,0.088,0.0,0.0,4.7,1,Cancelled,Credit Card,Home Office,2024,10,Oct,Q4,0.0
AMZ100568,CUST10825,2025-10-22,Yoga Mat,Sports,South,Tamil Nadu,Coimbatore,1,28.89,0.168,24.04,9.15,4.1,3,Delivered,UPI,Home Office,2025,10,Oct,Q4,38.06
AMZ100569,CUST10439,2025-07-31,Mechanical Keyboard,Electronics,North,Rajasthan,Jaipur,1,89.71,0.09,81.64,10.26,4.1,4,Delivered,Debit Card,Corporate,2025,7,Jul,Q3,12.57
AMZ100570,CUST10106,2025-04-01,Running Shoes,Sports,North,Delhi,Delhi,1,73.95,0.05,70.25,16.54,3.6,4,Delivered,Debit Card,Consumer,2025,4,Apr,Q2,23.54
AMZ100571,CUST10181,2024-03-27,Notebook Pack,Office,South,Tamil Nadu,Coimbatore,1,15.54,0.122,13.64,-1.18,4.0,6,Returned,UPI,Consumer,2024,3,Mar,Q1,-8.65
AMZ100572,CUST10184,2024-03-19,Smartphone X,Electronics,North,Haryana,Gurugram,1,659.58,0.07,613.41,88.96,4.0,5,Delivered,Credit Card,Corporate,2024,3,Mar,Q1,14.5
AMZ100573,CUST10226,2024-07-23,Desk Lamp,Home,South,Telangana,Hyderabad,2,38.52,0.16,64.71,7.93,4.7,6,Delivered,Credit Card,Home Office,2024,7,Jul,Q3,12.25
AMZ100574,CUST10777,2024-12-02,Smartphone X,Electronics,North,Haryana,Gurugram,2,744.02,0.06,0.0,0.0,4.5,4,Cancelled,Credit Card,Consumer,2024,12,Dec,Q4,0.0
AMZ100575,CUST10790,2024-09-10,Air Fryer,Home,South,Tamil Nadu,Coimbatore,1,104.16,0.153,88.22,12.42,4.5,3,Delivered,Amazon Pay,Home Office,2024,9,Sep,Q3,14.08
AMZ100576,CUST10909,2024-10-30,4K Smart TV,Electronics,East,West Bengal,Kolkata,1,537.15,0.047,511.9,74.03,4.8,6,Delivered,Debit Card,Home Office,2024,10,Oct,Q4,14.46
AMZ100577,CUST10089,2025-01-14,Office Chair,Home,North,Rajasthan,Jaipur,3,187.43,0.201,449.27,68.75,3.4,5,Delivered,Debit Card,Home Office,2025,1,Jan,Q1,15.3
AMZ100578,CUST10688,2024-05-09,Desk Lamp,Home,North,Delhi,Delhi,1,37.86,0.226,29.3,-2.05,3.6,6,Returned,UPI,Home Office,2024,5,May,Q2,-7.0
AMZ100579,CUST10530,2025-08-18,USB-C Hub,Electronics,North,Rajasthan,Jaipur,1,27.38,0.033,26.48,4.52,3.8,1,Delivered,Debit Card,Corporate,2025,8,Aug,Q3,17.07
AMZ100580,CUST10371,2024-10-02,Notebook Pack,Office,West,Gujarat,Ahmedabad,1,16.48,0.14,14.17,5.93,3.5,4,Delivered,Net Banking,Corporate,2024,10,Oct,Q4,41.85
AMZ100581,CUST10936,2025-11-29,Desk Organizer,Office,North,Delhi,Delhi,1,21.24,0.021,0.0,0.0,4.2,4,Cancelled,Credit Card,Consumer,2025,11,Nov,Q4,0.0
AMZ100582,CUST10913,2025-07-11,Mechanical Keyboard,Electronics,South,Tamil Nadu,Coimbatore,1,94.17,0.179,77.31,7.73,3.4,2,Delivered,Debit Card,Corporate,2025,7,Jul,Q3,10.0
AMZ100583,CUST10399,2024-07-01,Backpack,Fashion,West,Gujarat,Ahmedabad,2,48.31,0.079,88.99,31.59,5.0,4,Delivered,Debit Card,Consumer,2024,7,Jul,Q3,35.5
AMZ100584,CUST10106,2024-09-24,Desk Lamp,Home,West,Maharashtra,Mumbai,1,37.06,0.158,31.2,4.83,4.0,6,Delivered,Credit Card,Home Office,2024,9,Sep,Q3,15.48
AMZ100585,CUST10271,2024-11-17,Desk Organizer,Office,East,West Bengal,Kolkata,1,22.88,0.155,19.33,7.2,4.0,5,Delivered,Credit Card,Home Office,2024,11,Nov,Q4,37.25
AMZ100586,CUST10831,2025-05-26,Cotton T-Shirt,Fashion,South,Kerala,Kochi,2,25.12,0.277,36.32,3.54,4.1,5,Delivered,Debit Card,Home Office,2025,5,May,Q2,9.75
AMZ100587,CUST10503,2025-09-03,Desk Organizer,Office,West,Maharashtra,Mumbai,1,22.83,0.165,19.06,12.57,4.4,4,Delivered,Net Banking,Corporate,2025,9,Sep,Q3,65.95
AMZ100588,CUST10679,2024-03-18,Bluetooth Speaker,Electronics,South,Karnataka,Bengaluru,1,60.73,0.175,50.1,1.75,3.9,3,Delivered,UPI,Home Office,2024,3,Mar,Q1,3.49
AMZ100589,CUST10525,2024-12-04,Smartphone X,Electronics,North,Rajasthan,Jaipur,1,698.84,0.12,614.98,68.54,4.2,2,Delivered,Amazon Pay,Home Office,2024,12,Dec,Q4,11.15
AMZ100590,CUST10849,2025-11-04,Running Shoes,Sports,South,Kerala,Kochi,1,70.94,0.285,0.0,0.0,4.8,4,Cancelled,Debit Card,Consumer,2025,11,Nov,Q4,0.0
AMZ100591,CUST10032,2025-07-09,Desk Lamp,Home,West,Gujarat,Ahmedabad,1,39.36,0.233,30.19,5.81,4.3,5,Delivered,Credit Card,Home Office,2025,7,Jul,Q3,19.24
AMZ100592,CUST10393,2025-05-23,Desk Lamp,Home,West,Maharashtra,Pune,1,40.4,0.086,36.93,3.2,4.0,4,Delivered,Amazon Pay,Corporate,2025,5,May,Q2,8.67
AMZ100593,CUST10040,2024-08-25,Novel Collection,Books,West,Maharashtra,Mumbai,1,58.25,0.253,0.0,0.0,4.4,6,Cancelled,Debit Card,Corporate,2024,8,Aug,Q3,0.0
AMZ100594,CUST10660,2024-05-13,Air Fryer,Home,South,Karnataka,Bengaluru,1,99.55,0.13,86.61,-3.85,3.9,4,Returned,Net Banking,Consumer,2024,5,May,Q2,-4.45
AMZ100595,CUST10218,2024-07-10,Bluetooth Speaker,Electronics,South,Tamil Nadu,Chennai,1,64.55,0.249,48.48,10.89,3.7,3,Delivered,Amazon Pay,Home Office,2024,7,Jul,Q3,22.46
AMZ100596,CUST10731,2024-12-21,Business Book,Books,South,Kerala,Kochi,1,35.19,0.247,26.5,-0.22,5.0,4,Delivered,UPI,Consumer,2024,12,Dec,Q4,-0.83
AMZ100597,CUST10082,2024-10-04,Cotton T-Shirt,Fashion,North,Haryana,Gurugram,1,24.66,0.057,23.25,5.68,3.4,5,Delivered,Debit Card,Corporate,2024,10,Oct,Q4,24.43
AMZ100598,CUST10845,2024-01-18,Cookware Set,Home,North,Delhi,Delhi,1,126.82,0.21,0.0,0.0,3.8,1,Cancelled,Net Banking,Consumer,2024,1,Jan,Q1,0.0
AMZ100599,CUST10720,2025-06-07,Desk Lamp,Home,South,Karnataka,Bengaluru,1,39.17,0.087,35.76,-1.34,4.4,3,Returned,Credit Card,Corporate,2025,6,Jun,Q2,-3.75
AMZ100600,CUST10201,2024-06-28,4K Smart TV,Electronics,East,West Bengal,Kolkata,2,557.02,0.089,0.0,0.0,4.0,3,Cancelled,UPI,Home Office,2024,6,Jun,Q2,0.0
AMZ100601,CUST10447,2024-05-02,Backpack,Fashion,South,Kerala,Kochi,1,46.15,0.089,42.04,11.07,3.7,4,Delivered,UPI,Corporate,2024,5,May,Q2,26.33
AMZ100602,CUST10844,2024-09-02,Running Shoes,Sports,West,Maharashtra,Mumbai,1,77.09,0.218,60.28,4.05,3.8,2,Delivered,Credit Card,Consumer,2024,9,Sep,Q3,6.72
AMZ100603,CUST10428,2025-01-07,Cookware Set,Home,East,West Bengal,Kolkata,2,128.09,0.069,238.5,-11.21,3.7,4,Returned,Credit Card,Home Office,2025,1,Jan,Q1,-4.7
AMZ100604,CUST10038,2024-02-20,Backpack,Fashion,North,Haryana,Gurugram,1,46.15,0.0,46.15,-2.88,3.7,3,Returned,UPI,Corporate,2024,2,Feb,Q1,-6.24
AMZ100605,CUST10211,2024-03-11,Running Shoes,Sports,West,Maharashtra,Pune,1,67.54,0.215,53.02,10.78,5.0,5,Delivered,Amazon Pay,Consumer,2024,3,Mar,Q1,20.33
AMZ100606,CUST10444,2025-04-24,USB-C Hub,Electronics,North,Rajasthan,Jaipur,2,28.89,0.051,54.83,11.16,5.0,1,Delivered,Debit Card,Home Office,2025,4,Apr,Q2,20.35
AMZ100607,CUST10327,2025-07-13,Sneakers,Fashion,North,Rajasthan,Jaipur,2,68.34,0.031,132.44,43.23,4.2,4,Delivered,Amazon Pay,Home Office,2025,7,Jul,Q3,32.64
AMZ100608,CUST10761,2024-01-19,Novel Collection,Books,South,Tamil Nadu,Coimbatore,1,53.68,0.071,49.87,18.17,3.2,4,Delivered,Amazon Pay,Home Office,2024,1,Jan,Q1,36.43
AMZ100609,CUST10227,2024-03-24,Cookware Set,Home,East,West Bengal,Kolkata,1,132.67,0.114,117.55,16.24,3.8,4,Delivered,Net Banking,Corporate,2024,3,Mar,Q1,13.82
AMZ100610,CUST10048,2024-06-03,Coffee Maker,Home,West,Gujarat,Ahmedabad,1,112.63,0.143,96.52,18.89,3.9,5,Delivered,Debit Card,Home Office,2024,6,Jun,Q2,19.57
AMZ100611,CUST10018,2025-07-18,Air Fryer,Home,West,Maharashtra,Pune,2,95.02,0.013,187.57,34.62,3.8,5,Delivered,Credit Card,Home Office,2025,7,Jul,Q3,18.46
AMZ100612,CUST10912,2025-09-10,Data Science Book,Books,North,Rajasthan,Jaipur,1,44.45,0.291,31.52,8.97,4.3,3,Delivered,Amazon Pay,Home Office,2025,9,Sep,Q3,28.46
AMZ100613,CUST10439,2024-12-22,Mechanical Keyboard,Electronics,West,Maharashtra,Pune,1,102.34,0.215,0.0,0.0,3.7,2,Cancelled,Credit Card,Home Office,2024,12,Dec,Q4,0.0
AMZ100614,CUST10807,2025-10-08,Smartphone X,Electronics,South,Karnataka,Bengaluru,2,709.88,0.097,1282.04,159.91,5.0,4,Delivered,Credit Card,Corporate,2025,10,Oct,Q4,12.47
AMZ100615,CUST10708,2025-03-18,Backpack,Fashion,West,Maharashtra,Pune,1,44.73,0.096,40.44,14.27,4.0,5,Delivered,Credit Card,Consumer,2025,3,Mar,Q1,35.29
AMZ100616,CUST10187,2024-03-09,Bluetooth Speaker,Electronics,South,Telangana,Hyderabad,2,69.28,0.135,0.0,0.0,4.6,5,Cancelled,UPI,Home Office,2024,3,Mar,Q1,0.0
AMZ100617,CUST10345,2025-06-06,Novel Collection,Books,North,Haryana,Gurugram,1,49.71,0.188,0.0,0.0,4.5,5,Cancelled,UPI,Home Office,2025,6,Jun,Q2,0.0
AMZ100618,CUST10224,2024-05-22,Data Science Book,Books,North,Rajasthan,Jaipur,1,45.07,0.044,43.09,13.87,3.9,5,Delivered,Debit Card,Home Office,2024,5,May,Q2,32.19
AMZ100619,CUST10830,2024-07-10,4K Smart TV,Electronics,West,Maharashtra,Pune,1,556.62,0.057,524.89,-17.43,3.5,4,Returned,Credit Card,Consumer,2024,7,Jul,Q3,-3.32
AMZ100620,CUST10488,2025-01-21,Data Science Book,Books,East,West Bengal,Kolkata,2,46.45,0.258,68.93,14.22,3.5,1,Delivered,UPI,Home Office,2025,1,Jan,Q1,20.63
AMZ100621,CUST10909,2025-01-12,Desk Organizer,Office,South,Tamil Nadu,Chennai,1,22.17,0.077,20.46,-1.39,4.8,3,Delivered,UPI,Consumer,2025,1,Jan,Q1,-6.79
AMZ100622,CUST10877,2025-08-03,Air Fryer,Home,South,Telangana,Hyderabad,1,105.03,0.114,93.06,20.41,4.1,6,Delivered,Net Banking,Corporate,2025,8,Aug,Q3,21.93
AMZ100623,CUST10849,2025-06-18,Bluetooth Speaker,Electronics,South,Telangana,Hyderabad,1,61.71,0.261,45.6,-0.15,3.3,1,Delivered,Credit Card,Corporate,2025,6,Jun,Q2,-0.33
AMZ100624,CUST10229,2025-11-23,USB-C Hub,Electronics,West,Gujarat,Ahmedabad,1,28.36,0.199,22.72,-1.38,3.6,2,Returned,Debit Card,Corporate,2025,11,Nov,Q4,-6.07
AMZ100625,CUST10390,2024-10-19,Cotton T-Shirt,Fashion,West,Maharashtra,Pune,2,25.6,0.103,0.0,0.0,3.9,8,Cancelled,UPI,Consumer,2024,10,Oct,Q4,0.0
AMZ100626,CUST10589,2024-01-09,Data Science Book,Books,South,Tamil Nadu,Coimbatore,1,50.59,0.205,40.22,3.85,3.8,4,Delivered,Credit Card,Home Office,2024,1,Jan,Q1,9.57
AMZ100627,CUST10188,2024-09-27,Yoga Mat,Sports,West,Gujarat,Ahmedabad,1,30.07,0.006,29.89,-0.9,3.7,8,Returned,Credit Card,Corporate,2024,9,Sep,Q3,-3.01
AMZ100628,CUST10858,2025-01-21,USB-C Hub,Electronics,West,Gujarat,Ahmedabad,2,30.78,0.221,47.96,8.93,4.6,4,Delivered,Amazon Pay,Consumer,2025,1,Jan,Q1,18.62
AMZ100629,CUST10270,2024-04-02,Sneakers,Fashion,South,Tamil Nadu,Chennai,1,67.5,0.146,57.64,16.95,4.1,4,Delivered,Credit Card,Consumer,2024,4,Apr,Q2,29.41
AMZ100630,CUST10607,2025-06-12,Mechanical Keyboard,Electronics,South,Karnataka,Bengaluru,1,101.05,0.244,76.39,6.62,4.4,5,Delivered,Credit Card,Home Office,2025,6,Jun,Q2,8.67
AMZ100631,CUST10310,2024-06-02,Smartphone X,Electronics,West,Maharashtra,Pune,1,715.32,0.286,510.74,28.01,3.2,3,Delivered,UPI,Consumer,2024,6,Jun,Q2,5.48
AMZ100632,CUST10132,2025-02-08,Desk Organizer,Office,West,Maharashtra,Mumbai,2,23.33,0.278,0.0,0.0,4.3,4,Cancelled,UPI,Home Office,2025,2,Feb,Q1,0.0
AMZ100633,CUST10551,2024-05-28,Fitness Tracker,Sports,North,Rajasthan,Jaipur,1,62.5,0.273,45.44,7.77,3.5,5,Delivered,Amazon Pay,Consumer,2024,5,May,Q2,17.1
AMZ100634,CUST10072,2024-09-23,Fitness Tracker,Sports,West,Gujarat,Ahmedabad,1,56.89,0.154,48.13,2.33,5.0,2,Delivered,Net Banking,Home Office,2024,9,Sep,Q3,4.84
AMZ100635,CUST10793,2025-02-25,Office Chair,Home,North,Haryana,Gurugram,1,169.67,0.108,0.0,0.0,4.5,1,Cancelled,Debit Card,Consumer,2025,2,Feb,Q1,0.0
AMZ100636,CUST10845,2025-09-09,Coffee Maker,Home,North,Delhi,Delhi,1,121.06,0.14,104.11,13.38,4.8,6,Delivered,UPI,Corporate,2025,9,Sep,Q3,12.85
AMZ100637,CUST10672,2025-04-16,Backpack,Fashion,North,Haryana,Gurugram,1,42.78,0.207,0.0,0.0,4.2,6,Cancelled,Net Banking,Home Office,2025,4,Apr,Q2,0.0
AMZ100638,CUST10187,2025-06-30,Running Shoes,Sports,South,Tamil Nadu,Chennai,1,75.6,0.265,55.57,13.5,4.3,3,Delivered,Debit Card,Consumer,2025,6,Jun,Q2,24.29
AMZ100639,CUST10486,2025-09-22,Yoga Mat,Sports,South,Tamil Nadu,Chennai,1,26.86,0.062,25.19,3.62,4.4,5,Delivered,Credit Card,Consumer,2025,9,Sep,Q3,14.37
AMZ100640,CUST10191,2025-06-09,Backpack,Fashion,East,West Bengal,Kolkata,1,44.88,0.275,32.54,5.19,3.2,1,Delivered,UPI,Home Office,2025,6,Jun,Q2,15.95
AMZ100641,CUST10422,2025-05-17,Desk Lamp,Home,South,Karnataka,Bengaluru,1,40.38,0.245,30.49,8.05,3.8,5,Delivered,Amazon Pay,Corporate,2025,5,May,Q2,26.4
AMZ100642,CUST10120,2024-01-14,Gaming Mouse,Electronics,South,Tamil Nadu,Coimbatore,2,41.96,0.294,59.25,-2.63,3.7,2,Delivered,Amazon Pay,Consumer,2024,1,Jan,Q1,-4.44
AMZ100643,CUST10220,2025-10-13,USB-C Hub,Electronics,North,Rajasthan,Jaipur,2,28.81,0.264,42.41,1.73,4.0,3,Delivered,UPI,Corporate,2025,10,Oct,Q4,4.08
AMZ100644,CUST10053,2024-12-29,Sneakers,Fashion,South,Kerala,Kochi,2,67.34,0.084,123.37,-7.12,4.1,4,Returned,UPI,Corporate,2024,12,Dec,Q4,-5.77
AMZ100645,CUST10734,2024-04-28,Cotton T-Shirt,Fashion,West,Gujarat,Ahmedabad,1,23.84,0.032,23.08,10.46,3.0,4,Delivered,Net Banking,Consumer,2024,4,Apr,Q2,45.32
AMZ100646,CUST10451,2024-08-25,Smart Watch,Electronics,North,Haryana,Gurugram,1,145.39,0.034,0.0,0.0,3.9,4,Cancelled,UPI,Corporate,2024,8,Aug,Q3,0.0
AMZ100647,CUST10412,2025-06-29,Yoga Mat,Sports,North,Delhi,Delhi,1,28.42,0.087,0.0,0.0,5.0,4,Cancelled,Debit Card,Corporate,2025,6,Jun,Q2,0.0
AMZ100648,CUST10643,2024-06-17,Running Shoes,Sports,South,Tamil Nadu,Chennai,2,67.67,0.184,110.44,9.09,4.4,7,Delivered,Debit Card,Consumer,2024,6,Jun,Q2,8.23
AMZ100649,CUST10237,2025-06-05,Office Chair,Home,South,Tamil Nadu,Chennai,2,168.42,0.241,255.66,26.32,3.7,3,Delivered,Net Banking,Consumer,2025,6,Jun,Q2,10.29
AMZ100650,CUST10758,2025-09-25,Wireless Headphones,Electronics,South,Karnataka,Bengaluru,2,82.66,0.27,120.68,1.77,3.7,6,Delivered,Amazon Pay,Consumer,2025,9,Sep,Q3,1.47
AMZ100651,CUST10738,2025-10-18,Mechanical Keyboard,Electronics,North,Delhi,Delhi,1,91.82,0.187,0.0,0.0,4.8,1,Cancelled,Amazon Pay,Consumer,2025,10,Oct,Q4,0.0
AMZ100652,CUST10720,2025-05-30,Mechanical Keyboard,Electronics,North,Delhi,Delhi,1,89.75,0.002,89.57,12.65,4.5,3,Delivered,Net Banking,Corporate,2025,5,May,Q2,14.12
AMZ100653,CUST10406,2025-01-31,Gaming Mouse,Electronics,South,Karnataka,Bengaluru,1,39.6,0.056,37.38,4.8,3.8,3,Delivered,Credit Card,Consumer,2025,1,Jan,Q1,12.84
AMZ100654,CUST10608,2024-04-15,Cookware Set,Home,South,Tamil Nadu,Chennai,1,122.24,0.03,0.0,0.0,3.9,1,Cancelled,UPI,Corporate,2024,4,Apr,Q2,0.0
AMZ100655,CUST10422,2024-03-25,Smart Watch,Electronics,North,Rajasthan,Jaipur,1,143.8,0.109,128.13,-3.43,3.8,3,Returned,Net Banking,Consumer,2024,3,Mar,Q1,-2.68
AMZ100656,CUST10712,2024-08-01,Air Fryer,Home,West,Maharashtra,Pune,2,103.31,0.15,175.63,-5.67,3.4,5,Returned,Debit Card,Corporate,2024,8,Aug,Q3,-3.23
AMZ100657,CUST10247,2024-04-30,Cotton T-Shirt,Fashion,West,Maharashtra,Pune,1,25.84,0.013,25.5,5.46,4.2,5,Delivered,Debit Card,Corporate,2024,4,Apr,Q2,21.41
AMZ100658,CUST10072,2024-05-11,Laptop Pro 14,Electronics,South,Karnataka,Bengaluru,1,865.24,0.105,774.39,90.79,4.8,3,Delivered,UPI,Corporate,2024,5,May,Q2,11.72
AMZ100659,CUST10830,2024-07-15,Business Book,Books,North,Delhi,Delhi,1,37.15,0.054,0.0,0.0,5.0,4,Cancelled,Amazon Pay,Corporate,2024,7,Jul,Q3,0.0
AMZ100660,CUST10185,2024-01-19,Novel Collection,Books,West,Gujarat,Ahmedabad,2,51.21,0.194,82.55,-5.45,3.5,5,Returned,Amazon Pay,Corporate,2024,1,Jan,Q1,-6.6
AMZ100661,CUST10006,2025-10-03,Desk Lamp,Home,South,Karnataka,Bengaluru,1,39.14,0.139,0.0,0.0,3.6,4,Cancelled,Debit Card,Corporate,2025,10,Oct,Q4,0.0
AMZ100662,CUST10206,2024-01-12,USB-C Hub,Electronics,North,Rajasthan,Jaipur,1,29.33,0.149,24.96,9.4,4.4,5,Delivered,UPI,Home Office,2024,1,Jan,Q1,37.66
AMZ100663,CUST10544,2024-03-21,Bluetooth Speaker,Electronics,South,Karnataka,Bengaluru,2,62.15,0.128,0.0,0.0,4.2,7,Cancelled,Debit Card,Home Office,2024,3,Mar,Q1,0.0
AMZ100664,CUST10611,2024-11-25,Cotton T-Shirt,Fashion,South,Telangana,Hyderabad,1,22.31,0.287,15.91,-6.49,4.3,4,Delivered,Amazon Pay,Corporate,2024,11,Nov,Q4,-40.79
AMZ100665,CUST10906,2025-01-26,4K Smart TV,Electronics,North,Haryana,Gurugram,1,523.34,0.064,489.85,66.06,4.2,4,Delivered,Amazon Pay,Consumer,2025,1,Jan,Q1,13.49
AMZ100666,CUST10387,2025-09-28,4K Smart TV,Electronics,North,Delhi,Delhi,1,590.14,0.155,498.67,60.45,4.0,4,Delivered,UPI,Corporate,2025,9,Sep,Q3,12.12
AMZ100667,CUST10768,2024-11-02,Gaming Mouse,Electronics,South,Tamil Nadu,Coimbatore,1,43.07,0.221,0.0,0.0,3.5,5,Cancelled,Debit Card,Home Office,2024,11,Nov,Q4,0.0
AMZ100668,CUST10699,2024-09-23,Cookware Set,Home,East,West Bengal,Kolkata,2,120.07,0.167,200.04,34.47,3.9,5,Delivered,Debit Card,Corporate,2024,9,Sep,Q3,17.23
AMZ100669,CUST10076,2025-03-22,Backpack,Fashion,East,West Bengal,Kolkata,2,43.63,0.279,0.0,0.0,3.4,4,Cancelled,Credit Card,Home Office,2025,3,Mar,Q1,0.0
AMZ100670,CUST10177,2025-03-16,Business Book,Books,North,Delhi,Delhi,1,35.78,0.113,31.74,14.62,4.3,4,Delivered,Credit Card,Consumer,2025,3,Mar,Q1,46.06
AMZ100671,CUST10827,2025-10-13,USB-C Hub,Electronics,South,Tamil Nadu,Coimbatore,1,30.04,0.139,25.86,9.34,3.8,6,Delivered,Debit Card,Corporate,2025,10,Oct,Q4,36.12
AMZ100672,CUST10799,2024-01-02,Yoga Mat,Sports,South,Kerala,Kochi,1,27.71,0.027,26.96,14.1,4.6,4,Delivered,UPI,Home Office,2024,1,Jan,Q1,52.3
AMZ100673,CUST10349,2025-06-03,Cookware Set,Home,North,Rajasthan,Jaipur,1,130.48,0.183,106.6,15.97,4.0,4,Delivered,Credit Card,Home Office,2025,6,Jun,Q2,14.98
AMZ100674,CUST10255,2025-10-12,USB-C Hub,Electronics,South,Telangana,Hyderabad,1,30.87,0.086,28.22,-0.03,3.9,4,Returned,Amazon Pay,Corporate,2025,10,Oct,Q4,-0.11
AMZ100675,CUST10837,2025-09-27,Smartphone X,Electronics,South,Telangana,Hyderabad,1,748.9,0.048,712.95,-24.36,4.4,1,Returned,UPI,Corporate,2025,9,Sep,Q3,-3.42
AMZ100676,CUST10702,2024-11-04,Cotton T-Shirt,Fashion,South,Tamil Nadu,Chennai,1,25.46,0.163,21.31,4.73,4.3,3,Delivered,Amazon Pay,Home Office,2024,11,Nov,Q4,22.2
AMZ100677,CUST10308,2025-06-05,Cotton T-Shirt,Fashion,North,Haryana,Gurugram,2,22.53,0.16,0.0,0.0,3.4,4,Cancelled,Debit Card,Home Office,2025,6,Jun,Q2,0.0
AMZ100678,CUST10345,2025-04-13,Office Chair,Home,West,Maharashtra,Pune,1,185.43,0.023,181.17,38.74,5.0,4,Delivered,Credit Card,Consumer,2025,4,Apr,Q2,21.38
AMZ100679,CUST10127,2024-07-30,Novel Collection,Books,West,Maharashtra,Mumbai,1,52.95,0.209,41.88,7.91,4.0,4,Delivered,Net Banking,Consumer,2024,7,Jul,Q3,18.89
AMZ100680,CUST10937,2024-04-21,Smart Watch,Electronics,North,Rajasthan,Jaipur,1,153.28,0.187,124.62,9.3,3.3,10,Delivered,Credit Card,Corporate,2024,4,Apr,Q2,7.46
AMZ100681,CUST10287,2024-01-08,Running Shoes,Sports,West,Maharashtra,Mumbai,2,74.51,0.057,140.53,32.65,3.8,3,Delivered,Credit Card,Consumer,2024,1,Jan,Q1,23.23
AMZ100682,CUST10766,2025-04-21,USB-C Hub,Electronics,West,Maharashtra,Mumbai,1,26.94,0.141,23.14,2.11,3.3,7,Delivered,UPI,Consumer,2025,4,Apr,Q2,9.12
AMZ100683,CUST10725,2025-04-04,Laptop Pro 14,Electronics,North,Delhi,Delhi,1,886.26,0.216,694.83,-13.72,3.7,1,Returned,Debit Card,Corporate,2025,4,Apr,Q2,-1.97
AMZ100684,CUST10762,2024-09-09,Smartphone X,Electronics,East,West Bengal,Kolkata,1,721.05,0.159,606.4,66.54,3.9,4,Delivered,Amazon Pay,Corporate,2024,9,Sep,Q3,10.97
AMZ100685,CUST10596,2025-06-09,Cotton T-Shirt,Fashion,East,West Bengal,Kolkata,2,24.79,0.119,0.0,0.0,3.9,2,Cancelled,Amazon Pay,Home Office,2025,6,Jun,Q2,0.0
AMZ100686,CUST10487,2025-03-13,Bluetooth Speaker,Electronics,West,Maharashtra,Pune,1,67.89,0.097,61.3,15.81,4.5,2,Delivered,Debit Card,Home Office,2025,3,Mar,Q1,25.79
AMZ100687,CUST10383,2025-10-22,Desk Lamp,Home,North,Delhi,Delhi,2,41.09,0.183,67.14,7.89,4.2,4,Delivered,Debit Card,Consumer,2025,10,Oct,Q4,11.75
AMZ100688,CUST10406,2024-08-23,Bluetooth Speaker,Electronics,West,Maharashtra,Mumbai,2,62.92,0.282,90.35,2.09,3.7,5,Delivered,Net Banking,Corporate,2024,8,Aug,Q3,2.31
AMZ100689,CUST10388,2024-11-01,Notebook Pack,Office,South,Tamil Nadu,Coimbatore,2,15.36,0.202,24.51,9.81,4.0,2,Delivered,Net Banking,Corporate,2024,11,Nov,Q4,40.02
AMZ100690,CUST10525,2025-04-22,Laptop Pro 14,Electronics,South,Kerala,Kochi,1,867.42,0.022,848.34,130.89,3.6,5,Delivered,Debit Card,Home Office,2025,4,Apr,Q2,15.43
AMZ100691,CUST10557,2025-11-09,Gaming Mouse,Electronics,West,Gujarat,Ahmedabad,1,38.87,0.138,33.51,2.67,4.4,5,Delivered,Amazon Pay,Consumer,2025,11,Nov,Q4,7.97
AMZ100692,CUST10639,2024-01-20,Data Science Book,Books,East,West Bengal,Kolkata,1,44.59,0.267,32.68,-3.07,4.4,5,Returned,Net Banking,Consumer,2024,1,Jan,Q1,-9.39
AMZ100693,CUST10938,2024-08-03,Gaming Mouse,Electronics,North,Rajasthan,Jaipur,3,39.83,0.028,116.14,20.34,3.2,5,Delivered,Net Banking,Corporate,2024,8,Aug,Q3,17.51
AMZ100694,CUST10626,2024-05-14,Backpack,Fashion,South,Tamil Nadu,Coimbatore,1,43.83,0.297,30.81,-5.71,4.0,6,Delivered,Net Banking,Corporate,2024,5,May,Q2,-18.53
AMZ100695,CUST10945,2024-05-08,Cotton T-Shirt,Fashion,North,Rajasthan,Jaipur,1,25.85,0.285,18.48,-0.53,4.3,5,Returned,Credit Card,Consumer,2024,5,May,Q2,-2.87
AMZ100696,CUST10276,2025-02-13,Cotton T-Shirt,Fashion,South,Tamil Nadu,Chennai,1,22.77,0.023,22.25,-1.56,3.6,5,Delivered,Debit Card,Corporate,2025,2,Feb,Q1,-7.01
AMZ100697,CUST10500,2025-02-25,Coffee Maker,Home,South,Karnataka,Bengaluru,1,110.21,0.28,79.35,-2.17,3.5,6,Returned,Credit Card,Home Office,2025,2,Feb,Q1,-2.73
AMZ100698,CUST10717,2024-10-20,Data Science Book,Books,West,Gujarat,Ahmedabad,1,49.58,0.109,0.0,0.0,4.2,4,Cancelled,Net Banking,Home Office,2024,10,Oct,Q4,0.0
AMZ100699,CUST10337,2024-09-02,Air Fryer,Home,East,West Bengal,Kolkata,1,101.73,0.253,75.99,7.36,3.9,4,Delivered,UPI,Corporate,2024,9,Sep,Q3,9.69
AMZ100700,CUST10950,2025-12-01,Business Book,Books,South,Telangana,Hyderabad,1,34.45,0.126,30.11,4.8,4.8,2,Delivered,UPI,Home Office,2025,12,Dec,Q4,15.94
AMZ100701,CUST10932,2025-07-09,Data Science Book,Books,East,West Bengal,Kolkata,2,47.53,0.132,82.51,-4.29,3.4,5,Returned,UPI,Corporate,2025,7,Jul,Q3,-5.2
AMZ100702,CUST10481,2024-03-26,Fitness Tracker,Sports,South,Tamil Nadu,Coimbatore,1,59.61,0.19,48.28,-1.48,4.6,5,Returned,Debit Card,Corporate,2024,3,Mar,Q1,-3.07
AMZ100703,CUST10897,2025-07-09,Mechanical Keyboard,Electronics,South,Tamil Nadu,Chennai,1,90.62,0.232,0.0,0.0,3.3,4,Cancelled,Net Banking,Home Office,2025,7,Jul,Q3,0.0
AMZ100704,CUST10911,2025-01-09,4K Smart TV,Electronics,North,Rajasthan,Jaipur,1,576.06,0.01,570.3,83.96,4.0,3,Delivered,Debit Card,Corporate,2025,1,Jan,Q1,14.72
AMZ100705,CUST10273,2025-03-21,Smartphone X,Electronics,West,Maharashtra,Mumbai,1,725.39,0.178,596.27,58.67,3.6,5,Delivered,Net Banking,Corporate,2025,3,Mar,Q1,9.84
AMZ100706,CUST10920,2025-01-12,Cookware Set,Home,South,Telangana,Hyderabad,2,123.91,0.056,0.0,0.0,4.7,6,Cancelled,Net Banking,Home Office,2025,1,Jan,Q1,0.0
AMZ100707,CUST10058,2025-01-24,Novel Collection,Books,North,Delhi,Delhi,1,52.61,0.104,47.14,-2.17,4.7,7,Returned,Debit Card,Home Office,2025,1,Jan,Q1,-4.6
AMZ100708,CUST10328,2025-10-18,Bluetooth Speaker,Electronics,North,Haryana,Gurugram,1,63.63,0.104,0.0,0.0,3.4,3,Cancelled,Amazon Pay,Corporate,2025,10,Oct,Q4,0.0
AMZ100709,CUST10731,2024-02-20,Office Chair,Home,West,Maharashtra,Mumbai,1,185.56,0.141,159.4,23.17,4.3,1,Delivered,Debit Card,Consumer,2024,2,Feb,Q1,14.54
AMZ100710,CUST10109,2024-08-29,Coffee Maker,Home,North,Haryana,Gurugram,2,113.14,0.1,0.0,0.0,3.7,6,Cancelled,Credit Card,Corporate,2024,8,Aug,Q3,0.0
AMZ100711,CUST10279,2024-10-20,Running Shoes,Sports,West,Gujarat,Ahmedabad,1,69.63,0.032,0.0,0.0,4.5,4,Cancelled,Credit Card,Home Office,2024,10,Oct,Q4,0.0
AMZ100712,CUST10686,2025-07-16,Desk Lamp,Home,South,Kerala,Kochi,2,41.93,0.044,80.17,-2.63,3.3,1,Returned,UPI,Consumer,2025,7,Jul,Q3,-3.28
AMZ100713,CUST10328,2024-09-22,Sneakers,Fashion,South,Karnataka,Bengaluru,1,69.32,0.01,68.63,22.25,3.1,2,Delivered,Credit Card,Home Office,2024,9,Sep,Q3,32.42
AMZ100714,CUST10776,2024-04-29,Coffee Maker,Home,South,Kerala,Kochi,1,116.33,0.141,99.93,16.21,3.9,4,Delivered,Net Banking,Corporate,2024,4,Apr,Q2,16.22
AMZ100715,CUST10315,2025-12-12,Laptop Pro 14,Electronics,South,Telangana,Hyderabad,1,911.01,0.286,650.46,41.29,4.6,3,Delivered,Credit Card,Corporate,2025,12,Dec,Q4,6.35
AMZ100716,CUST10474,2024-09-04,Data Science Book,Books,West,Maharashtra,Pune,2,50.75,0.035,97.95,28.85,4.0,7,Delivered,UPI,Consumer,2024,9,Sep,Q3,29.45
AMZ100717,CUST10111,2024-03-10,Business Book,Books,South,Telangana,Hyderabad,1,35.49,0.284,25.41,-0.2,3.8,7,Returned,Amazon Pay,Corporate,2024,3,Mar,Q1,-0.79
AMZ100718,CUST10699,2024-02-26,Business Book,Books,South,Kerala,Kochi,2,34.34,0.22,53.57,11.91,4.2,2,Delivered,Amazon Pay,Home Office,2024,2,Feb,Q1,22.23
AMZ100719,CUST10781,2025-01-16,Smartphone X,Electronics,East,West Bengal,Kolkata,1,701.61,0.191,567.6,52.11,4.3,7,Delivered,Net Banking,Home Office,2025,1,Jan,Q1,9.18
AMZ100720,CUST10935,2024-02-08,Air Fryer,Home,South,Tamil Nadu,Coimbatore,1,96.55,0.194,77.82,-3.7,3.2,3,Returned,Net Banking,Corporate,2024,2,Feb,Q1,-4.75
AMZ100721,CUST10229,2025-03-18,Desk Organizer,Office,North,Rajasthan,Jaipur,1,23.67,0.248,0.0,0.0,4.8,5,Cancelled,Net Banking,Home Office,2025,3,Mar,Q1,0.0
AMZ100722,CUST10497,2024-01-18,Bluetooth Speaker,Electronics,East,West Bengal,Kolkata,2,68.83,0.032,133.25,10.97,4.3,5,Delivered,Amazon Pay,Corporate,2024,1,Jan,Q1,8.23
AMZ100723,CUST10156,2024-12-17,Fitness Tracker,Sports,East,West Bengal,Kolkata,1,60.96,0.151,0.0,0.0,4.2,7,Cancelled,Credit Card,Home Office,2024,12,Dec,Q4,0.0
AMZ100724,CUST10473,2024-10-24,Backpack,Fashion,South,Tamil Nadu,Coimbatore,2,45.8,0.209,72.46,11.53,4.8,2,Delivered,Net Banking,Corporate,2024,10,Oct,Q4,15.91
AMZ100725,CUST10701,2024-10-09,Yoga Mat,Sports,South,Tamil Nadu,Coimbatore,2,26.11,0.176,43.03,10.57,3.9,5,Delivered,UPI,Consumer,2024,10,Oct,Q4,24.56
AMZ100726,CUST10272,2025-08-08,Air Fryer,Home,West,Gujarat,Ahmedabad,2,98.11,0.25,147.16,11.64,4.5,6,Delivered,Amazon Pay,Consumer,2025,8,Aug,Q3,7.91
AMZ100727,CUST10887,2024-04-19,Smart Watch,Electronics,West,Maharashtra,Mumbai,1,152.84,0.022,149.48,-6.31,4.6,6,Returned,Amazon Pay,Home Office,2024,4,Apr,Q2,-4.22
AMZ100728,CUST10002,2024-06-28,Gaming Mouse,Electronics,West,Maharashtra,Pune,1,40.35,0.207,32.0,4.72,3.6,4,Delivered,UPI,Home Office,2024,6,Jun,Q2,14.75
AMZ100729,CUST10758,2025-06-27,Backpack,Fashion,West,Maharashtra,Pune,2,47.5,0.16,79.8,18.84,3.6,5,Delivered,UPI,Consumer,2025,6,Jun,Q2,23.61
AMZ100730,CUST10722,2024-01-25,Notebook Pack,Office,East,West Bengal,Kolkata,1,16.86,0.114,14.94,5.54,3.6,2,Delivered,Net Banking,Home Office,2024,1,Jan,Q1,37.08
AMZ100731,CUST10511,2024-02-26,Data Science Book,Books,North,Haryana,Gurugram,1,48.52,0.102,43.57,11.66,3.6,1,Delivered,UPI,Home Office,2024,2,Feb,Q1,26.76
AMZ100732,CUST10913,2024-06-28,Smart Watch,Electronics,West,Gujarat,Ahmedabad,1,139.04,0.186,113.18,7.55,3.1,1,Delivered,UPI,Consumer,2024,6,Jun,Q2,6.67
AMZ100733,CUST10286,2024-08-19,4K Smart TV,Electronics,East,West Bengal,Kolkata,1,505.18,0.267,370.3,-6.89,4.8,3,Returned,Net Banking,Home Office,2024,8,Aug,Q3,-1.86
AMZ100734,CUST10871,2024-12-08,Smart Watch,Electronics,South,Karnataka,Bengaluru,1,160.61,0.149,0.0,0.0,3.4,3,Cancelled,Net Banking,Home Office,2024,12,Dec,Q4,0.0
AMZ100735,CUST10013,2025-04-21,Office Chair,Home,North,Rajasthan,Jaipur,1,183.96,0.247,138.52,15.96,4.0,2,Delivered,UPI,Corporate,2025,4,Apr,Q2,11.52
AMZ100736,CUST10608,2025-07-29,Mechanical Keyboard,Electronics,South,Tamil Nadu,Coimbatore,1,96.7,0.121,85.0,3.97,3.8,6,Delivered,Credit Card,Corporate,2025,7,Jul,Q3,4.67
AMZ100737,CUST10498,2025-03-30,Running Shoes,Sports,West,Maharashtra,Mumbai,1,67.58,0.031,65.49,7.37,4.0,6,Delivered,UPI,Home Office,2025,3,Mar,Q1,11.25
AMZ100738,CUST10733,2024-08-19,4K Smart TV,Electronics,North,Delhi,Delhi,1,553.12,0.018,0.0,0.0,4.0,3,Cancelled,Amazon Pay,Home Office,2024,8,Aug,Q3,0.0
AMZ100739,CUST10238,2024-10-15,Business Book,Books,South,Tamil Nadu,Coimbatore,1,33.74,0.015,33.23,-2.86,4.3,4,Returned,Net Banking,Corporate,2024,10,Oct,Q4,-8.61
AMZ100740,CUST10094,2024-07-31,Desk Lamp,Home,South,Karnataka,Bengaluru,1,41.76,0.114,37.0,7.32,3.6,5,Delivered,Debit Card,Corporate,2024,7,Jul,Q3,19.78
AMZ100741,CUST10338,2024-09-14,Running Shoes,Sports,North,Haryana,Gurugram,1,73.54,0.101,66.11,14.52,4.9,1,Delivered,Amazon Pay,Home Office,2024,9,Sep,Q3,21.96
AMZ100742,CUST10781,2025-06-13,Laptop Pro 14,Electronics,South,Telangana,Hyderabad,1,861.92,0.215,676.61,59.16,2.8,4,Delivered,Credit Card,Corporate,2025,6,Jun,Q2,8.74
AMZ100743,CUST10171,2025-11-17,Data Science Book,Books,South,Telangana,Hyderabad,1,45.39,0.223,0.0,0.0,3.5,3,Cancelled,Amazon Pay,Home Office,2025,11,Nov,Q4,0.0
AMZ100744,CUST10606,2024-08-16,Novel Collection,Books,South,Kerala,Kochi,1,52.58,0.015,51.79,17.88,5.0,5,Delivered,Amazon Pay,Home Office,2024,8,Aug,Q3,34.52
AMZ100745,CUST10661,2024-08-13,Cotton T-Shirt,Fashion,South,Karnataka,Bengaluru,2,22.48,0.066,41.99,15.39,4.3,3,Delivered,UPI,Corporate,2024,8,Aug,Q3,36.65
AMZ100746,CUST10624,2025-08-18,Air Fryer,Home,South,Kerala,Kochi,1,95.81,0.082,87.95,11.97,3.7,5,Delivered,Debit Card,Home Office,2025,8,Aug,Q3,13.61
AMZ100747,CUST10567,2025-03-10,Cotton T-Shirt,Fashion,East,West Bengal,Kolkata,2,24.89,0.164,41.62,11.09,5.0,4,Delivered,Amazon Pay,Corporate,2025,3,Mar,Q1,26.65
AMZ100748,CUST10849,2025-02-05,Sneakers,Fashion,North,Delhi,Delhi,1,69.15,0.043,66.18,17.23,3.5,6,Delivered,Amazon Pay,Home Office,2025,2,Feb,Q1,26.04
AMZ100749,CUST10936,2025-09-13,Smartphone X,Electronics,South,Tamil Nadu,Chennai,1,749.53,0.04,719.55,104.23,5.0,5,Delivered,Amazon Pay,Home Office,2025,9,Sep,Q3,14.49
AMZ100750,CUST10467,2024-03-28,Gaming Mouse,Electronics,South,Tamil Nadu,Coimbatore,1,43.38,0.283,31.1,0.82,4.0,3,Delivered,UPI,Consumer,2024,3,Mar,Q1,2.64
AMZ100751,CUST10628,2025-08-06,Office Chair,Home,South,Tamil Nadu,Chennai,1,181.91,0.241,138.07,11.55,2.9,5,Delivered,Credit Card,Consumer,2025,8,Aug,Q3,8.37
AMZ100752,CUST10143,2025-06-25,Cookware Set,Home,North,Haryana,Gurugram,1,130.61,0.054,123.56,20.5,3.3,5,Delivered,UPI,Consumer,2025,6,Jun,Q2,16.59
AMZ100753,CUST10201,2025-11-14,Mechanical Keyboard,Electronics,East,West Bengal,Kolkata,1,96.23,0.122,84.49,4.28,3.9,6,Delivered,UPI,Corporate,2025,11,Nov,Q4,5.07
AMZ100754,CUST10180,2024-11-04,Coffee Maker,Home,West,Maharashtra,Pune,1,120.41,0.107,107.53,25.53,4.0,1,Delivered,Debit Card,Consumer,2024,11,Nov,Q4,23.74
AMZ100755,CUST10714,2024-12-08,Bluetooth Speaker,Electronics,South,Tamil Nadu,Coimbatore,1,63.56,0.237,48.5,5.67,4.8,3,Delivered,Debit Card,Home Office,2024,12,Dec,Q4,11.69
AMZ100756,CUST10364,2025-03-11,Wireless Headphones,Electronics,South,Kerala,Kochi,1,83.55,0.153,70.77,9.64,4.2,4,Delivered,Credit Card,Home Office,2025,3,Mar,Q1,13.62
AMZ100757,CUST10479,2024-06-25,Yoga Mat,Sports,West,Maharashtra,Pune,2,30.14,0.038,0.0,0.0,4.0,5,Cancelled,Amazon Pay,Consumer,2024,6,Jun,Q2,0.0
AMZ100758,CUST10565,2024-05-18,Notebook Pack,Office,West,Maharashtra,Mumbai,1,14.8,0.222,11.51,1.98,3.9,9,Delivered,UPI,Consumer,2024,5,May,Q2,17.2
AMZ100759,CUST10471,2024-07-12,Office Chair,Home,North,Delhi,Delhi,1,179.5,0.119,158.14,28.59,4.3,6,Delivered,Debit Card,Home Office,2024,7,Jul,Q3,18.08
AMZ100760,CUST10384,2024-07-04,Cotton T-Shirt,Fashion,North,Delhi,Delhi,1,23.6,0.079,21.74,4.86,4.8,6,Delivered,Credit Card,Home Office,2024,7,Jul,Q3,22.36
AMZ100761,CUST10692,2024-08-05,Mechanical Keyboard,Electronics,South,Telangana,Hyderabad,1,95.19,0.113,84.43,16.23,4.0,6,Delivered,Debit Card,Corporate,2024,8,Aug,Q3,19.22
AMZ100762,CUST10926,2024-06-12,Desk Organizer,Office,West,Gujarat,Ahmedabad,2,20.84,0.149,0.0,0.0,4.7,4,Cancelled,UPI,Home Office,2024,6,Jun,Q2,0.0
AMZ100763,CUST10417,2024-06-09,Notebook Pack,Office,South,Tamil Nadu,Coimbatore,1,16.2,0.103,14.53,0.36,3.7,9,Delivered,Debit Card,Corporate,2024,6,Jun,Q2,2.48
AMZ100764,CUST10825,2025-06-08,Laptop Pro 14,Electronics,South,Kerala,Kochi,1,860.86,0.073,0.0,0.0,3.7,3,Cancelled,Credit Card,Consumer,2025,6,Jun,Q2,0.0
AMZ100765,CUST10308,2025-08-23,Business Book,Books,North,Haryana,Gurugram,2,35.08,0.12,61.74,19.28,4.3,2,Delivered,Net Banking,Corporate,2025,8,Aug,Q3,31.23
AMZ100766,CUST10649,2024-02-11,Laptop Pro 14,Electronics,South,Tamil Nadu,Chennai,1,914.24,0.006,908.75,150.28,4.0,4,Delivered,UPI,Consumer,2024,2,Feb,Q1,16.54
AMZ100767,CUST10694,2024-07-28,Office Chair,Home,North,Haryana,Gurugram,1,191.23,0.232,146.86,10.65,3.6,3,Delivered,UPI,Corporate,2024,7,Jul,Q3,7.25
AMZ100768,CUST10367,2024-10-01,Coffee Maker,Home,West,Maharashtra,Pune,2,116.27,0.051,220.68,44.88,3.3,4,Delivered,Debit Card,Corporate,2024,10,Oct,Q4,20.34
AMZ100769,CUST10001,2024-10-05,Desk Lamp,Home,West,Maharashtra,Pune,1,38.23,0.013,0.0,0.0,4.4,5,Cancelled,UPI,Corporate,2024,10,Oct,Q4,0.0
AMZ100770,CUST10044,2024-09-07,Fitness Tracker,Sports,South,Karnataka,Bengaluru,1,62.39,0.196,50.16,8.1,4.5,6,Delivered,Debit Card,Corporate,2024,9,Sep,Q3,16.15
AMZ100771,CUST10739,2024-11-05,Data Science Book,Books,West,Maharashtra,Mumbai,1,51.8,0.232,39.78,9.78,3.7,5,Delivered,UPI,Home Office,2024,11,Nov,Q4,24.59
AMZ100772,CUST10843,2025-12-20,Bluetooth Speaker,Electronics,South,Tamil Nadu,Coimbatore,1,64.72,0.244,0.0,0.0,4.8,6,Cancelled,UPI,Consumer,2025,12,Dec,Q4,0.0
AMZ100773,CUST10098,2024-05-19,Business Book,Books,North,Delhi,Delhi,1,34.88,0.148,0.0,0.0,4.5,6,Cancelled,Credit Card,Corporate,2024,5,May,Q2,0.0
AMZ100774,CUST10720,2025-06-29,Desk Lamp,Home,North,Rajasthan,Jaipur,2,40.89,0.062,76.71,15.02,3.2,5,Delivered,UPI,Corporate,2025,6,Jun,Q2,19.58
AMZ100775,CUST10265,2025-06-13,Cotton T-Shirt,Fashion,South,Kerala,Kochi,1,22.87,0.221,17.82,0.47,,4,Delivered,Debit Card,Home Office,2025,6,Jun,Q2,2.64
AMZ100776,CUST10800,2024-02-26,Laptop Pro 14,Electronics,North,Haryana,Gurugram,2,882.38,0.21,1394.16,123.42,4.2,1,Delivered,UPI,Home Office,2024,2,Feb,Q1,8.85
AMZ100777,CUST10783,2024-04-21,Wireless Headphones,Electronics,South,Kerala,Kochi,2,81.57,0.074,151.07,-4.29,3.8,2,Returned,Amazon Pay,Consumer,2024,4,Apr,Q2,-2.84
AMZ100778,CUST10140,2024-01-05,Running Shoes,Sports,West,Maharashtra,Pune,1,72.56,0.271,52.9,7.33,4.7,3,Delivered,Debit Card,Corporate,2024,1,Jan,Q1,13.86
AMZ100779,CUST10481,2025-02-13,Smartphone X,Electronics,West,Gujarat,Ahmedabad,1,659.54,0.031,639.09,96.2,3.9,4,Delivered,Debit Card,Consumer,2025,2,Feb,Q1,15.05
AMZ100780,CUST10237,2025-02-17,Laptop Pro 14,Electronics,South,Telangana,Hyderabad,1,899.96,0.295,634.47,33.24,4.1,4,Delivered,Amazon Pay,Consumer,2025,2,Feb,Q1,5.24
AMZ100781,CUST10904,2024-06-30,Data Science Book,Books,South,Tamil Nadu,Chennai,2,45.5,0.258,67.52,23.54,4.4,4,Delivered,Amazon Pay,Corporate,2024,6,Jun,Q2,34.86
AMZ100782,CUST10072,2024-01-13,Air Fryer,Home,West,Maharashtra,Mumbai,2,105.43,0.206,167.42,-6.98,3.1,4,Returned,Credit Card,Corporate,2024,1,Jan,Q1,-4.17
AMZ100783,CUST10667,2024-12-04,Desk Organizer,Office,West,Gujarat,Ahmedabad,1,20.59,0.282,14.78,-0.37,4.4,6,Delivered,Net Banking,Consumer,2024,12,Dec,Q4,-2.5
AMZ100784,CUST10190,2024-09-15,Gaming Mouse,Electronics,West,Maharashtra,Mumbai,1,39.17,0.217,30.67,3.81,3.8,5,Delivered,Net Banking,Consumer,2024,9,Sep,Q3,12.42
AMZ100785,CUST10268,2024-03-30,Desk Lamp,Home,South,Karnataka,Bengaluru,1,36.7,0.057,34.61,5.39,5.0,6,Delivered,Credit Card,Corporate,2024,3,Mar,Q1,15.57
AMZ100786,CUST10321,2025-09-07,Mechanical Keyboard,Electronics,North,Rajasthan,Jaipur,2,98.66,0.133,171.08,-4.67,3.7,4,Returned,Credit Card,Corporate,2025,9,Sep,Q3,-2.73
AMZ100787,CUST10107,2025-11-28,Mechanical Keyboard,Electronics,West,Maharashtra,Pune,1,101.82,0.021,99.68,14.77,3.8,1,Delivered,Credit Card,Corporate,2025,11,Nov,Q4,14.82
AMZ100788,CUST10232,2024-09-06,Gaming Mouse,Electronics,South,Telangana,Hyderabad,1,41.47,0.117,0.0,0.0,4.8,4,Cancelled,Debit Card,Corporate,2024,9,Sep,Q3,0.0
AMZ100789,CUST10042,2024-09-11,Smartphone X,Electronics,South,Tamil Nadu,Coimbatore,2,685.44,0.222,1066.54,84.44,4.7,5,Delivered,Amazon Pay,Home Office,2024,9,Sep,Q3,7.92
AMZ100790,CUST10702,2025-08-10,Data Science Book,Books,West,Gujarat,Ahmedabad,1,44.7,0.116,39.51,12.54,3.1,4,Delivered,Net Banking,Consumer,2025,8,Aug,Q3,31.74
AMZ100791,CUST10883,2024-04-17,Desk Organizer,Office,West,Maharashtra,Mumbai,1,21.76,0.099,19.61,9.98,3.6,3,Delivered,UPI,Consumer,2024,4,Apr,Q2,50.89
AMZ100792,CUST10139,2025-10-29,Mechanical Keyboard,Electronics,North,Delhi,Delhi,1,96.38,0.179,79.13,-1.73,,4,Delivered,Net Banking,Corporate,2025,10,Oct,Q4,-2.19
AMZ100793,CUST10615,2025-08-16,Data Science Book,Books,South,Karnataka,Bengaluru,1,48.86,0.262,36.06,-2.4,3.9,4,Returned,Credit Card,Home Office,2025,8,Aug,Q3,-6.66
AMZ100794,CUST10683,2025-08-11,Mechanical Keyboard,Electronics,North,Delhi,Delhi,1,96.28,0.014,0.0,0.0,4.8,3,Cancelled,UPI,Home Office,2025,8,Aug,Q3,0.0
AMZ100795,CUST10863,2025-04-29,Yoga Mat,Sports,South,Telangana,Hyderabad,2,27.03,0.116,0.0,0.0,4.6,4,Cancelled,Amazon Pay,Home Office,2025,4,Apr,Q2,0.0
AMZ100796,CUST10273,2024-09-14,Yoga Mat,Sports,South,Tamil Nadu,Coimbatore,1,28.32,0.047,26.99,5.84,3.7,5,Delivered,UPI,Home Office,2024,9,Sep,Q3,21.64
AMZ100797,CUST10481,2025-09-30,Cookware Set,Home,South,Tamil Nadu,Coimbatore,1,122.04,0.209,96.53,14.86,4.6,6,Delivered,Debit Card,Home Office,2025,9,Sep,Q3,15.39
AMZ100798,CUST10416,2024-10-08,Desk Lamp,Home,West,Gujarat,Ahmedabad,1,41.99,0.032,40.65,5.54,3.8,2,Delivered,Net Banking,Corporate,2024,10,Oct,Q4,13.63
AMZ100799,CUST10506,2024-03-28,Data Science Book,Books,South,Kerala,Kochi,1,44.47,0.199,35.62,-1.68,4.0,2,Returned,Debit Card,Home Office,2024,3,Mar,Q1,-4.72
AMZ100800,CUST10733,2024-07-22,Sneakers,Fashion,South,Karnataka,Bengaluru,1,67.43,0.086,61.63,11.47,4.2,4,Delivered,Debit Card,Consumer,2024,7,Jul,Q3,18.61
AMZ100801,CUST10725,2024-01-16,Running Shoes,Sports,South,Tamil Nadu,Coimbatore,2,75.08,0.06,141.15,-7.81,4.7,5,Returned,Credit Card,Consumer,2024,1,Jan,Q1,-5.53
AMZ100802,CUST10853,2024-05-30,Sneakers,Fashion,South,Tamil Nadu,Coimbatore,2,66.36,0.281,95.43,18.2,4.1,4,Delivered,UPI,Home Office,2024,5,May,Q2,19.07
AMZ100803,CUST10424,2024-09-10,Laptop Pro 14,Electronics,West,Gujarat,Ahmedabad,1,916.36,0.006,910.86,145.48,4.0,3,Delivered,UPI,Consumer,2024,9,Sep,Q3,15.97
AMZ100804,CUST10407,2024-07-06,Cookware Set,Home,West,Maharashtra,Pune,1,123.29,0.131,107.14,22.05,3.5,5,Delivered,UPI,Consumer,2024,7,Jul,Q3,20.58
AMZ100805,CUST10568,2024-11-24,Cotton T-Shirt,Fashion,East,West Bengal,Kolkata,1,22.31,0.006,0.0,0.0,4.1,2,Cancelled,UPI,Home Office,2024,11,Nov,Q4,0.0
AMZ100806,CUST10390,2025-06-27,Cotton T-Shirt,Fashion,South,Karnataka,Bengaluru,2,25.25,0.145,43.18,1.21,4.0,5,Delivered,Net Banking,Corporate,2025,6,Jun,Q2,2.8
AMZ100807,CUST10342,2025-01-31,4K Smart TV,Electronics,North,Delhi,Delhi,1,523.81,0.15,445.24,46.21,4.7,5,Delivered,Debit Card,Corporate,2025,1,Jan,Q1,10.38
AMZ100808,CUST10946,2025-05-31,Laptop Pro 14,Electronics,South,Telangana,Hyderabad,2,867.54,0.096,1568.51,198.05,3.6,2,Delivered,Net Banking,Corporate,2025,5,May,Q2,12.63
AMZ100809,CUST10614,2025-04-03,Desk Lamp,Home,South,Tamil Nadu,Coimbatore,1,40.01,0.04,38.41,7.95,3.6,5,Delivered,Debit Card,Corporate,2025,4,Apr,Q2,20.7
AMZ100810,CUST10933,2024-11-25,Smart Watch,Electronics,South,Tamil Nadu,Coimbatore,2,158.28,0.113,0.0,0.0,4.0,4,Cancelled,Debit Card,Consumer,2024,11,Nov,Q4,0.0
AMZ100811,CUST10493,2024-06-17,Wireless Headphones,Electronics,North,Rajasthan,Jaipur,1,76.48,0.202,61.03,9.76,3.9,6,Delivered,Credit Card,Home Office,2024,6,Jun,Q2,15.99
AMZ100812,CUST10192,2025-11-23,Smart Watch,Electronics,West,Maharashtra,Pune,2,139.84,0.235,213.96,-3.54,3.9,6,Returned,Credit Card,Consumer,2025,11,Nov,Q4,-1.65
AMZ100813,CUST10499,2024-12-31,USB-C Hub,Electronics,South,Tamil Nadu,Coimbatore,1,28.86,0.159,24.27,6.17,4.5,3,Delivered,Amazon Pay,Consumer,2024,12,Dec,Q4,25.42
AMZ100814,CUST10822,2024-06-26,Wireless Headphones,Electronics,East,West Bengal,Kolkata,1,74.95,0.177,0.0,0.0,4.1,6,Cancelled,Credit Card,Corporate,2024,6,Jun,Q2,0.0
AMZ100815,CUST10712,2025-10-16,Business Book,Books,North,Rajasthan,Jaipur,1,33.54,0.06,0.0,0.0,5.0,5,Cancelled,Debit Card,Consumer,2025,10,Oct,Q4,0.0
AMZ100816,CUST10233,2024-12-27,Business Book,Books,South,Tamil Nadu,Chennai,2,35.05,0.086,64.07,11.97,4.1,3,Delivered,Amazon Pay,Consumer,2024,12,Dec,Q4,18.68
AMZ100817,CUST10945,2025-09-30,Smartphone X,Electronics,West,Maharashtra,Pune,1,653.26,0.049,621.25,89.68,3.6,2,Delivered,Credit Card,Corporate,2025,9,Sep,Q3,14.44
AMZ100818,CUST10227,2024-02-09,Office Chair,Home,South,Telangana,Hyderabad,3,170.52,0.075,473.19,87.01,3.8,4,Delivered,Debit Card,Home Office,2024,2,Feb,Q1,18.39
AMZ100819,CUST10371,2025-02-19,Backpack,Fashion,West,Maharashtra,Mumbai,2,41.96,0.067,78.3,16.68,4.4,2,Delivered,Net Banking,Corporate,2025,2,Feb,Q1,21.3
AMZ100820,CUST10139,2024-12-20,Laptop Pro 14,Electronics,South,Karnataka,Bengaluru,1,943.94,0.156,796.69,90.51,5.0,3,Delivered,Credit Card,Corporate,2024,12,Dec,Q4,11.36
AMZ100821,CUST10856,2024-09-11,Business Book,Books,West,Gujarat,Ahmedabad,2,34.0,0.169,0.0,0.0,3.2,5,Cancelled,Net Banking,Consumer,2024,9,Sep,Q3,0.0
AMZ100822,CUST10817,2024-05-22,Backpack,Fashion,South,Telangana,Hyderabad,1,45.29,0.283,32.47,3.57,3.1,7,Delivered,Amazon Pay,Consumer,2024,5,May,Q2,10.99
AMZ100823,CUST10149,2025-12-10,Mechanical Keyboard,Electronics,South,Karnataka,Bengaluru,1,87.66,0.059,82.49,14.46,4.8,4,Delivered,UPI,Consumer,2025,12,Dec,Q4,17.53
AMZ100824,CUST10115,2025-07-30,Bluetooth Speaker,Electronics,North,Rajasthan,Jaipur,1,66.9,0.193,53.99,1.69,4.5,4,Delivered,Credit Card,Consumer,2025,7,Jul,Q3,3.13
AMZ100825,CUST10450,2024-01-11,Desk Lamp,Home,South,Kerala,Kochi,1,39.83,0.245,30.07,3.42,3.7,4,Delivered,UPI,Home Office,2024,1,Jan,Q1,11.37
AMZ100826,CUST10063,2025-09-11,Air Fryer,Home,West,Gujarat,Ahmedabad,2,91.63,0.168,152.47,22.04,3.7,4,Delivered,UPI,Consumer,2025,9,Sep,Q3,14.46
AMZ100827,CUST10104,2024-01-26,Coffee Maker,Home,North,Haryana,Gurugram,1,123.2,0.077,113.71,19.92,3.7,3,Delivered,UPI,Home Office,2024,1,Jan,Q1,17.52
AMZ100828,CUST10851,2025-02-24,Desk Organizer,Office,North,Delhi,Delhi,1,21.02,0.079,19.36,-0.42,4.1,4,Delivered,UPI,Home Office,2025,2,Feb,Q1,-2.17
AMZ100829,CUST10871,2025-10-24,Coffee Maker,Home,South,Tamil Nadu,Chennai,1,115.66,0.012,0.0,0.0,4.8,3,Cancelled,Credit Card,Home Office,2025,10,Oct,Q4,0.0
AMZ100830,CUST10668,2024-08-08,Mechanical Keyboard,Electronics,West,Maharashtra,Pune,1,101.68,0.092,92.33,-2.7,4.1,4,Returned,UPI,Corporate,2024,8,Aug,Q3,-2.92
AMZ100831,CUST10273,2025-05-10,Data Science Book,Books,South,Tamil Nadu,Coimbatore,1,51.52,0.223,40.03,8.95,5.0,6,Delivered,UPI,Consumer,2025,5,May,Q2,22.36
AMZ100832,CUST10006,2024-08-24,Sneakers,Fashion,South,Kerala,Kochi,2,65.87,0.014,129.9,36.1,4.4,2,Delivered,Amazon Pay,Corporate,2024,8,Aug,Q3,27.79
AMZ100833,CUST10147,2024-08-24,Wireless Headphones,Electronics,South,Kerala,Kochi,1,73.97,0.066,69.09,3.46,3.6,5,Delivered,Debit Card,Consumer,2024,8,Aug,Q3,5.01
AMZ100834,CUST10184,2024-08-06,Fitness Tracker,Sports,South,Telangana,Hyderabad,1,60.27,0.212,47.49,10.56,4.1,3,Delivered,Debit Card,Consumer,2024,8,Aug,Q3,22.24
AMZ100835,CUST10028,2025-05-01,Cookware Set,Home,South,Tamil Nadu,Chennai,1,138.56,0.235,0.0,0.0,3.2,1,Cancelled,Debit Card,Home Office,2025,5,May,Q2,0.0
AMZ100836,CUST10550,2025-04-05,USB-C Hub,Electronics,West,Maharashtra,Mumbai,1,29.59,0.137,25.54,-0.22,4.9,1,Returned,Net Banking,Home Office,2025,4,Apr,Q2,-0.86
AMZ100837,CUST10119,2025-10-24,Gaming Mouse,Electronics,South,Karnataka,Bengaluru,2,40.69,0.209,64.37,5.21,3.7,3,Delivered,Debit Card,Consumer,2025,10,Oct,Q4,8.09
AMZ100838,CUST10293,2025-09-26,Wireless Headphones,Electronics,South,Karnataka,Bengaluru,1,76.86,0.116,0.0,0.0,4.0,4,Cancelled,Debit Card,Home Office,2025,9,Sep,Q3,0.0
AMZ100839,CUST10371,2024-05-23,Gaming Mouse,Electronics,South,Telangana,Hyderabad,2,41.36,0.048,78.75,10.41,4.1,2,Delivered,Credit Card,Home Office,2024,5,May,Q2,13.22
AMZ100840,CUST10244,2024-07-07,Office Chair,Home,East,West Bengal,Kolkata,1,190.06,0.119,167.44,-6.53,3.8,8,Returned,Credit Card,Corporate,2024,7,Jul,Q3,-3.9
AMZ100841,CUST10580,2024-09-11,Wireless Headphones,Electronics,East,West Bengal,Kolkata,1,80.49,0.174,66.48,9.67,4.0,6,Delivered,Amazon Pay,Corporate,2024,9,Sep,Q3,14.55
AMZ100842,CUST10726,2024-03-08,Office Chair,Home,South,Tamil Nadu,Coimbatore,3,168.8,0.284,362.58,37.28,4.2,2,Delivered,Net Banking,Corporate,2024,3,Mar,Q1,10.28
AMZ100843,CUST10218,2025-09-07,Coffee Maker,Home,North,Haryana,Gurugram,2,121.17,0.021,237.25,54.14,3.9,4,Delivered,Debit Card,Corporate,2025,9,Sep,Q3,22.82
AMZ100844,CUST10177,2024-12-01,Cookware Set,Home,North,Delhi,Delhi,1,130.28,0.152,0.0,0.0,4.2,6,Cancelled,UPI,Consumer,2024,12,Dec,Q4,0.0
AMZ100845,CUST10299,2025-11-01,Wireless Headphones,Electronics,West,Gujarat,Ahmedabad,1,82.3,0.099,74.15,-1.92,4.4,6,Returned,Net Banking,Home Office,2025,11,Nov,Q4,-2.59
AMZ100846,CUST10676,2025-02-12,Novel Collection,Books,West,Maharashtra,Mumbai,1,54.49,0.152,46.21,5.21,4.1,3,Delivered,UPI,Corporate,2025,2,Feb,Q1,11.27
AMZ100847,CUST10058,2024-10-26,Bluetooth Speaker,Electronics,South,Tamil Nadu,Coimbatore,1,62.45,0.007,62.01,7.86,4.0,7,Delivered,Debit Card,Home Office,2024,10,Oct,Q4,12.68
AMZ100848,CUST10269,2025-08-24,Gaming Mouse,Electronics,South,Tamil Nadu,Chennai,2,39.85,0.094,72.21,3.31,5.0,5,Delivered,Amazon Pay,Home Office,2025,8,Aug,Q3,4.58
AMZ100849,CUST10308,2024-12-22,Laptop Pro 14,Electronics,East,West Bengal,Kolkata,2,858.45,0.246,1294.54,88.11,3.3,7,Delivered,Net Banking,Corporate,2024,12,Dec,Q4,6.81
AMZ100850,CUST10570,2024-09-12,Notebook Pack,Office,North,Haryana,Gurugram,1,15.71,0.166,13.1,4.55,3.1,3,Delivered,Net Banking,Home Office,2024,9,Sep,Q3,34.73
AMZ100851,CUST10288,2024-12-18,Coffee Maker,Home,North,Haryana,Gurugram,2,120.65,0.135,208.72,26.83,3.7,4,Delivered,Net Banking,Home Office,2024,12,Dec,Q4,12.85
AMZ100852,CUST10105,2025-06-04,Desk Organizer,Office,South,Telangana,Hyderabad,1,23.62,0.086,21.59,-2.27,4.5,2,Returned,Net Banking,Corporate,2025,6,Jun,Q2,-10.51
AMZ100853,CUST10228,2025-06-07,Yoga Mat,Sports,West,Maharashtra,Mumbai,1,27.94,0.089,25.45,-1.11,2.8,2,Returned,Debit Card,Corporate,2025,6,Jun,Q2,-4.36
AMZ100854,CUST10247,2025-11-24,Cookware Set,Home,North,Rajasthan,Jaipur,1,135.39,0.115,119.82,22.23,3.9,8,Delivered,Debit Card,Consumer,2025,11,Nov,Q4,18.55
AMZ100855,CUST10700,2024-10-10,Desk Lamp,Home,West,Gujarat,Ahmedabad,1,36.68,0.251,27.47,7.95,3.8,1,Delivered,Debit Card,Corporate,2024,10,Oct,Q4,28.94
AMZ100856,CUST10494,2024-11-07,Mechanical Keyboard,Electronics,North,Delhi,Delhi,1,91.89,0.29,65.24,-1.75,3.9,7,Returned,Net Banking,Home Office,2024,11,Nov,Q4,-2.68
AMZ100857,CUST10083,2024-04-08,4K Smart TV,Electronics,West,Maharashtra,Pune,1,541.4,0.132,469.94,50.52,4.9,8,Delivered,Net Banking,Home Office,2024,4,Apr,Q2,10.75
AMZ100858,CUST10186,2024-07-15,Yoga Mat,Sports,South,Telangana,Hyderabad,1,29.78,0.118,26.27,-0.42,3.3,4,Returned,Credit Card,Consumer,2024,7,Jul,Q3,-1.6
AMZ100859,CUST10252,2025-04-26,Notebook Pack,Office,West,Gujarat,Ahmedabad,1,16.73,0.254,12.48,0.28,4.6,2,Delivered,Amazon Pay,Home Office,2025,4,Apr,Q2,2.24
AMZ100860,CUST10355,2024-08-13,Desk Lamp,Home,West,Maharashtra,Pune,2,42.06,0.128,73.35,15.75,4.6,3,Delivered,Amazon Pay,Corporate,2024,8,Aug,Q3,21.47
AMZ100861,CUST10750,2025-09-06,Yoga Mat,Sports,West,Maharashtra,Pune,1,27.4,0.166,22.85,-1.78,5.0,1,Returned,Debit Card,Corporate,2025,9,Sep,Q3,-7.79
AMZ100862,CUST10872,2025-09-09,Desk Lamp,Home,West,Maharashtra,Mumbai,1,37.01,0.069,34.46,-0.61,5.0,1,Returned,Debit Card,Consumer,2025,9,Sep,Q3,-1.77
AMZ100863,CUST10696,2024-12-30,Novel Collection,Books,West,Maharashtra,Mumbai,2,51.65,0.223,80.26,-2.26,4.3,6,Returned,Debit Card,Consumer,2024,12,Dec,Q4,-2.82
AMZ100864,CUST10796,2025-01-02,Notebook Pack,Office,South,Tamil Nadu,Coimbatore,2,15.96,0.16,26.81,2.44,3.8,2,Delivered,Credit Card,Home Office,2025,1,Jan,Q1,9.1
AMZ100865,CUST10897,2025-07-23,Mechanical Keyboard,Electronics,South,Tamil Nadu,Chennai,2,87.51,0.243,132.49,13.27,3.4,6,Delivered,Credit Card,Consumer,2025,7,Jul,Q3,10.02
AMZ100866,CUST10938,2025-08-12,Wireless Headphones,Electronics,North,Haryana,Gurugram,1,74.17,0.234,56.81,-0.84,3.7,3,Returned,Credit Card,Corporate,2025,8,Aug,Q3,-1.48
AMZ100867,CUST10210,2024-03-15,Gaming Mouse,Electronics,West,Gujarat,Ahmedabad,1,39.62,0.065,37.04,2.44,3.6,5,Delivered,Debit Card,Home Office,2024,3,Mar,Q1,6.59
AMZ100868,CUST10816,2024-02-11,Data Science Book,Books,South,Telangana,Hyderabad,1,50.15,0.215,39.37,-3.08,3.6,3,Returned,Credit Card,Corporate,2024,2,Feb,Q1,-7.82
AMZ100869,CUST10808,2025-02-25,Wireless Headphones,Electronics,South,Tamil Nadu,Coimbatore,1,78.2,0.24,59.43,9.99,3.9,3,Delivered,Credit Card,Corporate,2025,2,Feb,Q1,16.81
AMZ100870,CUST10609,2024-06-29,Cotton T-Shirt,Fashion,South,Karnataka,Bengaluru,2,24.97,0.104,44.75,13.69,4.7,4,Delivered,Net Banking,Corporate,2024,6,Jun,Q2,30.59
AMZ100871,CUST10447,2025-06-28,Fitness Tracker,Sports,South,Telangana,Hyderabad,1,60.08,0.052,56.96,4.59,2.8,5,Delivered,UPI,Home Office,2025,6,Jun,Q2,8.06
AMZ100872,CUST10460,2024-03-11,Fitness Tracker,Sports,South,Tamil Nadu,Chennai,1,55.0,0.001,54.95,-3.21,4.5,5,Returned,Net Banking,Corporate,2024,3,Mar,Q1,-5.84
AMZ100873,CUST10472,2025-07-21,Air Fryer,Home,North,Delhi,Delhi,1,93.91,0.135,81.23,-0.97,3.9,4,Returned,Debit Card,Consumer,2025,7,Jul,Q3,-1.19
AMZ100874,CUST10720,2024-04-14,Fitness Tracker,Sports,South,Kerala,Kochi,1,60.96,0.106,54.5,3.54,4.3,5,Delivered,UPI,Consumer,2024,4,Apr,Q2,6.5
AMZ100875,CUST10370,2024-07-18,Cookware Set,Home,South,Kerala,Kochi,2,133.0,0.166,221.84,31.24,3.9,4,Delivered,Credit Card,Consumer,2024,7,Jul,Q3,14.08
AMZ100876,CUST10900,2024-04-10,Coffee Maker,Home,North,Haryana,Gurugram,1,109.6,0.056,103.46,9.73,4.5,4,Delivered,Amazon Pay,Consumer,2024,4,Apr,Q2,9.4
AMZ100877,CUST10934,2024-11-02,Bluetooth Speaker,Electronics,South,Kerala,Kochi,1,63.87,0.258,47.39,8.98,4.0,3,Delivered,UPI,Consumer,2024,11,Nov,Q4,18.95
AMZ100878,CUST10492,2025-08-08,Desk Organizer,Office,South,Kerala,Kochi,1,21.51,0.077,19.85,-0.36,4.9,4,Returned,Amazon Pay,Corporate,2025,8,Aug,Q3,-1.81
AMZ100879,CUST10923,2025-11-13,Desk Organizer,Office,South,Karnataka,Bengaluru,1,21.34,0.068,19.89,5.78,4.1,6,Delivered,Net Banking,Home Office,2025,11,Nov,Q4,29.06
AMZ100880,CUST10137,2025-01-11,Air Fryer,Home,East,West Bengal,Kolkata,1,96.01,0.144,82.18,6.19,4.6,5,Delivered,Debit Card,Corporate,2025,1,Jan,Q1,7.53
AMZ100881,CUST10367,2025-10-16,Fitness Tracker,Sports,North,Delhi,Delhi,1,62.47,0.15,53.1,-3.76,3.8,1,Returned,Credit Card,Consumer,2025,10,Oct,Q4,-7.08
AMZ100882,CUST10912,2025-11-08,Business Book,Books,West,Maharashtra,Mumbai,1,32.7,0.065,30.57,5.77,3.9,5,Delivered,UPI,Corporate,2025,11,Nov,Q4,18.87
AMZ100883,CUST10184,2025-02-02,Air Fryer,Home,West,Maharashtra,Pune,1,104.07,0.082,95.54,-5.61,3.8,5,Returned,Debit Card,Home Office,2025,2,Feb,Q1,-5.87
AMZ100884,CUST10588,2024-08-08,Smart Watch,Electronics,East,West Bengal,Kolkata,2,153.63,0.051,0.0,0.0,3.9,3,Cancelled,Amazon Pay,Corporate,2024,8,Aug,Q3,0.0
AMZ100885,CUST10287,2025-08-17,4K Smart TV,Electronics,South,Telangana,Hyderabad,2,558.68,0.216,876.01,69.77,3.3,1,Delivered,Credit Card,Consumer,2025,8,Aug,Q3,7.96
AMZ100886,CUST10472,2024-06-30,Smart Watch,Electronics,South,Telangana,Hyderabad,2,148.49,0.231,228.38,26.28,4.8,6,Delivered,Debit Card,Home Office,2024,6,Jun,Q2,11.51
AMZ100887,CUST10375,2024-11-02,4K Smart TV,Electronics,South,Kerala,Kochi,1,568.52,0.139,489.5,53.28,5.0,4,Delivered,Net Banking,Consumer,2024,11,Nov,Q4,10.88
AMZ100888,CUST10654,2025-06-05,Notebook Pack,Office,West,Maharashtra,Mumbai,1,16.34,0.214,12.84,-2.01,5.0,7,Delivered,Credit Card,Home Office,2025,6,Jun,Q2,-15.65
AMZ100889,CUST10749,2025-01-30,Bluetooth Speaker,Electronics,South,Tamil Nadu,Chennai,1,63.56,0.221,49.51,-0.95,4.9,4,Returned,UPI,Consumer,2025,1,Jan,Q1,-1.92
AMZ100890,CUST10537,2024-01-04,Smartphone X,Electronics,West,Gujarat,Ahmedabad,2,697.95,0.041,0.0,0.0,4.1,3,Cancelled,Debit Card,Home Office,2024,1,Jan,Q1,0.0
AMZ100891,CUST10511,2024-10-07,Smartphone X,Electronics,East,West Bengal,Kolkata,3,687.08,0.29,1463.48,81.22,4.2,4,Delivered,UPI,Corporate,2024,10,Oct,Q4,5.55
AMZ100892,CUST10802,2024-08-02,Office Chair,Home,East,West Bengal,Kolkata,2,165.85,0.246,250.1,31.62,4.7,7,Delivered,Amazon Pay,Corporate,2024,8,Aug,Q3,12.64
AMZ100893,CUST10579,2025-09-01,Cookware Set,Home,North,Rajasthan,Jaipur,1,120.51,0.061,113.16,22.36,4.4,7,Delivered,Credit Card,Home Office,2025,9,Sep,Q3,19.76
AMZ100894,CUST10250,2025-02-23,Cookware Set,Home,North,Delhi,Delhi,2,134.86,0.056,254.62,48.59,4.1,4,Delivered,Debit Card,Corporate,2025,2,Feb,Q1,19.08
AMZ100895,CUST10920,2024-04-10,Data Science Book,Books,North,Haryana,Gurugram,1,44.91,0.038,43.2,8.92,3.2,5,Delivered,Credit Card,Consumer,2024,4,Apr,Q2,20.65
AMZ100896,CUST10510,2025-06-04,Mechanical Keyboard,Electronics,North,Delhi,Delhi,1,98.54,0.042,94.4,17.61,4.2,5,Delivered,Credit Card,Consumer,2025,6,Jun,Q2,18.65
AMZ100897,CUST10630,2025-07-26,Office Chair,Home,West,Gujarat,Ahmedabad,1,187.09,0.224,0.0,0.0,3.6,5,Cancelled,Net Banking,Corporate,2025,7,Jul,Q3,0.0
AMZ100898,CUST10073,2024-11-04,Yoga Mat,Sports,South,Telangana,Hyderabad,1,29.56,0.141,25.39,6.7,3.6,5,Delivered,Net Banking,Consumer,2024,11,Nov,Q4,26.39
AMZ100899,CUST10282,2025-10-19,Business Book,Books,South,Telangana,Hyderabad,1,32.62,0.235,0.0,0.0,2.6,3,Cancelled,UPI,Home Office,2025,10,Oct,Q4,0.0
AMZ100900,CUST10916,2025-05-24,Data Science Book,Books,South,Telangana,Hyderabad,1,46.99,0.224,0.0,0.0,5.0,4,Cancelled,UPI,Corporate,2025,5,May,Q2,0.0
AMZ100901,CUST10360,2024-03-03,Gaming Mouse,Electronics,North,Rajasthan,Jaipur,1,42.73,0.181,35.0,-0.63,3.7,5,Returned,Debit Card,Consumer,2024,3,Mar,Q1,-1.8
AMZ100902,CUST10010,2025-09-24,Laptop Pro 14,Electronics,South,Telangana,Hyderabad,1,969.44,0.206,769.74,56.01,3.3,5,Delivered,Debit Card,Consumer,2025,9,Sep,Q3,7.28
AMZ100903,CUST10211,2024-08-13,Mechanical Keyboard,Electronics,West,Gujarat,Ahmedabad,2,89.97,0.006,178.86,36.32,5.0,2,Delivered,Amazon Pay,Consumer,2024,8,Aug,Q3,20.31
AMZ100904,CUST10835,2024-04-14,Running Shoes,Sports,South,Tamil Nadu,Coimbatore,1,71.49,0.094,64.77,11.4,4.0,4,Delivered,UPI,Corporate,2024,4,Apr,Q2,17.6
AMZ100905,CUST10152,2025-02-28,Backpack,Fashion,West,Maharashtra,Mumbai,1,45.54,0.191,0.0,0.0,3.8,3,Cancelled,Debit Card,Corporate,2025,2,Feb,Q1,0.0
AMZ100906,CUST10005,2024-09-11,Sneakers,Fashion,North,Haryana,Gurugram,2,71.86,0.003,143.29,-10.2,3.8,2,Returned,Debit Card,Consumer,2024,9,Sep,Q3,-7.12
AMZ100907,CUST10195,2025-03-04,Wireless Headphones,Electronics,West,Gujarat,Ahmedabad,2,75.11,0.01,148.72,-5.04,3.9,4,Returned,Net Banking,Corporate,2025,3,Mar,Q1,-3.39
AMZ100908,CUST10283,2025-03-09,Desk Lamp,Home,South,Kerala,Kochi,1,41.58,0.256,30.94,-8.09,3.8,2,Delivered,Credit Card,Consumer,2025,3,Mar,Q1,-26.15
AMZ100909,CUST10464,2024-07-25,Sneakers,Fashion,South,Tamil Nadu,Coimbatore,1,64.21,0.205,51.05,12.03,4.5,6,Delivered,Amazon Pay,Consumer,2024,7,Jul,Q3,23.57
AMZ100910,CUST10113,2024-01-28,Cotton T-Shirt,Fashion,North,Haryana,Gurugram,1,24.82,0.08,22.83,6.47,3.5,7,Delivered,Debit Card,Corporate,2024,1,Jan,Q1,28.34
AMZ100911,CUST10271,2025-11-12,Running Shoes,Sports,West,Gujarat,Ahmedabad,1,71.84,0.206,0.0,0.0,4.0,5,Cancelled,Amazon Pay,Corporate,2025,11,Nov,Q4,0.0
AMZ100912,CUST10163,2024-12-01,Bluetooth Speaker,Electronics,South,Tamil Nadu,Coimbatore,1,61.04,0.238,0.0,0.0,4.1,4,Cancelled,Net Banking,Consumer,2024,12,Dec,Q4,0.0
AMZ100913,CUST10460,2025-08-10,Coffee Maker,Home,South,Telangana,Hyderabad,2,114.85,0.092,208.57,-9.1,4.3,4,Returned,Net Banking,Corporate,2025,8,Aug,Q3,-4.36
AMZ100914,CUST10105,2025-09-19,Bluetooth Speaker,Electronics,West,Maharashtra,Mumbai,1,66.05,0.011,65.32,11.25,3.9,6,Delivered,Debit Card,Consumer,2025,9,Sep,Q3,17.22
AMZ100915,CUST10693,2024-03-09,Business Book,Books,East,West Bengal,Kolkata,2,33.08,0.28,47.64,11.43,4.4,4,Delivered,UPI,Home Office,2024,3,Mar,Q1,23.99
AMZ100916,CUST10556,2025-05-27,Coffee Maker,Home,North,Delhi,Delhi,2,109.78,0.104,196.73,-8.96,3.7,4,Returned,Net Banking,Home Office,2025,5,May,Q2,-4.55
AMZ100917,CUST10282,2024-06-15,Notebook Pack,Office,West,Maharashtra,Pune,2,16.7,0.032,32.33,12.8,3.9,5,Delivered,Net Banking,Consumer,2024,6,Jun,Q2,39.59
AMZ100918,CUST10687,2025-12-30,Fitness Tracker,Sports,West,Maharashtra,Mumbai,1,61.76,0.148,52.62,-1.28,3.9,4,Returned,Credit Card,Consumer,2025,12,Dec,Q4,-2.43
AMZ100919,CUST10162,2025-01-02,Air Fryer,Home,East,West Bengal,Kolkata,2,93.87,0.231,144.37,10.15,3.9,2,Delivered,UPI,Corporate,2025,1,Jan,Q1,7.03
AMZ100920,CUST10351,2024-09-07,Desk Lamp,Home,South,Tamil Nadu,Chennai,1,38.87,0.066,36.3,3.55,5.0,3,Delivered,Net Banking,Corporate,2024,9,Sep,Q3,9.78
AMZ100921,CUST10434,2025-11-16,4K Smart TV,Electronics,West,Gujarat,Ahmedabad,1,574.3,0.081,527.78,77.16,3.5,5,Delivered,Credit Card,Consumer,2025,11,Nov,Q4,14.62
AMZ100922,CUST10852,2024-06-18,Laptop Pro 14,Electronics,South,Tamil Nadu,Chennai,1,833.7,0.073,0.0,0.0,3.5,2,Cancelled,Amazon Pay,Consumer,2024,6,Jun,Q2,0.0
AMZ100923,CUST10140,2024-03-30,Smart Watch,Electronics,East,West Bengal,Kolkata,1,146.73,0.298,103.0,9.85,4.8,1,Delivered,Net Banking,Corporate,2024,3,Mar,Q1,9.56
AMZ100924,CUST10471,2025-07-14,Desk Lamp,Home,West,Maharashtra,Mumbai,2,40.5,0.059,76.22,-3.93,4.2,7,Returned,Net Banking,Corporate,2025,7,Jul,Q3,-5.16
AMZ100925,CUST10132,2025-03-21,Smartphone X,Electronics,West,Gujarat,Ahmedabad,1,664.41,0.173,0.0,0.0,3.9,5,Cancelled,Credit Card,Consumer,2025,3,Mar,Q1,0.0
AMZ100926,CUST10087,2024-10-20,Novel Collection,Books,South,Kerala,Kochi,1,52.15,0.278,37.65,11.2,4.3,3,Delivered,Credit Card,Corporate,2024,10,Oct,Q4,29.75
AMZ100927,CUST10688,2024-05-29,Coffee Maker,Home,West,Maharashtra,Pune,1,128.41,0.044,122.76,24.54,4.7,4,Delivered,UPI,Consumer,2024,5,May,Q2,19.99
AMZ100928,CUST10183,2024-05-11,Coffee Maker,Home,South,Telangana,Hyderabad,1,114.77,0.291,81.37,-2.12,4.6,7,Returned,UPI,Consumer,2024,5,May,Q2,-2.61
AMZ100929,CUST10368,2025-03-08,Notebook Pack,Office,West,Gujarat,Ahmedabad,1,15.15,0.284,10.85,-1.05,4.5,4,Delivered,Debit Card,Home Office,2025,3,Mar,Q1,-9.68
AMZ100930,CUST10129,2024-02-28,Business Book,Books,South,Kerala,Kochi,2,33.18,0.265,48.77,7.0,4.2,8,Delivered,Debit Card,Consumer,2024,2,Feb,Q1,14.35
AMZ100931,CUST10246,2024-07-17,Sneakers,Fashion,West,Gujarat,Ahmedabad,1,65.65,0.064,61.45,15.35,4.4,3,Delivered,Amazon Pay,Home Office,2024,7,Jul,Q3,24.98
AMZ100932,CUST10601,2024-08-02,Desk Organizer,Office,West,Maharashtra,Mumbai,1,22.38,0.19,18.13,-0.84,3.5,6,Returned,Credit Card,Consumer,2024,8,Aug,Q3,-4.63
AMZ100933,CUST10578,2025-07-14,Sneakers,Fashion,South,Kerala,Kochi,1,68.15,0.228,52.61,12.03,4.4,8,Delivered,Credit Card,Consumer,2025,7,Jul,Q3,22.87
AMZ100934,CUST10670,2025-04-16,Notebook Pack,Office,West,Maharashtra,Mumbai,1,15.16,0.296,0.0,0.0,3.2,3,Cancelled,Debit Card,Corporate,2025,4,Apr,Q2,0.0
AMZ100935,CUST10899,2024-09-03,Wireless Headphones,Electronics,South,Tamil Nadu,Coimbatore,1,78.1,0.054,0.0,0.0,4.8,3,Cancelled,Net Banking,Corporate,2024,9,Sep,Q3,0.0
AMZ100936,CUST10378,2025-01-16,Cotton T-Shirt,Fashion,East,West Bengal,Kolkata,1,23.58,0.23,18.16,4.15,3.8,6,Delivered,Net Banking,Corporate,2025,1,Jan,Q1,22.85
AMZ100937,CUST10149,2024-08-26,Sneakers,Fashion,South,Karnataka,Bengaluru,3,69.24,0.102,186.53,-11.69,3.6,4,Returned,Credit Card,Corporate,2024,8,Aug,Q3,-6.27
AMZ100938,CUST10852,2025-01-01,Notebook Pack,Office,West,Gujarat,Ahmedabad,1,14.95,0.053,14.16,4.22,4.3,5,Delivered,Amazon Pay,Consumer,2025,1,Jan,Q1,29.8
AMZ100939,CUST10433,2024-06-16,Cookware Set,Home,North,Delhi,Delhi,1,131.88,0.126,115.26,15.41,5.0,2,Delivered,Debit Card,Consumer,2024,6,Jun,Q2,13.37
AMZ100940,CUST10628,2025-07-13,USB-C Hub,Electronics,West,Gujarat,Ahmedabad,1,27.16,0.238,20.7,-0.2,3.3,5,Returned,Credit Card,Home Office,2025,7,Jul,Q3,-0.97
AMZ100941,CUST10726,2024-02-20,Smartphone X,Electronics,East,West Bengal,Kolkata,2,661.33,0.139,1138.81,129.8,4.4,4,Delivered,Debit Card,Home Office,2024,2,Feb,Q1,11.4
AMZ100942,CUST10469,2025-09-01,Coffee Maker,Home,North,Haryana,Gurugram,1,124.12,0.161,104.14,21.44,3.5,4,Delivered,Debit Card,Home Office,2025,9,Sep,Q3,20.59
AMZ100943,CUST10446,2025-12-28,Desk Organizer,Office,South,Tamil Nadu,Chennai,1,20.61,0.299,14.45,4.64,4.1,6,Delivered,UPI,Corporate,2025,12,Dec,Q4,32.11
AMZ100944,CUST10481,2025-11-19,Sneakers,Fashion,South,Tamil Nadu,Coimbatore,2,69.25,0.12,0.0,0.0,4.2,4,Cancelled,Credit Card,Corporate,2025,11,Nov,Q4,0.0
AMZ100945,CUST10884,2025-01-14,Fitness Tracker,Sports,South,Telangana,Hyderabad,1,63.3,0.185,51.59,5.94,4.0,5,Delivered,Amazon Pay,Corporate,2025,1,Jan,Q1,11.51
AMZ100946,CUST10294,2025-04-18,Coffee Maker,Home,South,Kerala,Kochi,1,114.73,0.11,102.11,14.83,5.0,6,Delivered,UPI,Consumer,2025,4,Apr,Q2,14.52
AMZ100947,CUST10765,2024-03-20,Cotton T-Shirt,Fashion,South,Karnataka,Bengaluru,1,25.06,0.118,22.1,5.41,3.6,2,Delivered,Debit Card,Home Office,2024,3,Mar,Q1,24.48
AMZ100948,CUST10143,2025-11-27,Office Chair,Home,West,Maharashtra,Pune,1,166.43,0.209,131.65,13.56,4.0,3,Delivered,UPI,Corporate,2025,11,Nov,Q4,10.3
AMZ100949,CUST10250,2025-01-01,Gaming Mouse,Electronics,West,Maharashtra,Pune,1,44.29,0.281,31.84,6.59,4.4,6,Delivered,Amazon Pay,Home Office,2025,1,Jan,Q1,20.7
AMZ100950,CUST10878,2025-04-05,Smartphone X,Electronics,West,Maharashtra,Pune,1,715.15,0.163,598.58,-16.8,3.2,1,Returned,Credit Card,Home Office,2025,4,Apr,Q2,-2.81
AMZ100951,CUST10948,2025-06-22,Cookware Set,Home,West,Maharashtra,Mumbai,1,130.53,0.231,100.38,18.36,3.2,3,Delivered,Amazon Pay,Consumer,2025,6,Jun,Q2,18.29
AMZ100952,CUST10302,2025-03-27,Coffee Maker,Home,West,Maharashtra,Pune,1,124.96,0.027,121.59,27.94,5.0,2,Delivered,Net Banking,Consumer,2025,3,Mar,Q1,22.98
AMZ100953,CUST10025,2025-04-08,Bluetooth Speaker,Electronics,South,Telangana,Hyderabad,1,60.6,0.063,56.78,12.52,4.0,4,Delivered,Net Banking,Corporate,2025,4,Apr,Q2,22.05
AMZ100954,CUST10789,2025-04-22,Desk Organizer,Office,South,Tamil Nadu,Coimbatore,2,20.51,0.151,34.83,6.23,3.7,2,Delivered,Credit Card,Home Office,2025,4,Apr,Q2,17.89
AMZ100955,CUST10889,2025-02-23,Mechanical Keyboard,Electronics,South,Tamil Nadu,Chennai,2,94.07,0.006,187.01,35.23,4.0,7,Delivered,Amazon Pay,Consumer,2025,2,Feb,Q1,18.84
AMZ100956,CUST10890,2025-12-07,Yoga Mat,Sports,West,Maharashtra,Pune,2,27.97,0.076,51.69,9.37,3.9,4,Delivered,UPI,Home Office,2025,12,Dec,Q4,18.13
AMZ100957,CUST10901,2024-08-01,USB-C Hub,Electronics,West,Gujarat,Ahmedabad,1,29.95,0.155,25.31,-0.48,4.5,6,Delivered,Amazon Pay,Consumer,2024,8,Aug,Q3,-1.9
AMZ100958,CUST10070,2025-01-03,Bluetooth Speaker,Electronics,West,Gujarat,Ahmedabad,1,67.0,0.004,66.73,12.53,4.6,3,Delivered,Net Banking,Home Office,2025,1,Jan,Q1,18.78
AMZ100959,CUST10625,2024-04-23,Desk Lamp,Home,West,Maharashtra,Mumbai,1,37.97,0.079,34.97,-3.33,4.0,5,Delivered,Debit Card,Home Office,2024,4,Apr,Q2,-9.52
AMZ100960,CUST10875,2025-05-17,USB-C Hub,Electronics,South,Telangana,Hyderabad,1,27.51,0.154,23.27,4.67,4.4,5,Delivered,Credit Card,Corporate,2025,5,May,Q2,20.07
AMZ100961,CUST10112,2025-09-27,Business Book,Books,South,Tamil Nadu,Chennai,3,37.22,0.172,92.45,22.01,3.7,3,Delivered,UPI,Corporate,2025,9,Sep,Q3,23.81
AMZ100962,CUST10364,2025-08-10,Backpack,Fashion,South,Karnataka,Bengaluru,1,48.29,0.278,34.87,-2.28,4.2,7,Returned,UPI,Home Office,2025,8,Aug,Q3,-6.54
AMZ100963,CUST10303,2024-11-06,Bluetooth Speaker,Electronics,East,West Bengal,Kolkata,1,66.3,0.194,53.44,3.87,3.4,6,Delivered,Credit Card,Home Office,2024,11,Nov,Q4,7.24
AMZ100964,CUST10471,2025-04-13,Desk Lamp,Home,South,Tamil Nadu,Chennai,1,40.93,0.124,35.85,5.78,4.4,6,Delivered,Credit Card,Corporate,2025,4,Apr,Q2,16.12
AMZ100965,CUST10091,2025-12-08,Cotton T-Shirt,Fashion,East,West Bengal,Kolkata,1,23.46,0.279,16.91,6.65,4.3,4,Delivered,Amazon Pay,Consumer,2025,12,Dec,Q4,39.33
AMZ100966,CUST10530,2024-02-13,Novel Collection,Books,North,Haryana,Gurugram,1,56.68,0.235,43.36,-3.02,4.5,5,Returned,UPI,Consumer,2024,2,Feb,Q1,-6.96
AMZ100967,CUST10661,2025-02-18,Bluetooth Speaker,Electronics,East,West Bengal,Kolkata,1,65.6,0.06,61.66,5.23,3.6,5,Delivered,Credit Card,Corporate,2025,2,Feb,Q1,8.48
AMZ100968,CUST10739,2025-11-28,4K Smart TV,Electronics,South,Tamil Nadu,Coimbatore,1,581.43,0.039,558.75,78.71,4.4,6,Delivered,Credit Card,Consumer,2025,11,Nov,Q4,14.09
AMZ100969,CUST10726,2024-09-02,Yoga Mat,Sports,North,Delhi,Delhi,2,28.89,0.203,46.05,12.65,5.0,3,Delivered,UPI,Corporate,2024,9,Sep,Q3,27.47
AMZ100970,CUST10872,2024-03-24,Smartphone X,Electronics,South,Tamil Nadu,Coimbatore,1,672.75,0.168,559.73,47.34,3.9,4,Delivered,Net Banking,Home Office,2024,3,Mar,Q1,8.46
AMZ100971,CUST10663,2024-07-25,Running Shoes,Sports,West,Gujarat,Ahmedabad,2,71.43,0.237,0.0,0.0,3.3,3,Cancelled,Amazon Pay,Consumer,2024,7,Jul,Q3,0.0
AMZ100972,CUST10192,2024-05-30,Cotton T-Shirt,Fashion,South,Telangana,Hyderabad,2,25.81,0.222,40.16,4.0,4.2,5,Delivered,Amazon Pay,Consumer,2024,5,May,Q2,9.96
AMZ100973,CUST10552,2025-10-29,Office Chair,Home,North,Rajasthan,Jaipur,1,191.91,0.188,155.83,14.21,4.1,3,Delivered,Amazon Pay,Corporate,2025,10,Oct,Q4,9.12
AMZ100974,CUST10242,2025-06-11,Coffee Maker,Home,West,Maharashtra,Mumbai,2,121.34,0.296,0.0,0.0,3.7,2,Cancelled,UPI,Home Office,2025,6,Jun,Q2,0.0
AMZ100975,CUST10138,2024-06-13,4K Smart TV,Electronics,North,Delhi,Delhi,1,517.16,0.16,434.41,-11.02,4.8,4,Returned,UPI,Corporate,2024,6,Jun,Q2,-2.54
AMZ100976,CUST10345,2024-05-24,Coffee Maker,Home,East,West Bengal,Kolkata,3,125.18,0.034,362.77,72.46,3.6,4,Delivered,Credit Card,Home Office,2024,5,May,Q2,19.97
AMZ100977,CUST10180,2024-02-06,Business Book,Books,West,Maharashtra,Pune,1,37.77,0.248,28.4,7.51,5.0,4,Delivered,UPI,Home Office,2024,2,Feb,Q1,26.44
AMZ100978,CUST10712,2024-11-28,Wireless Headphones,Electronics,South,Telangana,Hyderabad,1,75.68,0.076,69.93,-1.19,3.9,4,Returned,Net Banking,Consumer,2024,11,Nov,Q4,-1.7
AMZ100979,CUST10503,2025-02-06,Coffee Maker,Home,North,Delhi,Delhi,1,115.28,0.233,88.42,8.64,4.0,3,Delivered,Debit Card,Corporate,2025,2,Feb,Q1,9.77
AMZ100980,CUST10203,2025-02-17,Smart Watch,Electronics,West,Maharashtra,Mumbai,1,152.82,0.287,0.0,0.0,4.2,2,Cancelled,Credit Card,Consumer,2025,2,Feb,Q1,0.0
AMZ100981,CUST10573,2024-02-14,Smart Watch,Electronics,West,Gujarat,Ahmedabad,3,137.39,0.209,326.03,-6.83,4.6,3,Returned,Amazon Pay,Consumer,2024,2,Feb,Q1,-2.09
AMZ100982,CUST10192,2025-02-05,Desk Lamp,Home,South,Telangana,Hyderabad,1,40.51,0.179,0.0,0.0,3.9,5,Cancelled,Net Banking,Consumer,2025,2,Feb,Q1,0.0
AMZ100983,CUST10005,2024-07-24,Backpack,Fashion,West,Maharashtra,Mumbai,1,42.86,0.138,36.95,8.97,4.6,2,Delivered,Net Banking,Corporate,2024,7,Jul,Q3,24.28
AMZ100984,CUST10890,2024-03-02,Cookware Set,Home,North,Haryana,Gurugram,1,120.38,0.109,107.26,15.28,3.3,2,Delivered,Net Banking,Corporate,2024,3,Mar,Q1,14.25
AMZ100985,CUST10237,2025-02-23,Yoga Mat,Sports,North,Haryana,Gurugram,2,26.03,0.106,46.54,13.76,4.1,4,Delivered,Amazon Pay,Consumer,2025,2,Feb,Q1,29.57
AMZ100986,CUST10693,2025-04-12,Running Shoes,Sports,South,Tamil Nadu,Coimbatore,1,68.28,0.191,55.24,1.86,5.0,4,Delivered,Credit Card,Consumer,2025,4,Apr,Q2,3.37
AMZ100987,CUST10311,2024-01-19,Mechanical Keyboard,Electronics,South,Tamil Nadu,Coimbatore,1,91.05,0.225,70.56,1.45,4.9,8,Delivered,Amazon Pay,Home Office,2024,1,Jan,Q1,2.05
AMZ100988,CUST10549,2024-12-30,Gaming Mouse,Electronics,West,Maharashtra,Mumbai,1,43.15,0.204,34.35,6.92,4.0,5,Delivered,UPI,Consumer,2024,12,Dec,Q4,20.15
AMZ100989,CUST10056,2024-10-26,Novel Collection,Books,North,Delhi,Delhi,1,56.47,0.06,53.08,8.1,3.6,3,Delivered,Debit Card,Corporate,2024,10,Oct,Q4,15.26
AMZ100990,CUST10443,2024-01-07,Wireless Headphones,Electronics,South,Tamil Nadu,Coimbatore,1,75.56,0.148,64.38,3.25,3.8,1,Delivered,Amazon Pay,Consumer,2024,1,Jan,Q1,5.05
AMZ100991,CUST10237,2025-03-03,Notebook Pack,Office,South,Telangana,Hyderabad,1,15.16,0.237,11.57,7.26,5.0,4,Delivered,Net Banking,Consumer,2025,3,Mar,Q1,62.75
AMZ100992,CUST10870,2024-04-26,Cotton T-Shirt,Fashion,North,Delhi,Delhi,1,22.94,0.143,0.0,0.0,4.0,2,Cancelled,Debit Card,Consumer,2024,4,Apr,Q2,0.0
AMZ100993,CUST10861,2025-08-02,Gaming Mouse,Electronics,South,Tamil Nadu,Coimbatore,2,44.12,0.161,74.03,6.7,3.6,6,Delivered,UPI,Home Office,2025,8,Aug,Q3,9.05
AMZ100994,CUST10197,2025-05-21,Mechanical Keyboard,Electronics,South,Karnataka,Bengaluru,1,90.62,0.231,69.69,3.8,5.0,3,Delivered,UPI,Consumer,2025,5,May,Q2,5.45
AMZ100995,CUST10585,2025-06-29,Bluetooth Speaker,Electronics,East,West Bengal,Kolkata,1,65.62,0.198,0.0,0.0,4.0,4,Cancelled,Amazon Pay,Corporate,2025,6,Jun,Q2,0.0
AMZ100996,CUST10571,2025-12-06,Laptop Pro 14,Electronics,South,Karnataka,Bengaluru,1,860.91,0.123,755.02,-21.04,4.1,3,Returned,Amazon Pay,Corporate,2025,12,Dec,Q4,-2.79
AMZ100997,CUST10752,2024-11-20,Data Science Book,Books,South,Kerala,Kochi,2,50.17,0.269,73.35,14.53,4.7,6,Delivered,UPI,Home Office,2024,11,Nov,Q4,19.81
AMZ100998,CUST10514,2024-02-24,Business Book,Books,North,Haryana,Gurugram,2,33.57,0.049,63.85,18.84,3.4,4,Delivered,Amazon Pay,Corporate,2024,2,Feb,Q1,29.51
AMZ100999,CUST10449,2024-02-11,Data Science Book,Books,West,Gujarat,Ahmedabad,1,45.87,0.299,32.15,3.38,4.1,3,Delivered,Amazon Pay,Corporate,2024,2,Feb,Q1,10.51
AMZ101000,CUST10360,2024-10-23,Gaming Mouse,Electronics,South,Tamil Nadu,Chennai,1,39.19,0.036,37.78,8.9,5.0,4,Delivered,Debit Card,Consumer,2024,10,Oct,Q4,23.56
AMZ101001,CUST10700,2024-08-18,Gaming Mouse,Electronics,East,West Bengal,Kolkata,1,39.21,0.004,0.0,0.0,4.6,4,Cancelled,Net Banking,Home Office,2024,8,Aug,Q3,0.0
AMZ101002,CUST10819,2025-03-28,Desk Organizer,Office,North,Haryana,Gurugram,1,21.29,0.267,15.61,-4.94,3.7,4,Delivered,Credit Card,Corporate,2025,3,Mar,Q1,-31.65
AMZ101003,CUST10030,2025-01-28,Air Fryer,Home,North,Delhi,Delhi,1,106.9,0.073,99.1,-3.64,3.6,5,Returned,UPI,Consumer,2025,1,Jan,Q1,-3.67
AMZ101004,CUST10779,2025-06-05,4K Smart TV,Electronics,North,Delhi,Delhi,1,527.58,0.219,412.04,31.71,3.7,5,Delivered,Debit Card,Consumer,2025,6,Jun,Q2,7.7
AMZ101005,CUST10108,2024-12-23,Fitness Tracker,Sports,North,Delhi,Delhi,1,60.49,0.243,45.79,-1.98,4.5,1,Returned,Credit Card,Home Office,2024,12,Dec,Q4,-4.32
AMZ101006,CUST10844,2025-03-19,Notebook Pack,Office,West,Gujarat,Ahmedabad,2,17.28,0.258,25.64,3.68,4.0,5,Delivered,UPI,Consumer,2025,3,Mar,Q1,14.35
AMZ101007,CUST10935,2024-05-07,Desk Organizer,Office,South,Karnataka,Bengaluru,1,22.02,0.297,15.48,6.7,4.3,5,Delivered,UPI,Corporate,2024,5,May,Q2,43.28
AMZ101008,CUST10602,2025-11-21,Running Shoes,Sports,South,Tamil Nadu,Chennai,1,69.31,0.088,63.21,14.75,3.9,4,Delivered,Amazon Pay,Home Office,2025,11,Nov,Q4,23.33
AMZ101009,CUST10717,2025-02-08,Desk Organizer,Office,South,Tamil Nadu,Coimbatore,1,20.59,0.213,0.0,0.0,3.9,1,Cancelled,Net Banking,Consumer,2025,2,Feb,Q1,0.0
AMZ101010,CUST10891,2025-01-26,Smartphone X,Electronics,North,Delhi,Delhi,1,654.84,0.035,631.92,89.59,3.8,4,Delivered,Credit Card,Home Office,2025,1,Jan,Q1,14.18
AMZ101011,CUST10445,2024-07-11,Cookware Set,Home,North,Rajasthan,Jaipur,1,132.05,0.122,115.94,21.01,4.5,7,Delivered,Net Banking,Consumer,2024,7,Jul,Q3,18.12
AMZ101012,CUST10893,2025-08-26,Smart Watch,Electronics,South,Kerala,Kochi,1,144.37,0.254,107.7,-2.05,5.0,4,Returned,UPI,Corporate,2025,8,Aug,Q3,-1.9
AMZ101013,CUST10438,2024-03-18,Mechanical Keyboard,Electronics,East,West Bengal,Kolkata,1,96.0,0.11,85.44,9.18,3.6,6,Delivered,Debit Card,Consumer,2024,3,Mar,Q1,10.74
AMZ101014,CUST10732,2024-03-25,4K Smart TV,Electronics,South,Telangana,Hyderabad,1,589.11,0.177,484.84,46.62,3.2,4,Delivered,Net Banking,Corporate,2024,3,Mar,Q1,9.62
AMZ101015,CUST10890,2024-01-30,Notebook Pack,Office,South,Tamil Nadu,Coimbatore,2,16.18,0.151,27.47,2.29,4.9,2,Delivered,Net Banking,Home Office,2024,1,Jan,Q1,8.34
AMZ101016,CUST10606,2025-12-25,Gaming Mouse,Electronics,North,Rajasthan,Jaipur,1,39.01,0.194,31.44,1.12,4.6,4,Delivered,UPI,Consumer,2025,12,Dec,Q4,3.56
AMZ101017,CUST10457,2024-02-18,Wireless Headphones,Electronics,South,Tamil Nadu,Chennai,1,85.12,0.292,60.26,-3.26,4.4,3,Returned,Credit Card,Consumer,2024,2,Feb,Q1,-5.41
AMZ101018,CUST10615,2024-05-24,Novel Collection,Books,West,Gujarat,Ahmedabad,1,55.79,0.017,54.84,20.25,4.2,5,Delivered,Amazon Pay,Consumer,2024,5,May,Q2,36.93
AMZ101019,CUST10735,2024-03-09,Fitness Tracker,Sports,South,Tamil Nadu,Chennai,1,57.81,0.172,47.87,7.21,3.5,3,Delivered,Net Banking,Corporate,2024,3,Mar,Q1,15.06
AMZ101020,CUST10698,2024-02-27,4K Smart TV,Electronics,South,Telangana,Hyderabad,1,519.46,0.259,384.92,29.24,5.0,4,Delivered,Amazon Pay,Consumer,2024,2,Feb,Q1,7.6
AMZ101021,CUST10696,2025-11-27,Coffee Maker,Home,East,West Bengal,Kolkata,2,118.1,0.144,202.19,29.16,3.8,7,Delivered,Debit Card,Consumer,2025,11,Nov,Q4,14.42
AMZ101022,CUST10495,2025-07-27,Gaming Mouse,Electronics,South,Telangana,Hyderabad,3,40.82,0.024,119.52,18.17,4.6,5,Delivered,Net Banking,Consumer,2025,7,Jul,Q3,15.2
AMZ101023,CUST10674,2025-04-23,Business Book,Books,West,Maharashtra,Mumbai,2,36.66,0.168,61.0,14.09,3.9,4,Delivered,UPI,Consumer,2025,4,Apr,Q2,23.1
AMZ101024,CUST10247,2025-03-20,Desk Lamp,Home,East,West Bengal,Kolkata,1,38.81,0.1,34.93,1.76,4.0,5,Delivered,Amazon Pay,Home Office,2025,3,Mar,Q1,5.04
AMZ101025,CUST10543,2024-10-22,Notebook Pack,Office,South,Tamil Nadu,Chennai,2,17.08,0.046,32.59,13.14,4.3,3,Delivered,Amazon Pay,Corporate,2024,10,Oct,Q4,40.32
AMZ101026,CUST10564,2025-11-08,Gaming Mouse,Electronics,North,Delhi,Delhi,1,42.9,0.255,31.96,-0.11,4.3,4,Delivered,Net Banking,Consumer,2025,11,Nov,Q4,-0.34
AMZ101027,CUST10857,2024-06-19,Cookware Set,Home,South,Tamil Nadu,Chennai,1,128.34,0.156,108.32,-4.45,4.7,5,Returned,Debit Card,Consumer,2024,6,Jun,Q2,-4.11
AMZ101028,CUST10588,2025-07-28,Bluetooth Speaker,Electronics,South,Tamil Nadu,Chennai,1,61.72,0.28,44.44,6.87,3.6,6,Delivered,Amazon Pay,Home Office,2025,7,Jul,Q3,15.46
AMZ101029,CUST10897,2024-05-26,Wireless Headphones,Electronics,East,West Bengal,Kolkata,2,75.25,0.242,114.08,-2.02,3.6,4,Returned,Net Banking,Corporate,2024,5,May,Q2,-1.77
AMZ101030,CUST10439,2025-04-28,Coffee Maker,Home,South,Kerala,Kochi,1,127.9,0.208,101.3,8.51,3.9,5,Delivered,Credit Card,Home Office,2025,4,Apr,Q2,8.4
AMZ101031,CUST10278,2024-11-01,Fitness Tracker,Sports,West,Maharashtra,Mumbai,1,61.55,0.002,0.0,0.0,5.0,8,Cancelled,Credit Card,Consumer,2024,11,Nov,Q4,0.0
AMZ101032,CUST10552,2025-11-03,Smart Watch,Electronics,South,Tamil Nadu,Coimbatore,1,142.73,0.128,124.46,20.05,4.1,7,Delivered,UPI,Corporate,2025,11,Nov,Q4,16.11
AMZ101033,CUST10613,2025-10-14,Cookware Set,Home,South,Tamil Nadu,Chennai,1,133.49,0.059,125.61,23.57,3.3,3,Delivered,Credit Card,Consumer,2025,10,Oct,Q4,18.76
AMZ101034,CUST10111,2025-08-31,Cotton T-Shirt,Fashion,North,Rajasthan,Jaipur,1,23.35,0.273,0.0,0.0,4.0,5,Cancelled,Debit Card,Consumer,2025,8,Aug,Q3,0.0
AMZ101035,CUST10385,2025-03-21,Backpack,Fashion,North,Haryana,Gurugram,2,45.14,0.052,85.59,-5.31,3.9,4,Returned,Credit Card,Home Office,2025,3,Mar,Q1,-6.2
AMZ101036,CUST10833,2024-08-08,Mechanical Keyboard,Electronics,West,Maharashtra,Pune,1,93.55,0.086,85.5,12.49,4.3,5,Delivered,Debit Card,Consumer,2024,8,Aug,Q3,14.61
AMZ101037,CUST10761,2025-07-08,Gaming Mouse,Electronics,West,Maharashtra,Pune,1,40.89,0.155,34.55,-0.62,3.8,8,Returned,Amazon Pay,Home Office,2025,7,Jul,Q3,-1.79
AMZ101038,CUST10191,2025-01-12,Business Book,Books,South,Tamil Nadu,Chennai,1,33.27,0.079,30.64,11.93,3.6,4,Delivered,Credit Card,Home Office,2025,1,Jan,Q1,38.94
AMZ101039,CUST10490,2025-09-11,4K Smart TV,Electronics,North,Rajasthan,Jaipur,1,514.85,0.063,482.41,63.8,5.0,6,Delivered,Amazon Pay,Home Office,2025,9,Sep,Q3,13.23
AMZ101040,CUST10694,2024-09-22,Cookware Set,Home,South,Kerala,Kochi,1,121.09,0.18,0.0,0.0,3.9,5,Cancelled,Debit Card,Home Office,2024,9,Sep,Q3,0.0
AMZ101041,CUST10426,2024-04-04,Novel Collection,Books,North,Delhi,Delhi,1,54.21,0.027,52.75,-4.47,4.2,6,Returned,Amazon Pay,Home Office,2024,4,Apr,Q2,-8.47
AMZ101042,CUST10405,2024-09-18,Laptop Pro 14,Electronics,West,Gujarat,Ahmedabad,1,850.13,0.017,835.68,132.95,4.7,2,Delivered,Debit Card,Consumer,2024,9,Sep,Q3,15.91
AMZ101043,CUST10335,2024-03-11,Novel Collection,Books,West,Gujarat,Ahmedabad,1,57.01,0.112,50.62,13.21,4.6,2,Delivered,UPI,Corporate,2024,3,Mar,Q1,26.1
AMZ101044,CUST10209,2024-08-06,Desk Lamp,Home,East,West Bengal,Kolkata,1,37.55,0.216,29.44,-2.16,3.4,4,Delivered,Net Banking,Home Office,2024,8,Aug,Q3,-7.34
AMZ101045,CUST10022,2025-06-16,Backpack,Fashion,West,Maharashtra,Pune,1,44.03,0.166,36.72,5.32,4.4,5,Delivered,Credit Card,Consumer,2025,6,Jun,Q2,14.49
AMZ101046,CUST10678,2024-04-01,Coffee Maker,Home,South,Tamil Nadu,Chennai,1,109.7,0.127,95.77,-2.89,4.6,5,Returned,Net Banking,Consumer,2024,4,Apr,Q2,-3.02
AMZ101047,CUST10611,2024-05-06,Laptop Pro 14,Electronics,West,Gujarat,Ahmedabad,1,873.85,0.17,725.3,64.95,4.6,5,Delivered,Net Banking,Home Office,2024,5,May,Q2,8.95
AMZ101048,CUST10208,2024-03-20,Sneakers,Fashion,South,Tamil Nadu,Chennai,3,72.6,0.11,0.0,0.0,3.3,7,Cancelled,Amazon Pay,Home Office,2024,3,Mar,Q1,0.0
AMZ101049,CUST10008,2024-08-25,Gaming Mouse,Electronics,East,West Bengal,Kolkata,1,45.01,0.281,32.36,0.05,3.0,5,Delivered,Amazon Pay,Corporate,2024,8,Aug,Q3,0.15
AMZ101050,CUST10702,2025-01-06,Mechanical Keyboard,Electronics,West,Maharashtra,Pune,1,94.76,0.016,93.24,-2.35,4.0,5,Returned,Debit Card,Home Office,2025,1,Jan,Q1,-2.52
AMZ101051,CUST10687,2025-04-30,Fitness Tracker,Sports,South,Telangana,Hyderabad,1,62.29,0.202,49.71,9.88,3.7,1,Delivered,UPI,Consumer,2025,4,Apr,Q2,19.88
AMZ101052,CUST10785,2025-11-24,4K Smart TV,Electronics,South,Kerala,Kochi,1,570.72,0.267,418.34,28.32,5.0,4,Delivered,Credit Card,Corporate,2025,11,Nov,Q4,6.77
AMZ101053,CUST10529,2024-01-25,Cotton T-Shirt,Fashion,North,Haryana,Gurugram,3,23.95,0.241,54.53,19.23,4.7,3,Delivered,Debit Card,Consumer,2024,1,Jan,Q1,35.26
AMZ101054,CUST10602,2024-06-04,Fitness Tracker,Sports,North,Haryana,Gurugram,1,57.75,0.055,0.0,0.0,3.7,3,Cancelled,Amazon Pay,Home Office,2024,6,Jun,Q2,0.0
AMZ101055,CUST10653,2025-05-31,Smartphone X,Electronics,West,Gujarat,Ahmedabad,1,729.97,0.089,665.0,87.59,4.3,6,Delivered,Net Banking,Consumer,2025,5,May,Q2,13.17
AMZ101056,CUST10657,2025-09-23,Laptop Pro 14,Electronics,North,Haryana,Gurugram,1,885.28,0.215,694.94,59.48,,4,Delivered,Debit Card,Consumer,2025,9,Sep,Q3,8.56
AMZ101057,CUST10166,2025-06-13,Gaming Mouse,Electronics,South,Kerala,Kochi,1,39.46,0.025,38.47,10.7,5.0,5,Delivered,UPI,Corporate,2025,6,Jun,Q2,27.81
AMZ101058,CUST10849,2025-12-10,Office Chair,Home,South,Telangana,Hyderabad,2,192.36,0.244,0.0,0.0,4.0,4,Cancelled,UPI,Home Office,2025,12,Dec,Q4,0.0
AMZ101059,CUST10496,2024-02-26,Notebook Pack,Office,South,Kerala,Kochi,1,16.76,0.216,13.14,-3.47,4.4,3,Delivered,Amazon Pay,Home Office,2024,2,Feb,Q1,-26.41
AMZ101060,CUST10590,2025-08-27,Yoga Mat,Sports,South,Tamil Nadu,Chennai,1,26.25,0.219,20.5,0.37,4.3,1,Delivered,UPI,Home Office,2025,8,Aug,Q3,1.8
AMZ101061,CUST10429,2024-01-19,Mechanical Keyboard,Electronics,East,West Bengal,Kolkata,1,95.24,0.03,0.0,0.0,2.8,3,Cancelled,Net Banking,Home Office,2024,1,Jan,Q1,0.0
AMZ101062,CUST10774,2025-01-18,Desk Organizer,Office,South,Tamil Nadu,Coimbatore,1,21.15,0.215,0.0,0.0,4.8,3,Cancelled,Credit Card,Corporate,2025,1,Jan,Q1,0.0
AMZ101063,CUST10163,2024-07-11,Yoga Mat,Sports,South,Telangana,Hyderabad,2,27.27,0.204,0.0,0.0,3.6,6,Cancelled,Credit Card,Home Office,2024,7,Jul,Q3,0.0
AMZ101064,CUST10366,2024-08-24,Backpack,Fashion,South,Tamil Nadu,Coimbatore,1,44.72,0.249,0.0,0.0,4.5,4,Cancelled,Amazon Pay,Corporate,2024,8,Aug,Q3,0.0
AMZ101065,CUST10526,2025-01-21,Wireless Headphones,Electronics,East,West Bengal,Kolkata,1,75.86,0.012,74.95,-2.5,4.0,4,Returned,Credit Card,Home Office,2025,1,Jan,Q1,-3.34
AMZ101066,CUST10239,2025-03-01,Cotton T-Shirt,Fashion,East,West Bengal,Kolkata,1,25.58,0.007,25.4,-0.82,5.0,2,Returned,UPI,Corporate,2025,3,Mar,Q1,-3.23
AMZ101067,CUST10072,2024-10-03,Smart Watch,Electronics,West,Maharashtra,Pune,1,143.69,0.112,127.6,20.31,3.9,5,Delivered,Net Banking,Home Office,2024,10,Oct,Q4,15.92
AMZ101068,CUST10445,2024-08-14,Wireless Headphones,Electronics,South,Tamil Nadu,Coimbatore,1,84.4,0.045,80.6,-2.06,4.7,6,Returned,Amazon Pay,Corporate,2024,8,Aug,Q3,-2.56
AMZ101069,CUST10655,2025-07-05,Novel Collection,Books,South,Tamil Nadu,Chennai,1,51.14,0.168,42.55,11.2,3.1,5,Delivered,Net Banking,Home Office,2025,7,Jul,Q3,26.32
AMZ101070,CUST10822,2024-11-18,Laptop Pro 14,Electronics,North,Rajasthan,Jaipur,1,950.41,0.275,0.0,0.0,4.1,7,Cancelled,Credit Card,Corporate,2024,11,Nov,Q4,0.0
AMZ101071,CUST10509,2024-06-01,Mechanical Keyboard,Electronics,North,Haryana,Gurugram,1,92.45,0.117,81.63,12.05,4.2,5,Delivered,Amazon Pay,Consumer,2024,6,Jun,Q2,14.76
AMZ101072,CUST10795,2025-09-30,Running Shoes,Sports,South,Tamil Nadu,Coimbatore,1,74.31,0.253,55.51,9.09,4.7,5,Delivered,UPI,Corporate,2025,9,Sep,Q3,16.38
AMZ101073,CUST10269,2024-08-24,Desk Lamp,Home,North,Rajasthan,Jaipur,3,36.39,0.0,0.0,0.0,3.9,6,Cancelled,Net Banking,Home Office,2024,8,Aug,Q3,0.0
AMZ101074,CUST10753,2024-02-24,Running Shoes,Sports,West,Maharashtra,Pune,1,75.72,0.051,71.86,13.4,3.5,6,Delivered,Net Banking,Home Office,2024,2,Feb,Q1,18.65
AMZ101075,CUST10415,2025-03-11,Fitness Tracker,Sports,East,West Bengal,Kolkata,1,55.71,0.009,55.21,11.64,4.6,4,Delivered,Net Banking,Consumer,2025,3,Mar,Q1,21.08
AMZ101076,CUST10245,2025-11-14,Coffee Maker,Home,West,Gujarat,Ahmedabad,1,111.17,0.098,100.28,13.33,4.0,2,Delivered,Debit Card,Home Office,2025,11,Nov,Q4,13.29
AMZ101077,CUST10675,2024-04-18,Notebook Pack,Office,South,Kerala,Kochi,1,15.81,0.272,11.51,-1.77,3.2,3,Delivered,Net Banking,Home Office,2024,4,Apr,Q2,-15.38
AMZ101078,CUST10060,2024-07-02,Gaming Mouse,Electronics,North,Haryana,Gurugram,1,43.55,0.029,0.0,0.0,3.7,4,Cancelled,Net Banking,Corporate,2024,7,Jul,Q3,0.0
AMZ101079,CUST10006,2025-01-02,Desk Organizer,Office,North,Haryana,Gurugram,2,21.97,0.182,35.94,-1.29,3.9,3,Returned,Amazon Pay,Consumer,2025,1,Jan,Q1,-3.59
AMZ101080,CUST10709,2024-07-16,Smartphone X,Electronics,South,Tamil Nadu,Chennai,1,654.95,0.135,566.53,67.56,4.0,6,Delivered,Credit Card,Corporate,2024,7,Jul,Q3,11.93
AMZ101081,CUST10570,2025-01-05,Desk Lamp,Home,West,Maharashtra,Mumbai,1,37.53,0.282,26.95,9.15,4.1,3,Delivered,Amazon Pay,Corporate,2025,1,Jan,Q1,33.95
AMZ101082,CUST10817,2025-01-07,Mechanical Keyboard,Electronics,South,Karnataka,Bengaluru,1,91.61,0.037,88.22,13.42,4.6,5,Delivered,Amazon Pay,Home Office,2025,1,Jan,Q1,15.21
AMZ101083,CUST10407,2025-05-11,Backpack,Fashion,South,Karnataka,Bengaluru,1,45.46,0.064,42.55,10.44,4.5,5,Delivered,Amazon Pay,Consumer,2025,5,May,Q2,24.54
AMZ101084,CUST10217,2025-08-21,Office Chair,Home,South,Karnataka,Bengaluru,1,192.81,0.009,191.07,30.84,3.5,3,Delivered,Net Banking,Corporate,2025,8,Aug,Q3,16.14
AMZ101085,CUST10930,2024-07-19,Sneakers,Fashion,West,Maharashtra,Mumbai,1,72.87,0.13,63.4,-4.17,3.8,4,Returned,Debit Card,Corporate,2024,7,Jul,Q3,-6.58
AMZ101086,CUST10026,2025-05-23,Data Science Book,Books,South,Tamil Nadu,Chennai,1,49.77,0.083,45.64,15.43,3.1,3,Delivered,Debit Card,Home Office,2025,5,May,Q2,33.81
AMZ101087,CUST10815,2024-11-17,Notebook Pack,Office,West,Maharashtra,Mumbai,1,16.51,0.261,12.2,2.45,5.0,2,Delivered,Debit Card,Corporate,2024,11,Nov,Q4,20.08
AMZ101088,CUST10005,2024-10-01,Fitness Tracker,Sports,South,Karnataka,Bengaluru,1,57.59,0.181,47.17,-2.05,4.1,4,Returned,Credit Card,Corporate,2024,10,Oct,Q4,-4.35
AMZ101089,CUST10532,2024-07-29,Running Shoes,Sports,West,Maharashtra,Pune,1,72.49,0.184,59.15,7.47,4.6,2,Delivered,Debit Card,Home Office,2024,7,Jul,Q3,12.63
AMZ101090,CUST10390,2025-05-18,Wireless Headphones,Electronics,South,Telangana,Hyderabad,1,82.3,0.16,0.0,0.0,4.6,7,Cancelled,Amazon Pay,Consumer,2025,5,May,Q2,0.0
AMZ101091,CUST10710,2024-04-27,Backpack,Fashion,South,Tamil Nadu,Coimbatore,1,41.5,0.028,40.34,10.71,4.8,4,Delivered,Debit Card,Corporate,2024,4,Apr,Q2,26.55
AMZ101092,CUST10571,2025-12-03,Smartphone X,Electronics,East,West Bengal,Kolkata,1,671.01,0.134,581.09,75.47,3.3,4,Delivered,Debit Card,Consumer,2025,12,Dec,Q4,12.99
AMZ101093,CUST10448,2025-07-07,Smartphone X,Electronics,West,Maharashtra,Mumbai,1,691.84,0.3,484.29,34.4,3.9,3,Delivered,Net Banking,Home Office,2025,7,Jul,Q3,7.1
AMZ101094,CUST10754,2024-02-11,Laptop Pro 14,Electronics,South,Tamil Nadu,Chennai,1,925.26,0.251,693.02,55.19,3.6,3,Delivered,Amazon Pay,Consumer,2024,2,Feb,Q1,7.96
AMZ101095,CUST10146,2024-11-10,Smart Watch,Electronics,South,Tamil Nadu,Chennai,1,137.18,0.268,100.42,6.62,2.7,5,Delivered,UPI,Consumer,2024,11,Nov,Q4,6.59
AMZ101096,CUST10388,2024-11-24,Business Book,Books,South,Tamil Nadu,Coimbatore,1,36.46,0.247,27.45,-2.04,4.2,4,Returned,Credit Card,Corporate,2024,11,Nov,Q4,-7.43
AMZ101097,CUST10785,2024-01-17,Smart Watch,Electronics,North,Rajasthan,Jaipur,1,137.09,0.031,132.84,17.81,4.5,4,Delivered,Net Banking,Home Office,2024,1,Jan,Q1,13.41
AMZ101098,CUST10249,2024-10-09,Fitness Tracker,Sports,South,Telangana,Hyderabad,1,61.06,0.068,56.91,-2.95,5.0,5,Returned,Debit Card,Consumer,2024,10,Oct,Q4,-5.18
AMZ101099,CUST10526,2024-09-14,Running Shoes,Sports,West,Gujarat,Ahmedabad,1,71.19,0.001,0.0,0.0,3.8,6,Cancelled,UPI,Home Office,2024,9,Sep,Q3,0.0
AMZ101100,CUST10462,2025-07-28,Mechanical Keyboard,Electronics,North,Haryana,Gurugram,1,98.07,0.091,89.15,-2.1,4.6,3,Returned,UPI,Consumer,2025,7,Jul,Q3,-2.36
AMZ101101,CUST10013,2025-07-27,Sneakers,Fashion,South,Karnataka,Bengaluru,2,66.77,0.033,129.13,29.04,4.2,3,Delivered,Credit Card,Home Office,2025,7,Jul,Q3,22.49
AMZ101102,CUST10903,2025-09-03,Smartphone X,Electronics,West,Gujarat,Ahmedabad,1,671.77,0.142,576.38,63.57,4.5,2,Delivered,Net Banking,Home Office,2025,9,Sep,Q3,11.03
AMZ101103,CUST10384,2024-01-19,Data Science Book,Books,North,Rajasthan,Jaipur,1,46.63,0.203,0.0,0.0,3.8,1,Cancelled,Amazon Pay,Home Office,2024,1,Jan,Q1,0.0
AMZ101104,CUST10556,2025-06-12,Mechanical Keyboard,Electronics,South,Karnataka,Bengaluru,1,89.53,0.262,0.0,0.0,4.0,4,Cancelled,Debit Card,Consumer,2025,6,Jun,Q2,0.0
AMZ101105,CUST10887,2025-02-26,Mechanical Keyboard,Electronics,South,Telangana,Hyderabad,1,97.95,0.225,0.0,0.0,4.2,5,Cancelled,Net Banking,Home Office,2025,2,Feb,Q1,0.0
AMZ101106,CUST10399,2025-04-10,Cookware Set,Home,South,Kerala,Kochi,1,126.75,0.282,91.01,16.09,,2,Delivered,Amazon Pay,Consumer,2025,4,Apr,Q2,17.68
AMZ101107,CUST10019,2025-01-07,Sneakers,Fashion,North,Rajasthan,Jaipur,1,66.67,0.016,65.6,13.18,3.8,1,Delivered,UPI,Consumer,2025,1,Jan,Q1,20.09
AMZ101108,CUST10575,2024-03-21,4K Smart TV,Electronics,South,Karnataka,Bengaluru,1,585.57,0.004,583.23,92.16,4.0,10,Delivered,Net Banking,Corporate,2024,3,Mar,Q1,15.8
AMZ101109,CUST10491,2025-07-04,Bluetooth Speaker,Electronics,South,Telangana,Hyderabad,1,69.49,0.198,55.73,-2.92,4.5,4,Returned,Amazon Pay,Home Office,2025,7,Jul,Q3,-5.24
AMZ101110,CUST10751,2025-07-01,Cotton T-Shirt,Fashion,North,Delhi,Delhi,1,22.27,0.087,0.0,0.0,4.8,5,Cancelled,Credit Card,Corporate,2025,7,Jul,Q3,0.0
AMZ101111,CUST10419,2025-02-27,Yoga Mat,Sports,West,Gujarat,Ahmedabad,1,30.0,0.076,27.72,-0.9,4.6,2,Returned,Debit Card,Consumer,2025,2,Feb,Q1,-3.25
AMZ101112,CUST10337,2025-03-04,Bluetooth Speaker,Electronics,West,Gujarat,Ahmedabad,1,70.15,0.099,0.0,0.0,4.2,6,Cancelled,Net Banking,Corporate,2025,3,Mar,Q1,0.0
AMZ101113,CUST10419,2025-01-22,Office Chair,Home,North,Haryana,Gurugram,1,166.59,0.081,153.1,29.39,3.8,2,Delivered,Debit Card,Home Office,2025,1,Jan,Q1,19.2
AMZ101114,CUST10915,2025-12-09,Smart Watch,Electronics,South,Tamil Nadu,Coimbatore,1,139.29,0.153,117.98,12.45,4.5,5,Delivered,Amazon Pay,Home Office,2025,12,Dec,Q4,10.55
AMZ101115,CUST10916,2025-10-31,Smart Watch,Electronics,South,Telangana,Hyderabad,1,152.7,0.132,0.0,0.0,2.8,3,Cancelled,Amazon Pay,Consumer,2025,10,Oct,Q4,0.0
AMZ101116,CUST10612,2024-07-22,USB-C Hub,Electronics,West,Maharashtra,Mumbai,1,29.95,0.154,0.0,0.0,4.4,4,Cancelled,Amazon Pay,Home Office,2024,7,Jul,Q3,0.0
AMZ101117,CUST10675,2024-07-14,Smart Watch,Electronics,North,Delhi,Delhi,1,139.66,0.202,111.45,-2.6,4.4,4,Returned,Net Banking,Consumer,2024,7,Jul,Q3,-2.33
AMZ101118,CUST10928,2025-12-28,Sneakers,Fashion,South,Kerala,Kochi,1,66.28,0.116,58.59,6.84,3.9,4,Delivered,Net Banking,Home Office,2025,12,Dec,Q4,11.67
AMZ101119,CUST10122,2024-10-11,Cookware Set,Home,West,Maharashtra,Pune,1,134.22,0.075,124.15,22.53,4.7,3,Delivered,Amazon Pay,Corporate,2024,10,Oct,Q4,18.15
AMZ101120,CUST10432,2024-07-14,Gaming Mouse,Electronics,South,Karnataka,Bengaluru,2,43.64,0.05,0.0,0.0,5.0,5,Cancelled,Credit Card,Corporate,2024,7,Jul,Q3,0.0
AMZ101121,CUST10044,2024-11-02,Laptop Pro 14,Electronics,North,Delhi,Delhi,3,946.29,0.105,2540.79,315.16,4.4,4,Delivered,UPI,Corporate,2024,11,Nov,Q4,12.4
AMZ101122,CUST10872,2025-10-25,Desk Organizer,Office,South,Telangana,Hyderabad,1,21.28,0.223,16.53,5.91,3.3,7,Delivered,Credit Card,Home Office,2025,10,Oct,Q4,35.75
AMZ101123,CUST10920,2024-01-14,Coffee Maker,Home,East,West Bengal,Kolkata,1,119.43,0.227,0.0,0.0,3.2,5,Cancelled,Debit Card,Consumer,2024,1,Jan,Q1,0.0
AMZ101124,CUST10317,2024-05-25,Laptop Pro 14,Electronics,South,Karnataka,Bengaluru,1,930.15,0.2,744.12,69.38,5.0,4,Delivered,Amazon Pay,Home Office,2024,5,May,Q2,9.32
AMZ101125,CUST10381,2024-02-26,Bluetooth Speaker,Electronics,South,Tamil Nadu,Chennai,1,66.1,0.07,61.47,7.3,3.5,6,Delivered,Credit Card,Home Office,2024,2,Feb,Q1,11.88
AMZ101126,CUST10145,2025-12-23,Desk Lamp,Home,West,Gujarat,Ahmedabad,1,41.86,0.176,34.49,1.49,3.5,3,Delivered,Credit Card,Corporate,2025,12,Dec,Q4,4.32
AMZ101127,CUST10327,2024-07-28,Laptop Pro 14,Electronics,South,Tamil Nadu,Coimbatore,1,912.72,0.171,756.64,74.72,3.7,2,Delivered,Credit Card,Home Office,2024,7,Jul,Q3,9.88
AMZ101128,CUST10363,2025-06-12,Coffee Maker,Home,South,Telangana,Hyderabad,2,121.64,0.145,208.0,35.77,4.6,6,Delivered,Amazon Pay,Home Office,2025,6,Jun,Q2,17.2
AMZ101129,CUST10050,2024-12-09,Desk Organizer,Office,South,Kerala,Kochi,1,22.66,0.165,18.92,0.31,3.0,3,Delivered,UPI,Corporate,2024,12,Dec,Q4,1.64
AMZ101130,CUST10065,2025-12-15,Wireless Headphones,Electronics,South,Tamil Nadu,Chennai,1,77.54,0.148,0.0,0.0,3.2,5,Cancelled,Amazon Pay,Corporate,2025,12,Dec,Q4,0.0
AMZ101131,CUST10355,2025-09-02,Sneakers,Fashion,North,Haryana,Gurugram,1,67.46,0.17,55.99,-3.98,5.0,6,Returned,Debit Card,Home Office,2025,9,Sep,Q3,-7.11
AMZ101132,CUST10800,2024-10-05,Data Science Book,Books,North,Rajasthan,Jaipur,2,46.24,0.215,72.6,14.93,3.5,2,Delivered,Amazon Pay,Corporate,2024,10,Oct,Q4,20.56
AMZ101133,CUST10164,2024-07-27,Smart Watch,Electronics,West,Maharashtra,Pune,1,138.12,0.033,0.0,0.0,4.9,3,Cancelled,Net Banking,Home Office,2024,7,Jul,Q3,0.0
AMZ101134,CUST10141,2025-10-02,Smart Watch,Electronics,West,Maharashtra,Pune,1,138.37,0.225,107.24,-3.92,4.3,5,Returned,Debit Card,Home Office,2025,10,Oct,Q4,-3.66
AMZ101135,CUST10826,2024-11-30,Cookware Set,Home,South,Tamil Nadu,Chennai,1,129.69,0.041,124.37,-5.37,3.4,2,Returned,Credit Card,Corporate,2024,11,Nov,Q4,-4.32
AMZ101136,CUST10128,2024-10-14,USB-C Hub,Electronics,West,Gujarat,Ahmedabad,2,28.56,0.02,55.98,8.1,3.8,5,Delivered,Amazon Pay,Corporate,2024,10,Oct,Q4,14.47
AMZ101137,CUST10398,2024-09-08,Cookware Set,Home,North,Haryana,Gurugram,1,129.06,0.293,91.25,12.17,3.3,4,Delivered,Credit Card,Corporate,2024,9,Sep,Q3,13.34
AMZ101138,CUST10933,2024-09-21,Gaming Mouse,Electronics,East,West Bengal,Kolkata,2,44.51,0.287,63.47,8.17,3.8,5,Delivered,Debit Card,Home Office,2024,9,Sep,Q3,12.87
AMZ101139,CUST10880,2024-09-27,Gaming Mouse,Electronics,West,Gujarat,Ahmedabad,1,42.87,0.018,42.1,9.14,4.1,5,Delivered,Credit Card,Corporate,2024,9,Sep,Q3,21.71
AMZ101140,CUST10463,2025-11-30,Smartphone X,Electronics,North,Delhi,Delhi,1,723.17,0.133,626.99,74.96,4.0,4,Delivered,Credit Card,Home Office,2025,11,Nov,Q4,11.96
AMZ101141,CUST10751,2025-02-22,USB-C Hub,Electronics,South,Tamil Nadu,Coimbatore,1,31.31,0.056,29.56,3.84,3.9,4,Delivered,Credit Card,Consumer,2025,2,Feb,Q1,12.99
AMZ101142,CUST10836,2025-12-26,Cookware Set,Home,West,Maharashtra,Pune,1,119.35,0.146,101.92,19.24,4.7,4,Delivered,UPI,Consumer,2025,12,Dec,Q4,18.88
AMZ101143,CUST10808,2024-07-29,Smart Watch,Electronics,North,Delhi,Delhi,1,156.98,0.249,0.0,0.0,3.1,1,Cancelled,Credit Card,Corporate,2024,7,Jul,Q3,0.0
AMZ101144,CUST10187,2024-12-30,Yoga Mat,Sports,South,Kerala,Kochi,2,27.59,0.285,39.45,7.0,4.0,7,Delivered,Credit Card,Consumer,2024,12,Dec,Q4,17.74
AMZ101145,CUST10720,2024-03-16,Novel Collection,Books,South,Karnataka,Bengaluru,1,53.32,0.19,43.19,15.45,3.7,5,Delivered,Debit Card,Home Office,2024,3,Mar,Q1,35.77
AMZ101146,CUST10732,2025-10-21,Coffee Maker,Home,West,Maharashtra,Mumbai,1,125.27,0.106,0.0,0.0,,6,Cancelled,Credit Card,Home Office,2025,10,Oct,Q4,0.0
AMZ101147,CUST10912,2024-11-16,Coffee Maker,Home,South,Telangana,Hyderabad,1,114.83,0.181,94.05,11.91,3.2,6,Delivered,Debit Card,Consumer,2024,11,Nov,Q4,12.66
AMZ101148,CUST10190,2025-12-25,Laptop Pro 14,Electronics,North,Haryana,Gurugram,1,955.94,0.094,866.08,114.87,4.2,1,Delivered,Debit Card,Home Office,2025,12,Dec,Q4,13.26
AMZ101149,CUST10388,2025-03-08,Novel Collection,Books,West,Gujarat,Ahmedabad,1,58.09,0.273,42.23,10.02,4.3,4,Delivered,UPI,Home Office,2025,3,Mar,Q1,23.73
AMZ101150,CUST10429,2024-04-18,USB-C Hub,Electronics,West,Maharashtra,Pune,1,27.08,0.261,0.0,0.0,4.5,3,Cancelled,Credit Card,Consumer,2024,4,Apr,Q2,0.0
AMZ101151,CUST10858,2025-10-02,4K Smart TV,Electronics,North,Delhi,Delhi,1,580.58,0.167,483.62,52.78,4.5,4,Delivered,Amazon Pay,Consumer,2025,10,Oct,Q4,10.91
AMZ101152,CUST10284,2025-06-05,Gaming Mouse,Electronics,North,Rajasthan,Jaipur,1,42.93,0.097,38.77,-0.67,5.0,5,Returned,Amazon Pay,Home Office,2025,6,Jun,Q2,-1.73
AMZ101153,CUST10864,2024-02-16,Bluetooth Speaker,Electronics,South,Tamil Nadu,Coimbatore,3,61.49,0.088,168.24,25.7,3.1,5,Delivered,Amazon Pay,Home Office,2024,2,Feb,Q1,15.28
AMZ101154,CUST10237,2025-01-13,Laptop Pro 14,Electronics,South,Tamil Nadu,Coimbatore,1,958.82,0.01,949.23,-36.75,4.3,3,Returned,Credit Card,Consumer,2025,1,Jan,Q1,-3.87
AMZ101155,CUST10194,2024-04-05,Mechanical Keyboard,Electronics,South,Karnataka,Bengaluru,2,92.31,0.245,139.39,13.3,4.3,5,Delivered,Net Banking,Corporate,2024,4,Apr,Q2,9.54
AMZ101156,CUST10287,2024-04-12,Desk Organizer,Office,South,Telangana,Hyderabad,1,21.7,0.135,18.77,6.54,4.3,3,Delivered,Net Banking,Consumer,2024,4,Apr,Q2,34.84
AMZ101157,CUST10771,2024-05-25,Laptop Pro 14,Electronics,South,Telangana,Hyderabad,1,930.95,0.098,839.72,103.87,4.2,7,Delivered,Credit Card,Consumer,2024,5,May,Q2,12.37
AMZ101158,CUST10758,2024-01-27,4K Smart TV,Electronics,South,Tamil Nadu,Coimbatore,1,571.06,0.141,490.54,-13.95,3.8,6,Returned,Net Banking,Corporate,2024,1,Jan,Q1,-2.84
AMZ101159,CUST10136,2025-06-13,Business Book,Books,South,Tamil Nadu,Coimbatore,1,37.06,0.246,0.0,0.0,4.0,6,Cancelled,Net Banking,Corporate,2025,6,Jun,Q2,0.0
AMZ101160,CUST10792,2025-11-09,Wireless Headphones,Electronics,West,Gujarat,Ahmedabad,2,76.72,0.037,147.76,-5.5,4.1,5,Returned,Net Banking,Home Office,2025,11,Nov,Q4,-3.72
AMZ101161,CUST10783,2024-03-22,Yoga Mat,Sports,North,Haryana,Gurugram,1,28.67,0.257,0.0,0.0,4.8,1,Cancelled,Debit Card,Corporate,2024,3,Mar,Q1,0.0
AMZ101162,CUST10171,2025-03-03,Mechanical Keyboard,Electronics,East,West Bengal,Kolkata,1,96.07,0.269,70.23,8.42,4.5,3,Delivered,UPI,Corporate,2025,3,Mar,Q1,11.99
AMZ101163,CUST10159,2025-08-06,Yoga Mat,Sports,South,Kerala,Kochi,2,29.64,0.284,42.44,-0.94,3.6,3,Returned,UPI,Corporate,2025,8,Aug,Q3,-2.21
AMZ101164,CUST10201,2025-04-23,Laptop Pro 14,Electronics,North,Rajasthan,Jaipur,1,880.01,0.119,775.29,82.03,4.6,5,Delivered,Amazon Pay,Home Office,2025,4,Apr,Q2,10.58
AMZ101165,CUST10487,2024-06-10,Business Book,Books,South,Kerala,Kochi,1,34.95,0.065,32.68,8.27,3.4,4,Delivered,Amazon Pay,Corporate,2024,6,Jun,Q2,25.31
AMZ101166,CUST10557,2025-02-05,Gaming Mouse,Electronics,West,Gujarat,Ahmedabad,1,44.39,0.112,39.42,6.95,4.3,4,Delivered,Credit Card,Consumer,2025,2,Feb,Q1,17.63
AMZ101167,CUST10776,2025-05-22,Cotton T-Shirt,Fashion,North,Delhi,Delhi,2,25.72,0.1,46.3,4.3,3.5,5,Delivered,Debit Card,Consumer,2025,5,May,Q2,9.29
AMZ101168,CUST10583,2024-02-07,Coffee Maker,Home,West,Maharashtra,Mumbai,1,117.92,0.053,111.67,21.53,4.6,2,Delivered,Net Banking,Home Office,2024,2,Feb,Q1,19.28
AMZ101169,CUST10504,2025-05-25,4K Smart TV,Electronics,South,Tamil Nadu,Coimbatore,1,586.61,0.182,479.85,47.34,3.3,4,Delivered,Debit Card,Consumer,2025,5,May,Q2,9.87
AMZ101170,CUST10876,2025-01-27,Cotton T-Shirt,Fashion,South,Tamil Nadu,Chennai,1,25.18,0.143,21.58,3.94,4.1,6,Delivered,Credit Card,Consumer,2025,1,Jan,Q1,18.26
AMZ101171,CUST10371,2025-12-13,Notebook Pack,Office,East,West Bengal,Kolkata,2,16.94,0.26,25.07,0.09,4.1,4,Delivered,Debit Card,Home Office,2025,12,Dec,Q4,0.36
AMZ101172,CUST10103,2025-05-08,Novel Collection,Books,North,Haryana,Gurugram,1,55.01,0.01,54.46,21.41,4.1,5,Delivered,Debit Card,Consumer,2025,5,May,Q2,39.31
AMZ101173,CUST10125,2024-07-18,Notebook Pack,Office,South,Karnataka,Bengaluru,1,15.76,0.193,12.72,3.9,3.8,2,Delivered,Amazon Pay,Consumer,2024,7,Jul,Q3,30.66
AMZ101174,CUST10313,2024-09-11,Coffee Maker,Home,East,West Bengal,Kolkata,1,124.73,0.229,96.17,9.68,4.6,7,Delivered,Net Banking,Home Office,2024,9,Sep,Q3,10.07
AMZ101175,CUST10798,2024-06-27,Smart Watch,Electronics,South,Tamil Nadu,Coimbatore,2,141.64,0.228,218.69,22.1,4.2,2,Delivered,Net Banking,Home Office,2024,6,Jun,Q2,10.11
AMZ101176,CUST10458,2025-06-30,Mechanical Keyboard,Electronics,West,Maharashtra,Pune,2,99.62,0.266,146.24,16.79,3.0,4,Delivered,Amazon Pay,Corporate,2025,6,Jun,Q2,11.48
AMZ101177,CUST10230,2025-08-16,Coffee Maker,Home,North,Haryana,Gurugram,3,119.57,0.219,280.15,40.68,4.2,2,Delivered,UPI,Home Office,2025,8,Aug,Q3,14.52
AMZ101178,CUST10658,2025-01-23,4K Smart TV,Electronics,West,Maharashtra,Mumbai,1,560.55,0.278,404.72,19.12,3.4,5,Delivered,Net Banking,Corporate,2025,1,Jan,Q1,4.72
AMZ101179,CUST10882,2025-02-01,Backpack,Fashion,West,Maharashtra,Pune,1,45.65,0.1,41.09,17.05,4.7,6,Delivered,Amazon Pay,Home Office,2025,2,Feb,Q1,41.49
AMZ101180,CUST10197,2024-06-06,Cotton T-Shirt,Fashion,East,West Bengal,Kolkata,1,22.8,0.151,19.36,3.89,4.4,2,Delivered,Net Banking,Consumer,2024,6,Jun,Q2,20.09
AMZ101181,CUST10885,2024-01-04,Wireless Headphones,Electronics,South,Tamil Nadu,Chennai,2,79.23,0.004,157.83,27.57,4.5,5,Delivered,Net Banking,Corporate,2024,1,Jan,Q1,17.47
AMZ101182,CUST10733,2024-06-15,Cookware Set,Home,South,Tamil Nadu,Chennai,1,139.06,0.002,138.78,34.42,4.5,4,Delivered,Net Banking,Corporate,2024,6,Jun,Q2,24.8
AMZ101183,CUST10423,2025-04-12,Cookware Set,Home,West,Maharashtra,Mumbai,1,120.84,0.072,112.14,16.0,4.3,2,Delivered,Debit Card,Home Office,2025,4,Apr,Q2,14.27
AMZ101184,CUST10572,2025-02-12,4K Smart TV,Electronics,South,Telangana,Hyderabad,2,571.41,0.03,1108.54,-41.34,4.1,4,Returned,Amazon Pay,Home Office,2025,2,Feb,Q1,-3.73
AMZ101185,CUST10610,2025-02-15,4K Smart TV,Electronics,North,Rajasthan,Jaipur,1,563.06,0.078,519.14,72.96,4.9,1,Delivered,Amazon Pay,Consumer,2025,2,Feb,Q1,14.05
AMZ101186,CUST10171,2024-07-22,Fitness Tracker,Sports,South,Tamil Nadu,Coimbatore,1,56.75,0.053,53.74,11.21,3.4,3,Delivered,Credit Card,Corporate,2024,7,Jul,Q3,20.86
AMZ101187,CUST10382,2024-07-12,Mechanical Keyboard,Electronics,South,Karnataka,Bengaluru,1,94.31,0.009,93.46,16.27,3.7,5,Delivered,Debit Card,Corporate,2024,7,Jul,Q3,17.41
AMZ101188,CUST10173,2024-08-22,Novel Collection,Books,South,Tamil Nadu,Coimbatore,1,52.69,0.273,38.31,11.19,3.5,7,Delivered,UPI,Home Office,2024,8,Aug,Q3,29.21
AMZ101189,CUST10663,2025-12-18,Fitness Tracker,Sports,South,Telangana,Hyderabad,2,62.15,0.002,124.05,-7.04,4.1,6,Returned,Amazon Pay,Corporate,2025,12,Dec,Q4,-5.68
AMZ101190,CUST10453,2024-05-29,Yoga Mat,Sports,South,Kerala,Kochi,1,26.46,0.221,20.61,1.98,3.0,6,Delivered,Net Banking,Consumer,2024,5,May,Q2,9.61
AMZ101191,CUST10350,2024-06-07,Smart Watch,Electronics,South,Kerala,Kochi,1,152.9,0.046,145.87,25.37,3.1,4,Delivered,Amazon Pay,Home Office,2024,6,Jun,Q2,17.39
AMZ101192,CUST10902,2024-10-05,Gaming Mouse,Electronics,South,Kerala,Kochi,1,41.21,0.274,29.92,5.32,5.0,4,Delivered,Amazon Pay,Corporate,2024,10,Oct,Q4,17.78
AMZ101193,CUST10634,2025-02-07,Gaming Mouse,Electronics,South,Tamil Nadu,Chennai,1,44.81,0.268,32.8,1.51,3.3,3,Delivered,Credit Card,Corporate,2025,2,Feb,Q1,4.6
AMZ101194,CUST10494,2025-11-08,Smart Watch,Electronics,South,Tamil Nadu,Chennai,1,143.86,0.196,115.66,8.55,4.3,2,Delivered,Debit Card,Consumer,2025,11,Nov,Q4,7.39
AMZ101195,CUST10620,2024-11-06,Desk Organizer,Office,North,Delhi,Delhi,1,22.54,0.202,17.99,1.26,3.6,4,Delivered,UPI,Home Office,2024,11,Nov,Q4,7.0
AMZ101196,CUST10004,2024-03-08,Coffee Maker,Home,West,Maharashtra,Pune,1,117.57,0.002,117.33,-4.78,3.3,3,Returned,Amazon Pay,Consumer,2024,3,Mar,Q1,-4.07
AMZ101197,CUST10093,2025-04-07,Sneakers,Fashion,East,West Bengal,Kolkata,1,72.1,0.295,50.83,12.11,4.6,1,Delivered,Net Banking,Corporate,2025,4,Apr,Q2,23.82
AMZ101198,CUST10919,2024-03-28,Fitness Tracker,Sports,South,Karnataka,Bengaluru,1,61.9,0.263,45.62,13.28,3.7,1,Delivered,Amazon Pay,Corporate,2024,3,Mar,Q1,29.11
AMZ101199,CUST10006,2024-08-04,Backpack,Fashion,West,Maharashtra,Mumbai,1,46.33,0.269,0.0,0.0,4.7,4,Cancelled,Net Banking,Consumer,2024,8,Aug,Q3,0.0
AMZ101200,CUST10288,2024-01-01,Cotton T-Shirt,Fashion,East,West Bengal,Kolkata,2,22.37,0.198,35.88,-3.55,4.8,2,Returned,Debit Card,Home Office,2024,1,Jan,Q1,-9.89
AMZ101201,CUST10618,2024-05-14,Smart Watch,Electronics,South,Tamil Nadu,Coimbatore,1,142.04,0.103,127.41,-3.88,3.6,5,Returned,Credit Card,Consumer,2024,5,May,Q2,-3.05
AMZ101202,CUST10146,2025-11-27,Office Chair,Home,North,Delhi,Delhi,2,184.61,0.268,270.27,29.92,4.1,5,Delivered,Debit Card,Corporate,2025,11,Nov,Q4,11.07
AMZ101203,CUST10783,2024-12-16,Bluetooth Speaker,Electronics,South,Tamil Nadu,Chennai,1,64.54,0.087,58.93,1.92,4.7,3,Delivered,Net Banking,Consumer,2024,12,Dec,Q4,3.26
AMZ101204,CUST10424,2024-05-19,Laptop Pro 14,Electronics,West,Maharashtra,Mumbai,1,962.94,0.169,800.2,80.1,4.3,2,Delivered,UPI,Corporate,2024,5,May,Q2,10.01
AMZ101205,CUST10890,2025-09-09,Coffee Maker,Home,South,Tamil Nadu,Chennai,1,115.89,0.03,112.41,25.84,4.2,4,Delivered,Credit Card,Corporate,2025,9,Sep,Q3,22.99
AMZ101206,CUST10608,2024-05-12,Smart Watch,Electronics,South,Karnataka,Bengaluru,1,151.41,0.277,109.47,8.32,4.7,4,Delivered,Debit Card,Home Office,2024,5,May,Q2,7.6
AMZ101207,CUST10457,2025-09-11,Fitness Tracker,Sports,West,Maharashtra,Pune,1,63.62,0.042,0.0,0.0,3.8,7,Cancelled,Debit Card,Consumer,2025,9,Sep,Q3,0.0
AMZ101208,CUST10741,2024-06-26,Backpack,Fashion,East,West Bengal,Kolkata,1,44.75,0.067,0.0,0.0,4.7,6,Cancelled,Net Banking,Corporate,2024,6,Jun,Q2,0.0
AMZ101209,CUST10202,2024-12-23,Backpack,Fashion,East,West Bengal,Kolkata,3,42.31,0.167,105.73,22.4,4.0,8,Delivered,Credit Card,Consumer,2024,12,Dec,Q4,21.19
AMZ101210,CUST10212,2025-01-14,4K Smart TV,Electronics,South,Kerala,Kochi,1,543.47,0.229,0.0,0.0,2.7,7,Cancelled,Credit Card,Home Office,2025,1,Jan,Q1,0.0
AMZ101211,CUST10006,2025-10-19,Air Fryer,Home,South,Telangana,Hyderabad,1,93.66,0.186,76.24,12.19,3.6,4,Delivered,Amazon Pay,Home Office,2025,10,Oct,Q4,15.99
AMZ101212,CUST10624,2025-03-25,4K Smart TV,Electronics,South,Kerala,Kochi,2,583.22,0.07,1084.79,149.45,4.2,5,Delivered,Debit Card,Corporate,2025,3,Mar,Q1,13.78
AMZ101213,CUST10376,2025-08-08,Mechanical Keyboard,Electronics,West,Maharashtra,Mumbai,1,96.2,0.0,96.2,15.81,4.0,4,Delivered,Net Banking,Corporate,2025,8,Aug,Q3,16.43
AMZ101214,CUST10891,2025-04-07,Notebook Pack,Office,North,Rajasthan,Jaipur,2,16.38,0.227,25.32,-2.35,3.5,2,Returned,Debit Card,Consumer,2025,4,Apr,Q2,-9.28
AMZ101215,CUST10447,2024-04-17,Mechanical Keyboard,Electronics,South,Kerala,Kochi,1,88.25,0.296,62.13,-1.31,3.9,5,Delivered,Amazon Pay,Consumer,2024,4,Apr,Q2,-2.11
AMZ101216,CUST10835,2024-05-01,Smart Watch,Electronics,North,Delhi,Delhi,2,154.01,0.243,233.17,7.86,4.3,1,Delivered,UPI,Consumer,2024,5,May,Q2,3.37
AMZ101217,CUST10106,2024-01-17,Yoga Mat,Sports,South,Kerala,Kochi,1,27.79,0.138,23.95,5.21,3.3,5,Delivered,Credit Card,Corporate,2024,1,Jan,Q1,21.75
AMZ101218,CUST10651,2024-07-14,Desk Lamp,Home,South,Kerala,Kochi,1,39.49,0.271,28.79,0.35,4.0,4,Delivered,Credit Card,Corporate,2024,7,Jul,Q3,1.22
AMZ101219,CUST10811,2024-11-22,Running Shoes,Sports,North,Rajasthan,Jaipur,1,68.04,0.123,59.67,14.61,5.0,5,Delivered,Amazon Pay,Home Office,2024,11,Nov,Q4,24.48
AMZ101220,CUST10401,2024-11-13,Business Book,Books,South,Telangana,Hyderabad,1,33.85,0.157,28.54,-0.64,4.3,4,Returned,Credit Card,Consumer,2024,11,Nov,Q4,-2.24
AMZ101221,CUST10096,2025-04-23,Cookware Set,Home,South,Karnataka,Bengaluru,1,134.6,0.143,115.35,25.16,4.0,4,Delivered,Amazon Pay,Home Office,2025,4,Apr,Q2,21.81
AMZ101222,CUST10388,2024-09-08,Sneakers,Fashion,North,Delhi,Delhi,1,64.69,0.134,56.02,-3.62,3.0,6,Returned,Debit Card,Corporate,2024,9,Sep,Q3,-6.46
AMZ101223,CUST10452,2025-05-17,Smart Watch,Electronics,South,Kerala,Kochi,1,145.7,0.233,0.0,0.0,4.6,4,Cancelled,Net Banking,Corporate,2025,5,May,Q2,0.0
AMZ101224,CUST10849,2024-04-28,Running Shoes,Sports,West,Maharashtra,Pune,1,73.99,0.158,62.3,-1.86,3.4,4,Returned,UPI,Consumer,2024,4,Apr,Q2,-2.99
AMZ101225,CUST10809,2025-11-04,Business Book,Books,North,Rajasthan,Jaipur,2,36.24,0.095,65.59,20.07,3.6,1,Delivered,UPI,Corporate,2025,11,Nov,Q4,30.6
AMZ101226,CUST10901,2025-12-10,Fitness Tracker,Sports,West,Maharashtra,Pune,2,58.75,0.077,108.45,19.34,4.4,5,Delivered,UPI,Consumer,2025,12,Dec,Q4,17.83
AMZ101227,CUST10416,2025-05-12,Desk Organizer,Office,North,Rajasthan,Jaipur,1,21.32,0.011,21.09,0.1,3.3,3,Delivered,UPI,Home Office,2025,5,May,Q2,0.47
AMZ101228,CUST10726,2025-04-30,Laptop Pro 14,Electronics,West,Maharashtra,Pune,1,847.67,0.175,699.33,72.38,3.1,7,Delivered,Net Banking,Home Office,2025,4,Apr,Q2,10.35
AMZ101229,CUST10504,2024-02-14,Sneakers,Fashion,North,Rajasthan,Jaipur,2,72.72,0.069,135.4,41.59,4.5,6,Delivered,Credit Card,Consumer,2024,2,Feb,Q1,30.72
AMZ101230,CUST10454,2024-11-09,Mechanical Keyboard,Electronics,South,Tamil Nadu,Coimbatore,1,88.69,0.044,84.79,-2.81,4.7,6,Returned,UPI,Consumer,2024,11,Nov,Q4,-3.31
AMZ101231,CUST10291,2024-06-27,Data Science Book,Books,West,Maharashtra,Pune,2,45.78,0.196,73.61,17.11,4.4,4,Delivered,UPI,Corporate,2024,6,Jun,Q2,23.24
AMZ101232,CUST10534,2025-02-21,Sneakers,Fashion,South,Telangana,Hyderabad,2,70.51,0.204,112.25,24.9,3.4,5,Delivered,UPI,Corporate,2025,2,Feb,Q1,22.18
AMZ101233,CUST10193,2025-07-09,4K Smart TV,Electronics,North,Haryana,Gurugram,1,579.82,0.226,448.78,36.4,3.7,5,Delivered,Net Banking,Consumer,2025,7,Jul,Q3,8.11
AMZ101234,CUST10150,2024-03-18,Business Book,Books,North,Delhi,Delhi,2,33.24,0.151,56.44,14.55,3.5,5,Delivered,UPI,Home Office,2024,3,Mar,Q1,25.78
AMZ101235,CUST10880,2024-11-21,Desk Organizer,Office,West,Maharashtra,Mumbai,1,20.7,0.268,0.0,0.0,3.0,3,Cancelled,Net Banking,Home Office,2024,11,Nov,Q4,0.0
AMZ101236,CUST10759,2025-11-20,Bluetooth Speaker,Electronics,South,Karnataka,Bengaluru,1,61.68,0.281,0.0,0.0,3.8,4,Cancelled,Debit Card,Consumer,2025,11,Nov,Q4,0.0
AMZ101237,CUST10779,2024-12-22,Laptop Pro 14,Electronics,South,Tamil Nadu,Coimbatore,1,890.13,0.242,674.72,49.12,3.8,3,Delivered,Credit Card,Corporate,2024,12,Dec,Q4,7.28
AMZ101238,CUST10763,2025-02-19,Business Book,Books,West,Gujarat,Ahmedabad,1,32.51,0.191,0.0,0.0,4.5,6,Cancelled,Amazon Pay,Home Office,2025,2,Feb,Q1,0.0
AMZ101239,CUST10515,2025-05-29,Desk Organizer,Office,South,Tamil Nadu,Chennai,2,20.85,0.091,37.91,9.92,4.5,3,Delivered,Debit Card,Consumer,2025,5,May,Q2,26.17
AMZ101240,CUST10393,2024-08-01,Cookware Set,Home,South,Kerala,Kochi,1,120.84,0.295,85.19,19.56,4.5,2,Delivered,Credit Card,Consumer,2024,8,Aug,Q3,22.96
AMZ101241,CUST10316,2024-03-14,Smart Watch,Electronics,West,Maharashtra,Mumbai,1,140.97,0.082,129.41,14.48,2.5,1,Delivered,UPI,Consumer,2024,3,Mar,Q1,11.19
AMZ101242,CUST10076,2025-07-16,Coffee Maker,Home,South,Tamil Nadu,Chennai,1,112.06,0.061,0.0,0.0,4.3,5,Cancelled,UPI,Consumer,2025,7,Jul,Q3,0.0
AMZ101243,CUST10599,2025-08-01,Data Science Book,Books,North,Delhi,Delhi,1,45.55,0.133,39.49,-5.15,3.8,4,Returned,Net Banking,Consumer,2025,8,Aug,Q3,-13.04
AMZ101244,CUST10270,2025-05-23,Coffee Maker,Home,West,Maharashtra,Mumbai,2,127.97,0.017,251.59,44.6,4.3,1,Delivered,Amazon Pay,Home Office,2025,5,May,Q2,17.73
AMZ101245,CUST10225,2024-11-27,Running Shoes,Sports,West,Maharashtra,Pune,1,71.1,0.294,50.2,2.37,4.0,4,Delivered,Debit Card,Consumer,2024,11,Nov,Q4,4.72
AMZ101246,CUST10530,2024-04-02,Data Science Book,Books,West,Maharashtra,Pune,1,47.75,0.177,39.3,7.98,4.5,5,Delivered,Net Banking,Home Office,2024,4,Apr,Q2,20.31
AMZ101247,CUST10113,2025-11-18,Running Shoes,Sports,West,Gujarat,Ahmedabad,1,71.13,0.167,0.0,0.0,4.8,2,Cancelled,Net Banking,Consumer,2025,11,Nov,Q4,0.0
AMZ101248,CUST10251,2025-10-18,Yoga Mat,Sports,South,Tamil Nadu,Chennai,1,26.16,0.197,21.01,-1.78,4.0,3,Returned,Net Banking,Corporate,2025,10,Oct,Q4,-8.47
AMZ101249,CUST10233,2025-06-02,Novel Collection,Books,South,Karnataka,Bengaluru,1,56.12,0.149,47.76,5.04,3.8,5,Delivered,Credit Card,Home Office,2025,6,Jun,Q2,10.55
AMZ101250,CUST10841,2024-09-25,Bluetooth Speaker,Electronics,North,Delhi,Delhi,1,67.83,0.01,67.15,15.93,4.8,3,Delivered,UPI,Corporate,2024,9,Sep,Q3,23.72
AMZ101251,CUST10791,2025-01-10,Data Science Book,Books,West,Maharashtra,Pune,1,44.7,0.184,36.48,11.9,4.4,3,Delivered,Debit Card,Consumer,2025,1,Jan,Q1,32.62
AMZ101252,CUST10714,2024-01-04,Running Shoes,Sports,South,Kerala,Kochi,1,69.02,0.215,54.18,3.56,3.4,6,Delivered,Net Banking,Consumer,2024,1,Jan,Q1,6.57
AMZ101253,CUST10083,2024-05-17,Smartphone X,Electronics,North,Haryana,Gurugram,2,645.56,0.125,1129.73,-31.64,3.9,4,Returned,Debit Card,Consumer,2024,5,May,Q2,-2.8
AMZ101254,CUST10125,2024-08-18,Novel Collection,Books,South,Telangana,Hyderabad,1,53.01,0.227,40.98,3.54,4.3,5,Delivered,Credit Card,Home Office,2024,8,Aug,Q3,8.64
AMZ101255,CUST10175,2025-08-22,Bluetooth Speaker,Electronics,South,Telangana,Hyderabad,1,68.72,0.068,64.05,5.69,3.5,3,Delivered,UPI,Home Office,2025,8,Aug,Q3,8.88
AMZ101256,CUST10069,2025-06-12,Fitness Tracker,Sports,North,Rajasthan,Jaipur,1,54.69,0.066,0.0,0.0,4.9,7,Cancelled,Debit Card,Home Office,2025,6,Jun,Q2,0.0
AMZ101257,CUST10047,2024-02-21,Gaming Mouse,Electronics,South,Karnataka,Bengaluru,2,44.73,0.048,85.17,10.28,4.4,2,Delivered,Net Banking,Corporate,2024,2,Feb,Q1,12.07
AMZ101258,CUST10884,2025-10-07,Wireless Headphones,Electronics,South,Telangana,Hyderabad,2,84.69,0.112,150.41,23.22,3.5,2,Delivered,UPI,Corporate,2025,10,Oct,Q4,15.44
AMZ101259,CUST10256,2025-12-23,USB-C Hub,Electronics,North,Rajasthan,Jaipur,2,30.77,0.254,45.91,3.94,3.9,3,Delivered,Net Banking,Corporate,2025,12,Dec,Q4,8.58
AMZ101260,CUST10727,2024-11-20,Office Chair,Home,South,Tamil Nadu,Chennai,1,169.41,0.248,127.4,21.2,3.8,7,Delivered,Amazon Pay,Consumer,2024,11,Nov,Q4,16.64
AMZ101261,CUST10030,2025-12-31,Wireless Headphones,Electronics,West,Maharashtra,Pune,3,82.71,0.115,219.6,23.32,3.9,1,Delivered,Amazon Pay,Consumer,2025,12,Dec,Q4,10.62
AMZ101262,CUST10281,2025-12-17,Desk Lamp,Home,South,Tamil Nadu,Coimbatore,1,39.02,0.177,32.11,12.27,4.0,6,Delivered,Net Banking,Corporate,2025,12,Dec,Q4,38.21
AMZ101263,CUST10924,2025-12-23,Fitness Tracker,Sports,West,Maharashtra,Pune,1,54.68,0.216,42.87,10.33,3.6,5,Delivered,Credit Card,Consumer,2025,12,Dec,Q4,24.1
AMZ101264,CUST10237,2024-10-03,Backpack,Fashion,South,Tamil Nadu,Coimbatore,3,42.79,0.072,119.13,-6.48,3.5,2,Returned,Credit Card,Home Office,2024,10,Oct,Q4,-5.44
AMZ101265,CUST10248,2025-06-19,Cookware Set,Home,South,Kerala,Kochi,1,130.56,0.05,124.03,-6.29,3.7,3,Returned,Net Banking,Consumer,2025,6,Jun,Q2,-5.07
AMZ101266,CUST10368,2025-04-30,Business Book,Books,North,Haryana,Gurugram,1,34.62,0.292,24.51,-1.27,4.4,5,Returned,Amazon Pay,Home Office,2025,4,Apr,Q2,-5.18
AMZ101267,CUST10495,2025-05-30,Notebook Pack,Office,West,Maharashtra,Mumbai,1,15.72,0.185,12.81,1.89,4.7,9,Delivered,Net Banking,Consumer,2025,5,May,Q2,14.75
AMZ101268,CUST10025,2024-05-31,Bluetooth Speaker,Electronics,South,Telangana,Hyderabad,1,63.03,0.294,0.0,0.0,4.0,4,Cancelled,Amazon Pay,Home Office,2024,5,May,Q2,0.0
AMZ101269,CUST10586,2025-04-27,USB-C Hub,Electronics,South,Tamil Nadu,Chennai,2,29.46,0.101,52.97,5.75,4.3,6,Delivered,Net Banking,Corporate,2025,4,Apr,Q2,10.86
AMZ101270,CUST10718,2024-09-15,Novel Collection,Books,South,Tamil Nadu,Coimbatore,1,54.87,0.211,0.0,0.0,4.0,5,Cancelled,Net Banking,Home Office,2024,9,Sep,Q3,0.0
AMZ101271,CUST10490,2024-11-19,Gaming Mouse,Electronics,East,West Bengal,Kolkata,1,45.22,0.067,42.19,-0.15,4.8,2,Returned,Debit Card,Corporate,2024,11,Nov,Q4,-0.36
AMZ101272,CUST10494,2024-06-16,Data Science Book,Books,South,Telangana,Hyderabad,1,51.42,0.078,47.41,17.75,4.4,2,Delivered,Amazon Pay,Corporate,2024,6,Jun,Q2,37.44
AMZ101273,CUST10314,2025-11-18,Notebook Pack,Office,South,Karnataka,Bengaluru,1,15.91,0.154,13.46,-0.08,4.3,2,Returned,Amazon Pay,Consumer,2025,11,Nov,Q4,-0.59
AMZ101274,CUST10606,2024-11-05,Laptop Pro 14,Electronics,South,Kerala,Kochi,1,967.71,0.096,874.81,111.08,3.7,3,Delivered,Debit Card,Corporate,2024,11,Nov,Q4,12.7
AMZ101275,CUST10375,2025-04-23,Desk Lamp,Home,West,Maharashtra,Mumbai,1,40.06,0.05,38.06,7.67,3.2,4,Delivered,Debit Card,Consumer,2025,4,Apr,Q2,20.15
AMZ101276,CUST10639,2024-02-25,Fitness Tracker,Sports,South,Telangana,Hyderabad,1,60.97,0.079,56.15,17.82,4.7,2,Delivered,Debit Card,Corporate,2024,2,Feb,Q1,31.74
AMZ101277,CUST10937,2025-09-11,Business Book,Books,South,Tamil Nadu,Chennai,1,36.51,0.011,36.11,16.96,4.1,6,Delivered,Net Banking,Home Office,2025,9,Sep,Q3,46.97
AMZ101278,CUST10025,2025-04-17,Office Chair,Home,South,Telangana,Hyderabad,2,182.9,0.211,288.62,45.85,4.2,5,Delivered,UPI,Home Office,2025,4,Apr,Q2,15.89
AMZ101279,CUST10334,2024-10-22,Data Science Book,Books,South,Tamil Nadu,Coimbatore,1,44.85,0.148,38.21,8.57,3.7,1,Delivered,Net Banking,Home Office,2024,10,Oct,Q4,22.43
AMZ101280,CUST10355,2025-04-05,Desk Lamp,Home,South,Karnataka,Bengaluru,1,37.64,0.028,0.0,0.0,3.4,2,Cancelled,UPI,Corporate,2025,4,Apr,Q2,0.0
AMZ101281,CUST10116,2024-11-19,USB-C Hub,Electronics,East,West Bengal,Kolkata,1,27.05,0.052,25.64,4.76,3.9,6,Delivered,Credit Card,Corporate,2024,11,Nov,Q4,18.56
AMZ101282,CUST10048,2024-05-20,Desk Lamp,Home,North,Delhi,Delhi,1,41.02,0.031,39.75,6.25,3.4,5,Delivered,UPI,Corporate,2024,5,May,Q2,15.72
AMZ101283,CUST10738,2025-10-28,Novel Collection,Books,West,Gujarat,Ahmedabad,2,49.8,0.184,81.27,18.01,3.8,6,Delivered,Debit Card,Corporate,2025,10,Oct,Q4,22.16
AMZ101284,CUST10778,2024-09-18,Running Shoes,Sports,East,West Bengal,Kolkata,3,77.04,0.028,224.65,51.5,4.8,4,Delivered,Amazon Pay,Consumer,2024,9,Sep,Q3,22.92
AMZ101285,CUST10099,2025-02-23,Desk Lamp,Home,North,Rajasthan,Jaipur,1,41.08,0.226,31.8,-2.3,4.7,3,Delivered,Credit Card,Consumer,2025,2,Feb,Q1,-7.23
AMZ101286,CUST10459,2024-08-28,Novel Collection,Books,South,Telangana,Hyderabad,2,51.88,0.006,103.14,31.89,4.7,7,Delivered,Debit Card,Corporate,2024,8,Aug,Q3,30.92
AMZ101287,CUST10523,2024-12-20,Business Book,Books,West,Maharashtra,Pune,1,35.12,0.075,32.49,2.78,4.2,2,Delivered,UPI,Corporate,2024,12,Dec,Q4,8.56
AMZ101288,CUST10597,2025-08-11,Business Book,Books,North,Haryana,Gurugram,1,32.68,0.267,23.95,-2.04,3.6,2,Returned,Debit Card,Home Office,2025,8,Aug,Q3,-8.52
AMZ101289,CUST10405,2024-06-28,Smart Watch,Electronics,West,Maharashtra,Pune,1,143.38,0.216,112.41,-2.85,4.6,3,Returned,Amazon Pay,Consumer,2024,6,Jun,Q2,-2.54
AMZ101290,CUST10214,2024-03-06,Desk Lamp,Home,East,West Bengal,Kolkata,1,38.4,0.022,37.56,10.01,4.4,6,Delivered,Credit Card,Consumer,2024,3,Mar,Q1,26.65
AMZ101291,CUST10685,2024-12-13,USB-C Hub,Electronics,South,Tamil Nadu,Coimbatore,1,28.63,0.246,21.59,4.95,4.3,5,Delivered,Debit Card,Home Office,2024,12,Dec,Q4,22.93
AMZ101292,CUST10903,2024-06-19,Laptop Pro 14,Electronics,West,Maharashtra,Pune,2,923.12,0.148,1573.0,169.69,4.5,2,Delivered,Amazon Pay,Corporate,2024,6,Jun,Q2,10.79
AMZ101293,CUST10503,2025-04-18,Cotton T-Shirt,Fashion,South,Tamil Nadu,Chennai,1,24.59,0.254,0.0,0.0,4.1,3,Cancelled,Debit Card,Home Office,2025,4,Apr,Q2,0.0
AMZ101294,CUST10721,2025-06-17,Desk Organizer,Office,West,Maharashtra,Pune,2,23.47,0.18,38.49,4.98,4.7,1,Delivered,UPI,Home Office,2025,6,Jun,Q2,12.94
AMZ101295,CUST10448,2025-01-01,Cookware Set,Home,West,Maharashtra,Mumbai,2,118.75,0.205,188.81,26.36,4.4,6,Delivered,UPI,Corporate,2025,1,Jan,Q1,13.96
AMZ101296,CUST10894,2024-04-16,Notebook Pack,Office,North,Delhi,Delhi,1,16.28,0.298,0.0,0.0,4.1,4,Cancelled,UPI,Consumer,2024,4,Apr,Q2,0.0
AMZ101297,CUST10576,2025-03-14,Cookware Set,Home,South,Telangana,Hyderabad,1,124.68,0.07,115.95,23.07,3.7,1,Delivered,UPI,Home Office,2025,3,Mar,Q1,19.9
AMZ101298,CUST10258,2024-08-14,Desk Lamp,Home,South,Kerala,Kochi,1,40.05,0.187,32.56,4.35,4.0,6,Delivered,Credit Card,Consumer,2024,8,Aug,Q3,13.36
AMZ101299,CUST10844,2025-03-19,Cotton T-Shirt,Fashion,West,Maharashtra,Pune,3,22.87,0.138,59.14,11.55,4.3,3,Delivered,Credit Card,Home Office,2025,3,Mar,Q1,19.53
AMZ101300,CUST10121,2025-03-17,Air Fryer,Home,South,Karnataka,Bengaluru,1,92.87,0.012,91.76,-4.76,4.4,2,Returned,Credit Card,Corporate,2025,3,Mar,Q1,-5.19
AMZ101301,CUST10810,2025-01-30,Smart Watch,Electronics,South,Kerala,Kochi,1,142.63,0.004,142.06,17.26,4.4,3,Delivered,Net Banking,Corporate,2025,1,Jan,Q1,12.15
AMZ101302,CUST10054,2025-12-28,Cookware Set,Home,North,Delhi,Delhi,1,126.96,0.036,122.39,-5.83,3.3,4,Returned,Net Banking,Corporate,2025,12,Dec,Q4,-4.76
AMZ101303,CUST10331,2025-08-03,Office Chair,Home,South,Tamil Nadu,Coimbatore,1,175.42,0.195,141.21,20.98,3.9,2,Delivered,Amazon Pay,Corporate,2025,8,Aug,Q3,14.86
AMZ101304,CUST10784,2024-03-24,Laptop Pro 14,Electronics,North,Delhi,Delhi,1,889.21,0.17,738.04,-20.63,4.8,3,Returned,Debit Card,Home Office,2024,3,Mar,Q1,-2.8
AMZ101305,CUST10241,2025-09-06,Sneakers,Fashion,West,Maharashtra,Pune,1,65.77,0.166,54.85,15.41,4.8,1,Delivered,Net Banking,Home Office,2025,9,Sep,Q3,28.09
AMZ101306,CUST10755,2025-07-04,Cookware Set,Home,North,Delhi,Delhi,1,137.67,0.01,136.29,27.62,3.8,2,Delivered,Net Banking,Home Office,2025,7,Jul,Q3,20.27
AMZ101307,CUST10530,2024-01-13,Coffee Maker,Home,South,Kerala,Kochi,1,121.34,0.141,104.23,16.08,3.6,6,Delivered,Debit Card,Consumer,2024,1,Jan,Q1,15.43
AMZ101308,CUST10483,2025-11-23,Office Chair,Home,North,Haryana,Gurugram,1,167.92,0.277,121.41,-4.83,3.4,6,Returned,Amazon Pay,Corporate,2025,11,Nov,Q4,-3.98
AMZ101309,CUST10187,2025-05-07,Wireless Headphones,Electronics,South,Tamil Nadu,Coimbatore,1,80.57,0.119,70.98,-0.81,4.4,3,Returned,Amazon Pay,Corporate,2025,5,May,Q2,-1.14
AMZ101310,CUST10858,2024-09-24,Business Book,Books,West,Maharashtra,Pune,1,34.47,0.187,28.02,-2.1,4.7,5,Returned,UPI,Consumer,2024,9,Sep,Q3,-7.49
AMZ101311,CUST10656,2025-06-08,Desk Lamp,Home,South,Tamil Nadu,Chennai,1,36.14,0.234,27.68,3.89,4.0,5,Delivered,UPI,Consumer,2025,6,Jun,Q2,14.05
AMZ101312,CUST10262,2024-04-29,Office Chair,Home,East,West Bengal,Kolkata,1,181.03,0.235,0.0,0.0,3.8,6,Cancelled,UPI,Corporate,2024,4,Apr,Q2,0.0
AMZ101313,CUST10364,2024-12-18,Gaming Mouse,Electronics,West,Maharashtra,Mumbai,1,43.15,0.156,36.42,-0.56,4.4,2,Returned,Net Banking,Home Office,2024,12,Dec,Q4,-1.54
AMZ101314,CUST10491,2024-02-26,Cookware Set,Home,West,Gujarat,Ahmedabad,1,134.66,0.257,100.05,-2.78,4.9,5,Returned,Credit Card,Corporate,2024,2,Feb,Q1,-2.78
AMZ101315,CUST10431,2024-02-09,4K Smart TV,Electronics,North,Rajasthan,Jaipur,1,545.77,0.117,481.91,55.97,4.7,6,Delivered,Debit Card,Corporate,2024,2,Feb,Q1,11.61
AMZ101316,CUST10239,2024-12-01,Laptop Pro 14,Electronics,South,Tamil Nadu,Coimbatore,1,926.18,0.267,678.89,46.96,4.6,6,Delivered,UPI,Corporate,2024,12,Dec,Q4,6.92
AMZ101317,CUST10304,2025-10-01,Smart Watch,Electronics,North,Delhi,Delhi,1,144.58,0.072,134.17,19.17,3.9,7,Delivered,Net Banking,Corporate,2025,10,Oct,Q4,14.29
AMZ101318,CUST10298,2024-06-21,Desk Organizer,Office,South,Tamil Nadu,Chennai,1,23.0,0.084,0.0,0.0,4.4,4,Cancelled,Credit Card,Consumer,2024,6,Jun,Q2,0.0
AMZ101319,CUST10076,2025-06-30,USB-C Hub,Electronics,South,Telangana,Hyderabad,2,30.86,0.016,60.73,11.31,4.2,4,Delivered,Debit Card,Home Office,2025,6,Jun,Q2,18.62
AMZ101320,CUST10700,2024-09-15,Smartphone X,Electronics,South,Telangana,Hyderabad,2,751.97,0.239,1144.5,86.6,,6,Delivered,Credit Card,Corporate,2024,9,Sep,Q3,7.57
AMZ101321,CUST10333,2025-05-31,Yoga Mat,Sports,North,Rajasthan,Jaipur,2,26.56,0.125,46.48,9.98,4.7,7,Delivered,Debit Card,Home Office,2025,5,May,Q2,21.47
AMZ101322,CUST10900,2025-12-30,Yoga Mat,Sports,South,Tamil Nadu,Coimbatore,1,29.84,0.069,27.78,5.7,4.3,6,Delivered,UPI,Home Office,2025,12,Dec,Q4,20.52
AMZ101323,CUST10758,2025-06-06,Cookware Set,Home,South,Tamil Nadu,Coimbatore,1,138.84,0.07,0.0,0.0,3.1,4,Cancelled,Debit Card,Corporate,2025,6,Jun,Q2,0.0
AMZ101324,CUST10642,2024-04-26,Sneakers,Fashion,West,Maharashtra,Mumbai,1,64.5,0.27,47.09,-1.94,3.6,8,Returned,Amazon Pay,Home Office,2024,4,Apr,Q2,-4.12
AMZ101325,CUST10474,2024-07-02,Wireless Headphones,Electronics,North,Delhi,Delhi,1,76.33,0.25,57.25,1.34,2.8,5,Delivered,Debit Card,Home Office,2024,7,Jul,Q3,2.34
AMZ101326,CUST10827,2024-04-25,Laptop Pro 14,Electronics,North,Haryana,Gurugram,1,832.32,0.166,694.15,67.31,5.0,5,Delivered,Amazon Pay,Consumer,2024,4,Apr,Q2,9.7
AMZ101327,CUST10923,2024-06-10,Desk Organizer,Office,North,Rajasthan,Jaipur,1,22.96,0.185,18.71,-1.09,5.0,2,Returned,Debit Card,Consumer,2024,6,Jun,Q2,-5.83
AMZ101328,CUST10283,2025-08-01,Desk Organizer,Office,West,Maharashtra,Mumbai,2,22.76,0.142,39.06,4.59,3.8,1,Delivered,Amazon Pay,Home Office,2025,8,Aug,Q3,11.75
AMZ101329,CUST10591,2025-12-12,Office Chair,Home,North,Delhi,Delhi,1,173.06,0.117,152.81,28.76,3.5,4,Delivered,Credit Card,Consumer,2025,12,Dec,Q4,18.82
AMZ101330,CUST10072,2025-06-26,USB-C Hub,Electronics,South,Kerala,Kochi,1,29.5,0.275,21.39,8.7,5.0,4,Delivered,Credit Card,Home Office,2025,6,Jun,Q2,40.67
AMZ101331,CUST10263,2025-08-09,Smart Watch,Electronics,South,Tamil Nadu,Chennai,1,154.21,0.038,148.35,22.16,3.8,5,Delivered,Credit Card,Home Office,2025,8,Aug,Q3,14.94
AMZ101332,CUST10703,2024-08-24,Laptop Pro 14,Electronics,East,West Bengal,Kolkata,1,900.69,0.126,787.2,88.8,4.3,7,Delivered,UPI,Corporate,2024,8,Aug,Q3,11.28
AMZ101333,CUST10879,2024-03-06,Bluetooth Speaker,Electronics,North,Haryana,Gurugram,1,66.89,0.103,60.0,-1.74,4.0,1,Returned,Net Banking,Corporate,2024,3,Mar,Q1,-2.9
AMZ101334,CUST10887,2024-03-10,Desk Organizer,Office,South,Kerala,Kochi,2,23.24,0.149,39.55,8.89,4.0,2,Delivered,Amazon Pay,Home Office,2024,3,Mar,Q1,22.48
AMZ101335,CUST10942,2025-03-22,Smartphone X,Electronics,South,Kerala,Kochi,1,686.85,0.137,592.75,-18.19,4.3,3,Returned,Debit Card,Corporate,2025,3,Mar,Q1,-3.07
AMZ101336,CUST10575,2025-02-19,Notebook Pack,Office,West,Gujarat,Ahmedabad,2,17.04,0.156,0.0,0.0,5.0,3,Cancelled,Debit Card,Corporate,2025,2,Feb,Q1,0.0
AMZ101337,CUST10892,2025-06-15,Desk Organizer,Office,South,Telangana,Hyderabad,1,22.38,0.042,21.44,2.79,3.6,3,Delivered,Debit Card,Consumer,2025,6,Jun,Q2,13.01
AMZ101338,CUST10012,2025-03-16,Smart Watch,Electronics,South,Karnataka,Bengaluru,2,137.77,0.154,233.11,27.0,4.6,5,Delivered,Amazon Pay,Consumer,2025,3,Mar,Q1,11.58
AMZ101339,CUST10141,2025-04-08,Business Book,Books,South,Tamil Nadu,Chennai,1,33.68,0.073,31.22,13.3,4.3,1,Delivered,Net Banking,Consumer,2025,4,Apr,Q2,42.6
AMZ101340,CUST10766,2025-01-30,Bluetooth Speaker,Electronics,South,Telangana,Hyderabad,1,63.28,0.055,59.8,-1.65,4.0,4,Returned,Amazon Pay,Home Office,2025,1,Jan,Q1,-2.76
AMZ101341,CUST10555,2025-12-11,Coffee Maker,Home,West,Maharashtra,Pune,1,115.17,0.019,0.0,0.0,4.9,6,Cancelled,Credit Card,Corporate,2025,12,Dec,Q4,0.0
AMZ101342,CUST10017,2025-07-04,Mechanical Keyboard,Electronics,South,Kerala,Kochi,2,98.35,0.229,151.66,10.79,4.2,1,Delivered,Credit Card,Consumer,2025,7,Jul,Q3,7.11
AMZ101343,CUST10063,2025-10-18,Smartphone X,Electronics,South,Karnataka,Bengaluru,3,703.26,0.128,1839.73,211.59,3.7,2,Delivered,Amazon Pay,Home Office,2025,10,Oct,Q4,11.5
AMZ101344,CUST10253,2025-07-10,Cookware Set,Home,South,Tamil Nadu,Coimbatore,1,136.84,0.188,111.11,24.86,3.7,3,Delivered,Credit Card,Corporate,2025,7,Jul,Q3,22.37
AMZ101345,CUST10465,2025-01-29,Laptop Pro 14,Electronics,South,Telangana,Hyderabad,1,917.8,0.218,717.72,59.27,3.7,4,Delivered,Credit Card,Home Office,2025,1,Jan,Q1,8.26
AMZ101346,CUST10376,2024-11-21,Coffee Maker,Home,West,Maharashtra,Mumbai,2,117.19,0.204,186.57,23.69,2.7,1,Delivered,UPI,Consumer,2024,11,Nov,Q4,12.7
AMZ101347,CUST10804,2024-03-31,Smart Watch,Electronics,North,Haryana,Gurugram,1,157.29,0.141,135.11,16.3,3.5,5,Delivered,Credit Card,Corporate,2024,3,Mar,Q1,12.06
AMZ101348,CUST10520,2024-03-10,Wireless Headphones,Electronics,South,Telangana,Hyderabad,1,85.16,0.116,75.28,-3.05,4.2,4,Returned,Amazon Pay,Consumer,2024,3,Mar,Q1,-4.05
AMZ101349,CUST10837,2024-06-14,Smartphone X,Electronics,West,Gujarat,Ahmedabad,1,713.17,0.113,632.58,73.63,3.9,5,Delivered,Amazon Pay,Corporate,2024,6,Jun,Q2,11.64
AMZ101350,CUST10090,2025-10-03,Notebook Pack,Office,East,West Bengal,Kolkata,1,16.66,0.192,0.0,0.0,2.7,4,Cancelled,Amazon Pay,Corporate,2025,10,Oct,Q4,0.0
AMZ101351,CUST10720,2024-08-01,Sneakers,Fashion,West,Maharashtra,Mumbai,2,68.45,0.148,116.64,-7.57,4.0,4,Returned,UPI,Consumer,2024,8,Aug,Q3,-6.49
AMZ101352,CUST10804,2025-08-23,Notebook Pack,Office,South,Tamil Nadu,Chennai,2,16.04,0.255,23.9,-0.04,5.0,8,Delivered,Net Banking,Home Office,2025,8,Aug,Q3,-0.17
AMZ101353,CUST10796,2024-11-30,Sneakers,Fashion,South,Tamil Nadu,Chennai,1,72.91,0.262,53.81,-4.23,2.2,5,Returned,Net Banking,Corporate,2024,11,Nov,Q4,-7.86
AMZ101354,CUST10630,2025-01-03,Fitness Tracker,Sports,South,Tamil Nadu,Chennai,1,58.55,0.051,55.56,13.46,3.9,7,Delivered,Credit Card,Corporate,2025,1,Jan,Q1,24.23
AMZ101355,CUST10861,2025-08-06,Air Fryer,Home,South,Tamil Nadu,Chennai,2,106.64,0.041,204.54,42.15,3.5,3,Delivered,Credit Card,Consumer,2025,8,Aug,Q3,20.61
AMZ101356,CUST10175,2025-11-07,4K Smart TV,Electronics,East,West Bengal,Kolkata,1,576.79,0.189,467.78,44.04,3.8,2,Delivered,Net Banking,Consumer,2025,11,Nov,Q4,9.41
AMZ101357,CUST10076,2024-02-18,Novel Collection,Books,South,Telangana,Hyderabad,2,52.23,0.09,95.06,21.76,3.8,6,Delivered,UPI,Corporate,2024,2,Feb,Q1,22.89
AMZ101358,CUST10613,2024-02-21,Mechanical Keyboard,Electronics,North,Delhi,Delhi,1,90.98,0.006,0.0,0.0,4.2,2,Cancelled,Credit Card,Consumer,2024,2,Feb,Q1,0.0
AMZ101359,CUST10926,2024-10-15,Business Book,Books,South,Telangana,Hyderabad,1,32.25,0.267,23.64,6.2,4.2,2,Delivered,Debit Card,Home Office,2024,10,Oct,Q4,26.23
AMZ101360,CUST10663,2025-09-17,Data Science Book,Books,South,Kerala,Kochi,2,47.28,0.068,88.13,-6.53,3.3,7,Returned,Amazon Pay,Home Office,2025,9,Sep,Q3,-7.41
AMZ101361,CUST10400,2024-08-26,Sneakers,Fashion,West,Maharashtra,Pune,1,71.07,0.279,51.24,9.47,3.2,6,Delivered,Net Banking,Corporate,2024,8,Aug,Q3,18.48
AMZ101362,CUST10782,2024-05-12,Desk Organizer,Office,North,Haryana,Gurugram,1,23.53,0.215,18.47,-2.34,3.5,5,Returned,UPI,Home Office,2024,5,May,Q2,-12.67
AMZ101363,CUST10071,2024-06-14,Air Fryer,Home,South,Karnataka,Bengaluru,1,95.55,0.229,73.67,19.25,3.3,4,Delivered,Credit Card,Corporate,2024,6,Jun,Q2,26.13
AMZ101364,CUST10180,2025-01-08,Office Chair,Home,North,Delhi,Delhi,1,178.37,0.06,0.0,0.0,4.8,2,Cancelled,Net Banking,Corporate,2025,1,Jan,Q1,0.0
AMZ101365,CUST10124,2025-01-07,USB-C Hub,Electronics,North,Delhi,Delhi,1,27.07,0.07,25.18,1.99,4.5,6,Delivered,Net Banking,Home Office,2025,1,Jan,Q1,7.9
AMZ101366,CUST10381,2025-04-22,Yoga Mat,Sports,South,Kerala,Kochi,3,26.28,0.156,0.0,0.0,3.7,5,Cancelled,UPI,Consumer,2025,4,Apr,Q2,0.0
AMZ101367,CUST10293,2025-04-23,USB-C Hub,Electronics,South,Telangana,Hyderabad,2,30.6,0.052,58.02,7.95,3.2,6,Delivered,Credit Card,Home Office,2025,4,Apr,Q2,13.7
AMZ101368,CUST10797,2025-10-11,Laptop Pro 14,Electronics,North,Delhi,Delhi,1,949.36,0.092,862.02,105.49,3.4,8,Delivered,Amazon Pay,Consumer,2025,10,Oct,Q4,12.24
AMZ101369,CUST10195,2025-08-13,Desk Organizer,Office,North,Rajasthan,Jaipur,1,22.54,0.096,20.38,6.68,4.5,4,Delivered,Credit Card,Home Office,2025,8,Aug,Q3,32.78
AMZ101370,CUST10911,2025-11-12,Data Science Book,Books,North,Rajasthan,Jaipur,1,45.27,0.048,43.1,8.92,5.0,2,Delivered,Net Banking,Home Office,2025,11,Nov,Q4,20.7
AMZ101371,CUST10228,2025-09-26,Cookware Set,Home,West,Maharashtra,Pune,1,128.3,0.062,120.35,25.58,4.2,5,Delivered,Net Banking,Consumer,2025,9,Sep,Q3,21.25
AMZ101372,CUST10431,2025-11-18,Air Fryer,Home,South,Tamil Nadu,Coimbatore,1,101.81,0.237,77.68,9.62,3.5,3,Delivered,UPI,Consumer,2025,11,Nov,Q4,12.38
AMZ101373,CUST10942,2024-10-26,Cookware Set,Home,South,Karnataka,Bengaluru,2,132.3,0.05,0.0,0.0,3.6,4,Cancelled,Debit Card,Home Office,2024,10,Oct,Q4,0.0
AMZ101374,CUST10436,2024-03-22,4K Smart TV,Electronics,West,Gujarat,Ahmedabad,1,533.63,0.009,528.83,-20.55,4.3,6,Returned,Credit Card,Home Office,2024,3,Mar,Q1,-3.89
AMZ101375,CUST10787,2024-03-27,Office Chair,Home,East,West Bengal,Kolkata,2,165.83,0.189,268.98,32.82,3.9,6,Delivered,Net Banking,Home Office,2024,3,Mar,Q1,12.2
AMZ101376,CUST10461,2024-08-12,Wireless Headphones,Electronics,South,Telangana,Hyderabad,1,75.78,0.293,0.0,0.0,3.7,4,Cancelled,Amazon Pay,Consumer,2024,8,Aug,Q3,0.0
AMZ101377,CUST10618,2024-01-16,Laptop Pro 14,Electronics,East,West Bengal,Kolkata,1,846.36,0.099,762.57,-23.59,4.6,3,Returned,Credit Card,Corporate,2024,1,Jan,Q1,-3.09
AMZ101378,CUST10021,2024-12-23,Coffee Maker,Home,West,Gujarat,Ahmedabad,1,121.91,0.036,117.52,19.34,4.0,8,Delivered,Amazon Pay,Corporate,2024,12,Dec,Q4,16.46
AMZ101379,CUST10064,2024-06-11,Mechanical Keyboard,Electronics,South,Telangana,Hyderabad,1,95.88,0.171,79.48,7.64,3.5,5,Delivered,UPI,Corporate,2024,6,Jun,Q2,9.61
AMZ101380,CUST10165,2025-09-01,Novel Collection,Books,South,Telangana,Hyderabad,1,53.08,0.272,38.64,0.8,3.9,5,Delivered,Amazon Pay,Corporate,2025,9,Sep,Q3,2.07
AMZ101381,CUST10027,2025-10-29,Fitness Tracker,Sports,South,Karnataka,Bengaluru,2,60.26,0.235,92.2,14.26,3.9,3,Delivered,UPI,Home Office,2025,10,Oct,Q4,15.47
AMZ101382,CUST10311,2025-05-28,Yoga Mat,Sports,East,West Bengal,Kolkata,1,30.16,0.187,24.52,4.34,4.3,1,Delivered,Debit Card,Corporate,2025,5,May,Q2,17.7
AMZ101383,CUST10285,2024-12-15,Wireless Headphones,Electronics,North,Rajasthan,Jaipur,2,75.0,0.095,135.75,18.72,3.7,2,Delivered,Debit Card,Consumer,2024,12,Dec,Q4,13.79
AMZ101384,CUST10660,2025-11-11,Smartphone X,Electronics,South,Tamil Nadu,Chennai,1,651.07,0.163,544.95,57.11,3.7,5,Delivered,Credit Card,Consumer,2025,11,Nov,Q4,10.48
AMZ101385,CUST10281,2025-04-08,Desk Organizer,Office,East,West Bengal,Kolkata,3,21.35,0.027,62.32,11.26,4.5,3,Delivered,Net Banking,Corporate,2025,4,Apr,Q2,18.07
AMZ101386,CUST10838,2025-01-09,Desk Organizer,Office,North,Haryana,Gurugram,1,21.63,0.204,17.22,3.04,4.5,3,Delivered,Credit Card,Home Office,2025,1,Jan,Q1,17.65
AMZ101387,CUST10831,2024-04-01,Backpack,Fashion,North,Haryana,Gurugram,2,43.21,0.218,67.58,15.48,3.9,5,Delivered,Net Banking,Home Office,2024,4,Apr,Q2,22.91
AMZ101388,CUST10164,2024-06-29,Novel Collection,Books,South,Telangana,Hyderabad,1,54.55,0.29,38.73,5.5,5.0,4,Delivered,Credit Card,Consumer,2024,6,Jun,Q2,14.2
AMZ101389,CUST10898,2024-10-27,Mechanical Keyboard,Electronics,South,Tamil Nadu,Chennai,2,87.55,0.078,161.44,-4.91,4.7,2,Returned,Debit Card,Consumer,2024,10,Oct,Q4,-3.04
AMZ101390,CUST10918,2025-10-21,Mechanical Keyboard,Electronics,West,Maharashtra,Mumbai,2,94.89,0.006,0.0,0.0,4.0,3,Cancelled,Net Banking,Home Office,2025,10,Oct,Q4,0.0
AMZ101391,CUST10224,2024-07-07,Gaming Mouse,Electronics,West,Gujarat,Ahmedabad,1,43.83,0.164,36.64,7.51,4.9,4,Delivered,Amazon Pay,Consumer,2024,7,Jul,Q3,20.5
AMZ101392,CUST10784,2024-11-09,Running Shoes,Sports,West,Maharashtra,Pune,1,67.05,0.212,52.84,12.46,3.2,4,Delivered,Debit Card,Corporate,2024,11,Nov,Q4,23.58
AMZ101393,CUST10146,2025-05-07,Wireless Headphones,Electronics,South,Tamil Nadu,Chennai,1,74.7,0.237,0.0,0.0,2.8,1,Cancelled,Net Banking,Consumer,2025,5,May,Q2,0.0
AMZ101394,CUST10950,2024-05-07,Data Science Book,Books,West,Maharashtra,Pune,2,49.66,0.058,0.0,0.0,3.8,3,Cancelled,Debit Card,Consumer,2024,5,May,Q2,0.0
AMZ101395,CUST10868,2025-06-02,Backpack,Fashion,East,West Bengal,Kolkata,1,47.14,0.079,43.42,8.5,3.7,6,Delivered,Credit Card,Consumer,2025,6,Jun,Q2,19.58
AMZ101396,CUST10030,2025-03-01,Smartphone X,Electronics,East,West Bengal,Kolkata,1,754.06,0.154,637.93,-19.16,3.9,4,Returned,Debit Card,Consumer,2025,3,Mar,Q1,-3.0
AMZ101397,CUST10045,2025-07-12,Novel Collection,Books,West,Maharashtra,Pune,1,57.09,0.099,51.44,14.82,4.2,2,Delivered,Amazon Pay,Home Office,2025,7,Jul,Q3,28.81
AMZ101398,CUST10787,2025-07-18,Business Book,Books,South,Tamil Nadu,Coimbatore,1,35.29,0.258,0.0,0.0,4.5,2,Cancelled,Net Banking,Corporate,2025,7,Jul,Q3,0.0
AMZ101399,CUST10471,2024-07-05,Backpack,Fashion,West,Gujarat,Ahmedabad,2,45.71,0.142,0.0,0.0,5.0,6,Cancelled,Credit Card,Home Office,2024,7,Jul,Q3,0.0
AMZ101400,CUST10034,2025-07-03,Notebook Pack,Office,South,Tamil Nadu,Chennai,1,16.29,0.24,12.38,0.74,3.7,5,Delivered,Amazon Pay,Consumer,2025,7,Jul,Q3,5.98
AMZ101401,CUST10653,2025-03-28,Desk Lamp,Home,West,Maharashtra,Mumbai,1,39.8,0.174,32.87,-0.01,3.2,5,Delivered,UPI,Consumer,2025,3,Mar,Q1,-0.03
AMZ101402,CUST10427,2025-04-15,Yoga Mat,Sports,South,Telangana,Hyderabad,2,30.21,0.232,46.4,6.5,4.6,6,Delivered,Amazon Pay,Corporate,2025,4,Apr,Q2,14.01
AMZ101403,CUST10830,2025-07-18,Notebook Pack,Office,South,Karnataka,Bengaluru,1,15.92,0.1,14.33,8.16,5.0,3,Delivered,Amazon Pay,Home Office,2025,7,Jul,Q3,56.94
AMZ101404,CUST10886,2024-08-11,Sneakers,Fashion,East,West Bengal,Kolkata,1,72.33,0.249,54.32,19.2,3.6,4,Delivered,Net Banking,Consumer,2024,8,Aug,Q3,35.35
AMZ101405,CUST10221,2024-06-02,Desk Organizer,Office,North,Haryana,Gurugram,1,20.81,0.082,19.1,6.77,4.5,4,Delivered,Net Banking,Corporate,2024,6,Jun,Q2,35.45
AMZ101406,CUST10868,2025-07-13,Desk Lamp,Home,West,Gujarat,Ahmedabad,1,36.34,0.164,30.38,-2.49,3.9,5,Returned,Credit Card,Home Office,2025,7,Jul,Q3,-8.2
AMZ101407,CUST10534,2024-12-16,Office Chair,Home,South,Karnataka,Bengaluru,1,173.55,0.064,162.44,24.73,4.0,3,Delivered,Amazon Pay,Corporate,2024,12,Dec,Q4,15.22
AMZ101408,CUST10692,2024-05-26,Cookware Set,Home,West,Maharashtra,Mumbai,2,135.06,0.143,231.49,39.78,3.6,8,Delivered,Amazon Pay,Home Office,2024,5,May,Q2,17.18
AMZ101409,CUST10948,2025-07-29,Desk Lamp,Home,North,Delhi,Delhi,1,41.95,0.095,37.96,-0.88,3.4,5,Returned,Debit Card,Home Office,2025,7,Jul,Q3,-2.32
AMZ101410,CUST10367,2024-12-14,Sneakers,Fashion,South,Kerala,Kochi,1,64.58,0.08,59.41,15.12,3.3,7,Delivered,UPI,Home Office,2024,12,Dec,Q4,25.45
AMZ101411,CUST10932,2024-06-30,Running Shoes,Sports,South,Telangana,Hyderabad,1,70.07,0.29,49.75,4.76,3.8,4,Delivered,Amazon Pay,Consumer,2024,6,Jun,Q2,9.57
AMZ101412,CUST10841,2025-09-28,Smart Watch,Electronics,East,West Bengal,Kolkata,1,156.42,0.048,0.0,0.0,3.7,7,Cancelled,Credit Card,Home Office,2025,9,Sep,Q3,0.0
AMZ101413,CUST10743,2024-06-27,Wireless Headphones,Electronics,South,Telangana,Hyderabad,2,77.53,0.236,118.47,2.75,4.0,2,Delivered,Debit Card,Corporate,2024,6,Jun,Q2,2.32
AMZ101414,CUST10915,2024-02-08,Cotton T-Shirt,Fashion,South,Tamil Nadu,Coimbatore,1,24.33,0.295,17.15,-0.86,4.4,4,Returned,Net Banking,Corporate,2024,2,Feb,Q1,-5.01
AMZ101415,CUST10550,2024-01-03,Bluetooth Speaker,Electronics,South,Karnataka,Bengaluru,1,60.31,0.006,59.95,-2.33,3.7,7,Returned,Net Banking,Consumer,2024,1,Jan,Q1,-3.89
AMZ101416,CUST10582,2024-03-04,USB-C Hub,Electronics,South,Telangana,Hyderabad,1,29.97,0.21,23.68,6.99,4.1,5,Delivered,Net Banking,Home Office,2024,3,Mar,Q1,29.52
AMZ101417,CUST10116,2024-01-29,Running Shoes,Sports,South,Kerala,Kochi,1,77.55,0.076,0.0,0.0,4.3,5,Cancelled,Credit Card,Home Office,2024,1,Jan,Q1,0.0
AMZ101418,CUST10239,2025-01-06,Business Book,Books,North,Delhi,Delhi,1,35.35,0.012,34.93,8.61,4.3,5,Delivered,UPI,Home Office,2025,1,Jan,Q1,24.65
AMZ101419,CUST10335,2025-06-06,Business Book,Books,South,Karnataka,Bengaluru,1,32.32,0.121,28.41,9.69,4.6,4,Delivered,Amazon Pay,Consumer,2025,6,Jun,Q2,34.11
AMZ101420,CUST10441,2024-04-06,Fitness Tracker,Sports,East,West Bengal,Kolkata,1,55.89,0.281,40.18,4.9,3.8,5,Delivered,Amazon Pay,Home Office,2024,4,Apr,Q2,12.2
AMZ101421,CUST10148,2025-03-17,Sneakers,Fashion,South,Tamil Nadu,Chennai,2,69.2,0.004,137.85,39.8,4.2,3,Delivered,UPI,Home Office,2025,3,Mar,Q1,28.87
AMZ101422,CUST10009,2024-07-21,4K Smart TV,Electronics,North,Haryana,Gurugram,1,555.18,0.176,0.0,0.0,3.9,5,Cancelled,Amazon Pay,Consumer,2024,7,Jul,Q3,0.0
AMZ101423,CUST10288,2025-02-14,Cotton T-Shirt,Fashion,South,Karnataka,Bengaluru,2,24.57,0.15,41.77,16.14,3.6,4,Delivered,Debit Card,Corporate,2025,2,Feb,Q1,38.64
AMZ101424,CUST10388,2024-01-21,Wireless Headphones,Electronics,North,Rajasthan,Jaipur,2,75.24,0.262,111.05,4.24,,3,Delivered,UPI,Consumer,2024,1,Jan,Q1,3.82
AMZ101425,CUST10050,2025-07-04,Desk Organizer,Office,South,Tamil Nadu,Coimbatore,1,23.5,0.025,22.91,10.48,3.4,3,Delivered,Net Banking,Corporate,2025,7,Jul,Q3,45.74
AMZ101426,CUST10850,2024-04-11,Mechanical Keyboard,Electronics,North,Delhi,Delhi,1,100.84,0.204,80.27,10.56,3.0,5,Delivered,Credit Card,Home Office,2024,4,Apr,Q2,13.16
AMZ101427,CUST10517,2024-02-15,Fitness Tracker,Sports,South,Tamil Nadu,Coimbatore,1,55.91,0.204,44.5,17.21,4.5,5,Delivered,Net Banking,Consumer,2024,2,Feb,Q1,38.67
AMZ101428,CUST10916,2024-03-06,Gaming Mouse,Electronics,South,Karnataka,Bengaluru,1,41.92,0.201,0.0,0.0,4.8,2,Cancelled,UPI,Home Office,2024,3,Mar,Q1,0.0
AMZ101429,CUST10855,2025-08-25,Office Chair,Home,South,Karnataka,Bengaluru,1,192.54,0.283,138.05,-3.85,4.0,10,Returned,UPI,Consumer,2025,8,Aug,Q3,-2.79
AMZ101430,CUST10638,2024-06-12,Data Science Book,Books,North,Rajasthan,Jaipur,1,46.87,0.247,35.29,7.76,3.7,5,Delivered,Debit Card,Consumer,2024,6,Jun,Q2,21.99
AMZ101431,CUST10587,2024-04-20,Yoga Mat,Sports,East,West Bengal,Kolkata,1,28.5,0.013,28.13,3.77,4.4,5,Delivered,Credit Card,Home Office,2024,4,Apr,Q2,13.4
AMZ101432,CUST10677,2024-12-03,4K Smart TV,Electronics,South,Tamil Nadu,Coimbatore,1,506.21,0.141,0.0,0.0,3.4,3,Cancelled,UPI,Corporate,2024,12,Dec,Q4,0.0
AMZ101433,CUST10278,2024-05-02,Running Shoes,Sports,South,Karnataka,Bengaluru,1,69.92,0.119,61.6,7.7,4.5,6,Delivered,Amazon Pay,Corporate,2024,5,May,Q2,12.5
AMZ101434,CUST10836,2025-12-05,Gaming Mouse,Electronics,North,Haryana,Gurugram,1,40.57,0.093,36.8,6.17,3.8,4,Delivered,Debit Card,Home Office,2025,12,Dec,Q4,16.77
AMZ101435,CUST10300,2025-03-22,Wireless Headphones,Electronics,South,Telangana,Hyderabad,1,80.4,0.135,69.55,-1.63,4.8,5,Returned,Debit Card,Consumer,2025,3,Mar,Q1,-2.34
AMZ101436,CUST10802,2025-09-02,Desk Lamp,Home,East,West Bengal,Kolkata,1,39.0,0.115,34.52,5.43,4.2,4,Delivered,Amazon Pay,Home Office,2025,9,Sep,Q3,15.73
AMZ101437,CUST10589,2024-10-17,Mechanical Keyboard,Electronics,North,Haryana,Gurugram,1,99.8,0.13,0.0,0.0,3.8,4,Cancelled,Amazon Pay,Home Office,2024,10,Oct,Q4,0.0
AMZ101438,CUST10810,2025-11-01,Bluetooth Speaker,Electronics,East,West Bengal,Kolkata,1,66.3,0.294,46.81,0.31,3.6,2,Delivered,UPI,Consumer,2025,11,Nov,Q4,0.66
AMZ101439,CUST10649,2025-02-15,Gaming Mouse,Electronics,North,Haryana,Gurugram,1,40.87,0.027,39.77,6.68,3.7,1,Delivered,Net Banking,Corporate,2025,2,Feb,Q1,16.8
AMZ101440,CUST10618,2025-09-06,Backpack,Fashion,South,Kerala,Kochi,1,47.37,0.277,34.25,0.87,4.2,5,Delivered,Net Banking,Home Office,2025,9,Sep,Q3,2.54
AMZ101441,CUST10607,2024-10-07,Desk Organizer,Office,North,Delhi,Delhi,1,20.76,0.144,17.77,4.61,3.7,7,Delivered,Debit Card,Home Office,2024,10,Oct,Q4,25.94
AMZ101442,CUST10135,2024-02-12,Data Science Book,Books,North,Haryana,Gurugram,1,44.3,0.187,36.02,10.1,5.0,5,Delivered,Net Banking,Corporate,2024,2,Feb,Q1,28.04
AMZ101443,CUST10580,2025-04-30,Yoga Mat,Sports,West,Maharashtra,Pune,2,26.52,0.249,39.83,-1.09,3.7,1,Returned,Credit Card,Home Office,2025,4,Apr,Q2,-2.74
AMZ101444,CUST10147,2025-08-18,Business Book,Books,North,Haryana,Gurugram,2,35.31,0.108,62.99,12.34,4.4,5,Delivered,Debit Card,Home Office,2025,8,Aug,Q3,19.59
AMZ101445,CUST10490,2025-12-03,Data Science Book,Books,South,Tamil Nadu,Chennai,1,45.0,0.129,39.2,15.52,4.3,7,Delivered,Amazon Pay,Consumer,2025,12,Dec,Q4,39.59
AMZ101446,CUST10478,2024-02-20,Bluetooth Speaker,Electronics,South,Tamil Nadu,Chennai,1,63.84,0.123,55.99,0.54,4.1,5,Delivered,Amazon Pay,Home Office,2024,2,Feb,Q1,0.96
AMZ101447,CUST10159,2024-07-28,Gaming Mouse,Electronics,West,Gujarat,Ahmedabad,1,42.93,0.112,38.12,-1.48,3.7,1,Returned,Amazon Pay,Corporate,2024,7,Jul,Q3,-3.88
AMZ101448,CUST10384,2024-05-05,Smart Watch,Electronics,West,Maharashtra,Pune,2,139.33,0.278,201.19,-1.31,4.2,4,Returned,Amazon Pay,Home Office,2024,5,May,Q2,-0.65
AMZ101449,CUST10163,2025-05-06,Wireless Headphones,Electronics,West,Maharashtra,Pune,1,75.75,0.249,56.89,4.61,4.8,5,Delivered,Net Banking,Corporate,2025,5,May,Q2,8.1
AMZ101450,CUST10441,2025-05-23,Backpack,Fashion,South,Telangana,Hyderabad,2,44.0,0.033,85.1,23.32,3.5,3,Delivered,Amazon Pay,Home Office,2025,5,May,Q2,27.4
AMZ101451,CUST10853,2025-08-03,Cotton T-Shirt,Fashion,West,Maharashtra,Pune,1,22.9,0.032,22.17,-2.08,4.2,3,Returned,Net Banking,Consumer,2025,8,Aug,Q3,-9.38
AMZ101452,CUST10189,2024-09-14,Bluetooth Speaker,Electronics,South,Telangana,Hyderabad,1,68.64,0.128,59.85,7.96,4.6,4,Delivered,Net Banking,Corporate,2024,9,Sep,Q3,13.3
AMZ101453,CUST10415,2024-07-06,Data Science Book,Books,West,Gujarat,Ahmedabad,2,51.18,0.03,99.29,-8.22,3.8,5,Returned,Amazon Pay,Consumer,2024,7,Jul,Q3,-8.28
AMZ101454,CUST10339,2024-08-17,USB-C Hub,Electronics,West,Gujarat,Ahmedabad,1,29.09,0.186,0.0,0.0,4.0,3,Cancelled,Debit Card,Home Office,2024,8,Aug,Q3,0.0
AMZ101455,CUST10607,2024-07-07,Yoga Mat,Sports,North,Delhi,Delhi,1,26.62,0.043,25.48,9.26,3.7,3,Delivered,Amazon Pay,Corporate,2024,7,Jul,Q3,36.34
AMZ101456,CUST10181,2025-02-18,Cotton T-Shirt,Fashion,South,Tamil Nadu,Chennai,1,22.59,0.157,0.0,0.0,4.7,6,Cancelled,Debit Card,Corporate,2025,2,Feb,Q1,0.0
AMZ101457,CUST10288,2024-01-10,Desk Lamp,Home,North,Haryana,Gurugram,1,39.47,0.002,0.0,0.0,4.3,4,Cancelled,UPI,Corporate,2024,1,Jan,Q1,0.0
AMZ101458,CUST10834,2024-04-23,Data Science Book,Books,North,Haryana,Gurugram,1,49.76,0.095,0.0,0.0,4.0,4,Cancelled,Debit Card,Home Office,2024,4,Apr,Q2,0.0
AMZ101459,CUST10187,2024-03-16,Sneakers,Fashion,North,Rajasthan,Jaipur,1,68.07,0.203,54.25,9.12,3.4,2,Delivered,Credit Card,Consumer,2024,3,Mar,Q1,16.81
AMZ101460,CUST10884,2025-11-06,Wireless Headphones,Electronics,North,Rajasthan,Jaipur,2,75.18,0.145,128.56,15.03,3.8,3,Delivered,UPI,Corporate,2025,11,Nov,Q4,11.69
AMZ101461,CUST10138,2025-05-16,Business Book,Books,West,Maharashtra,Mumbai,1,35.95,0.293,25.42,5.84,4.4,6,Delivered,Amazon Pay,Consumer,2025,5,May,Q2,22.97
AMZ101462,CUST10130,2024-03-25,Fitness Tracker,Sports,East,West Bengal,Kolkata,2,60.82,0.262,0.0,0.0,4.0,3,Cancelled,Credit Card,Consumer,2024,3,Mar,Q1,0.0
AMZ101463,CUST10194,2024-02-18,Laptop Pro 14,Electronics,North,Delhi,Delhi,1,843.28,0.108,752.21,90.36,2.3,3,Delivered,Credit Card,Corporate,2024,2,Feb,Q1,12.01
AMZ101464,CUST10316,2025-05-09,Cookware Set,Home,West,Maharashtra,Mumbai,1,132.43,0.014,130.58,24.59,4.0,3,Delivered,Credit Card,Consumer,2025,5,May,Q2,18.83
AMZ101465,CUST10785,2025-11-19,Data Science Book,Books,West,Maharashtra,Mumbai,1,50.94,0.254,0.0,0.0,4.1,5,Cancelled,Amazon Pay,Consumer,2025,11,Nov,Q4,0.0
AMZ101466,CUST10864,2025-01-21,4K Smart TV,Electronics,South,Karnataka,Bengaluru,1,518.0,0.273,376.59,27.5,5.0,5,Delivered,Debit Card,Consumer,2025,1,Jan,Q1,7.3
AMZ101467,CUST10144,2025-01-23,Cookware Set,Home,South,Karnataka,Bengaluru,1,136.76,0.246,103.12,8.07,2.6,9,Delivered,Amazon Pay,Consumer,2025,1,Jan,Q1,7.83
AMZ101468,CUST10016,2024-08-05,Data Science Book,Books,South,Tamil Nadu,Coimbatore,3,46.9,0.038,135.35,50.78,4.1,4,Delivered,UPI,Consumer,2024,8,Aug,Q3,37.52
AMZ101469,CUST10302,2025-12-01,Fitness Tracker,Sports,West,Maharashtra,Mumbai,1,55.42,0.299,38.85,5.56,4.5,5,Delivered,Credit Card,Home Office,2025,12,Dec,Q4,14.31
AMZ101470,CUST10423,2024-12-11,Smart Watch,Electronics,West,Maharashtra,Pune,1,150.44,0.078,0.0,0.0,3.0,3,Cancelled,Net Banking,Consumer,2024,12,Dec,Q4,0.0
AMZ101471,CUST10245,2024-08-17,Fitness Tracker,Sports,East,West Bengal,Kolkata,1,57.32,0.217,44.88,0.44,3.9,6,Delivered,Net Banking,Consumer,2024,8,Aug,Q3,0.98
AMZ101472,CUST10927,2024-09-11,4K Smart TV,Electronics,North,Delhi,Delhi,1,542.36,0.272,394.84,-7.84,4.9,4,Returned,Amazon Pay,Corporate,2024,9,Sep,Q3,-1.99
AMZ101473,CUST10107,2024-08-23,Desk Lamp,Home,West,Maharashtra,Mumbai,2,36.0,0.071,66.89,6.46,3.8,4,Delivered,Amazon Pay,Home Office,2024,8,Aug,Q3,9.66
AMZ101474,CUST10088,2024-01-26,USB-C Hub,Electronics,South,Kerala,Kochi,1,28.68,0.272,20.88,-2.03,4.1,4,Delivered,Debit Card,Corporate,2024,1,Jan,Q1,-9.72
AMZ101475,CUST10129,2025-08-06,Smart Watch,Electronics,North,Haryana,Gurugram,1,157.39,0.093,142.75,20.74,4.6,4,Delivered,Amazon Pay,Home Office,2025,8,Aug,Q3,14.53
AMZ101476,CUST10907,2024-09-17,Smartphone X,Electronics,East,West Bengal,Kolkata,1,708.36,0.293,500.81,30.36,3.4,4,Delivered,Debit Card,Corporate,2024,9,Sep,Q3,6.06
AMZ101477,CUST10887,2024-09-27,Business Book,Books,South,Karnataka,Bengaluru,1,33.79,0.084,30.95,-1.59,4.1,6,Returned,Net Banking,Home Office,2024,9,Sep,Q3,-5.14
AMZ101478,CUST10341,2024-05-02,Wireless Headphones,Electronics,South,Tamil Nadu,Coimbatore,1,84.77,0.286,60.53,5.24,4.4,4,Delivered,Net Banking,Consumer,2024,5,May,Q2,8.66
AMZ101479,CUST10004,2025-10-17,Desk Organizer,Office,North,Haryana,Gurugram,1,21.64,0.016,21.29,10.64,4.3,4,Delivered,Amazon Pay,Consumer,2025,10,Oct,Q4,49.98
AMZ101480,CUST10327,2024-09-13,Coffee Maker,Home,South,Karnataka,Bengaluru,1,115.09,0.213,90.58,12.41,3.7,5,Delivered,Net Banking,Consumer,2024,9,Sep,Q3,13.7
AMZ101481,CUST10410,2025-10-17,Notebook Pack,Office,South,Karnataka,Bengaluru,1,15.02,0.16,0.0,0.0,4.3,6,Cancelled,Debit Card,Corporate,2025,10,Oct,Q4,0.0
AMZ101482,CUST10879,2025-02-24,Business Book,Books,East,West Bengal,Kolkata,1,36.74,0.143,31.49,2.05,5.0,7,Delivered,Net Banking,Consumer,2025,2,Feb,Q1,6.51
AMZ101483,CUST10306,2024-09-15,Business Book,Books,South,Karnataka,Bengaluru,2,32.25,0.067,0.0,0.0,3.3,5,Cancelled,Amazon Pay,Corporate,2024,9,Sep,Q3,0.0
AMZ101484,CUST10908,2024-02-16,Mechanical Keyboard,Electronics,South,Kerala,Kochi,2,93.35,0.212,147.12,-3.51,3.5,2,Returned,Debit Card,Consumer,2024,2,Feb,Q1,-2.39
AMZ101485,CUST10607,2025-06-08,Notebook Pack,Office,West,Gujarat,Ahmedabad,1,15.68,0.057,14.79,12.08,4.2,5,Delivered,UPI,Consumer,2025,6,Jun,Q2,81.68
AMZ101486,CUST10721,2024-07-26,Laptop Pro 14,Electronics,South,Tamil Nadu,Coimbatore,1,940.41,0.166,784.3,81.02,3.8,5,Delivered,Debit Card,Corporate,2024,7,Jul,Q3,10.33
AMZ101487,CUST10225,2024-11-06,4K Smart TV,Electronics,South,Tamil Nadu,Chennai,1,578.9,0.076,534.9,-15.78,4.1,5,Returned,Credit Card,Consumer,2024,11,Nov,Q4,-2.95
AMZ101488,CUST10348,2024-05-28,Coffee Maker,Home,West,Gujarat,Ahmedabad,1,118.57,0.287,84.54,15.8,4.6,1,Delivered,Net Banking,Consumer,2024,5,May,Q2,18.69
AMZ101489,CUST10321,2025-03-13,Novel Collection,Books,South,Tamil Nadu,Chennai,2,53.71,0.009,106.45,35.6,4.5,5,Delivered,Credit Card,Consumer,2025,3,Mar,Q1,33.44
AMZ101490,CUST10559,2024-06-03,Cookware Set,Home,North,Rajasthan,Jaipur,1,122.4,0.06,115.06,16.98,3.7,4,Delivered,Credit Card,Consumer,2024,6,Jun,Q2,14.76
AMZ101491,CUST10181,2025-11-08,Smartphone X,Electronics,North,Rajasthan,Jaipur,2,725.91,0.073,1345.84,182.19,3.6,1,Delivered,Amazon Pay,Home Office,2025,11,Nov,Q4,13.54
AMZ101492,CUST10618,2024-03-30,Novel Collection,Books,South,Karnataka,Bengaluru,2,56.2,0.124,98.46,22.96,3.9,3,Delivered,Net Banking,Consumer,2024,3,Mar,Q1,23.32
AMZ101493,CUST10711,2025-11-28,Fitness Tracker,Sports,North,Delhi,Delhi,1,56.32,0.07,52.38,11.27,2.5,2,Delivered,Net Banking,Corporate,2025,11,Nov,Q4,21.52
AMZ101494,CUST10386,2024-12-23,Desk Lamp,Home,North,Delhi,Delhi,1,38.34,0.147,0.0,0.0,4.4,4,Cancelled,Credit Card,Home Office,2024,12,Dec,Q4,0.0
AMZ101495,CUST10618,2024-06-22,Cotton T-Shirt,Fashion,South,Tamil Nadu,Chennai,1,24.85,0.262,18.34,-3.91,5.0,3,Delivered,Amazon Pay,Consumer,2024,6,Jun,Q2,-21.32
AMZ101496,CUST10792,2024-08-04,Fitness Tracker,Sports,North,Haryana,Gurugram,1,57.01,0.214,44.81,4.24,4.5,5,Delivered,Amazon Pay,Home Office,2024,8,Aug,Q3,9.46
AMZ101497,CUST10772,2025-03-31,Wireless Headphones,Electronics,East,West Bengal,Kolkata,1,78.65,0.174,64.96,6.22,4.1,5,Delivered,Amazon Pay,Home Office,2025,3,Mar,Q1,9.58
AMZ101498,CUST10108,2025-08-31,Running Shoes,Sports,South,Karnataka,Bengaluru,1,73.82,0.027,71.83,-3.62,3.9,6,Returned,Credit Card,Consumer,2025,8,Aug,Q3,-5.04
AMZ101499,CUST10531,2025-09-20,Wireless Headphones,Electronics,East,West Bengal,Kolkata,2,76.37,0.208,120.97,1.91,3.5,4,Delivered,Credit Card,Consumer,2025,9,Sep,Q3,1.58
AMZ101500,CUST10410,2024-07-17,Data Science Book,Books,West,Gujarat,Ahmedabad,1,48.46,0.05,46.04,10.46,4.4,5,Delivered,Amazon Pay,Consumer,2024,7,Jul,Q3,22.72
AMZ101501,CUST10296,2025-04-30,Running Shoes,Sports,North,Delhi,Delhi,1,72.5,0.236,55.39,10.37,4.1,4,Delivered,Amazon Pay,Home Office,2025,4,Apr,Q2,18.72
AMZ101502,CUST10818,2025-06-16,Running Shoes,Sports,West,Maharashtra,Pune,1,72.05,0.075,66.65,21.32,3.9,2,Delivered,UPI,Consumer,2025,6,Jun,Q2,31.99
AMZ101503,CUST10171,2024-07-18,Smart Watch,Electronics,South,Tamil Nadu,Coimbatore,1,147.78,0.125,0.0,0.0,4.1,3,Cancelled,Credit Card,Corporate,2024,7,Jul,Q3,0.0
AMZ101504,CUST10331,2025-01-05,Desk Lamp,Home,West,Gujarat,Ahmedabad,1,40.92,0.105,36.62,-1.85,3.1,1,Returned,UPI,Consumer,2025,1,Jan,Q1,-5.05
AMZ101505,CUST10493,2025-03-23,Laptop Pro 14,Electronics,South,Tamil Nadu,Coimbatore,2,932.0,0.258,1383.09,100.05,5.0,6,Delivered,UPI,Corporate,2025,3,Mar,Q1,7.23
AMZ101506,CUST10195,2024-09-04,Bluetooth Speaker,Electronics,South,Kerala,Kochi,1,64.16,0.038,61.72,5.89,4.2,5,Delivered,Net Banking,Consumer,2024,9,Sep,Q3,9.54
AMZ101507,CUST10012,2024-09-20,Fitness Tracker,Sports,West,Gujarat,Ahmedabad,1,54.58,0.17,45.3,5.68,4.2,5,Delivered,UPI,Home Office,2024,9,Sep,Q3,12.54
AMZ101508,CUST10195,2024-02-27,Smart Watch,Electronics,South,Tamil Nadu,Chennai,1,142.78,0.043,0.0,0.0,4.4,6,Cancelled,Debit Card,Corporate,2024,2,Feb,Q1,0.0
AMZ101509,CUST10490,2024-10-28,Yoga Mat,Sports,South,Kerala,Kochi,1,27.17,0.211,21.44,-2.29,3.8,3,Delivered,Net Banking,Home Office,2024,10,Oct,Q4,-10.68
AMZ101510,CUST10795,2024-01-31,Bluetooth Speaker,Electronics,South,Telangana,Hyderabad,2,63.26,0.272,92.11,6.33,3.8,2,Delivered,Net Banking,Corporate,2024,1,Jan,Q1,6.87
AMZ101511,CUST10881,2025-05-12,USB-C Hub,Electronics,West,Gujarat,Ahmedabad,1,26.69,0.13,23.22,3.26,3.7,6,Delivered,Amazon Pay,Home Office,2025,5,May,Q2,14.04
AMZ101512,CUST10182,2024-09-05,Smartphone X,Electronics,South,Kerala,Kochi,2,695.77,0.146,1188.38,-31.81,3.2,5,Returned,Debit Card,Corporate,2024,9,Sep,Q3,-2.68
AMZ101513,CUST10817,2025-08-27,Smartphone X,Electronics,South,Karnataka,Bengaluru,1,754.88,0.278,545.02,35.65,3.6,7,Delivered,UPI,Consumer,2025,8,Aug,Q3,6.54
AMZ101514,CUST10656,2024-09-27,Office Chair,Home,South,Tamil Nadu,Coimbatore,1,171.04,0.156,0.0,0.0,3.7,6,Cancelled,Amazon Pay,Home Office,2024,9,Sep,Q3,0.0
AMZ101515,CUST10898,2025-08-28,Mechanical Keyboard,Electronics,West,Maharashtra,Mumbai,1,93.79,0.146,80.1,11.4,3.8,4,Delivered,Amazon Pay,Home Office,2025,8,Aug,Q3,14.23
AMZ101516,CUST10316,2025-10-27,Backpack,Fashion,West,Maharashtra,Mumbai,1,45.81,0.173,0.0,0.0,3.6,4,Cancelled,Amazon Pay,Home Office,2025,10,Oct,Q4,0.0
AMZ101517,CUST10694,2025-01-28,Backpack,Fashion,South,Karnataka,Bengaluru,1,43.01,0.207,34.11,-3.55,4.5,4,Returned,Debit Card,Corporate,2025,1,Jan,Q1,-10.41
AMZ101518,CUST10030,2025-05-16,Cookware Set,Home,South,Telangana,Hyderabad,2,127.49,0.032,246.82,44.32,3.1,6,Delivered,Net Banking,Consumer,2025,5,May,Q2,17.96
AMZ101519,CUST10596,2025-08-14,Gaming Mouse,Electronics,South,Telangana,Hyderabad,1,40.93,0.246,30.86,-1.96,4.4,6,Delivered,Credit Card,Corporate,2025,8,Aug,Q3,-6.35
AMZ101520,CUST10678,2024-03-24,Wireless Headphones,Electronics,South,Tamil Nadu,Chennai,1,84.84,0.131,73.73,8.85,3.4,5,Delivered,UPI,Home Office,2024,3,Mar,Q1,12.0
AMZ101521,CUST10796,2024-12-30,Backpack,Fashion,North,Delhi,Delhi,1,41.69,0.022,40.77,11.6,4.2,4,Delivered,Amazon Pay,Home Office,2024,12,Dec,Q4,28.45
AMZ101522,CUST10793,2025-07-02,Cookware Set,Home,East,West Bengal,Kolkata,1,129.28,0.236,0.0,0.0,3.8,1,Cancelled,Amazon Pay,Corporate,2025,7,Jul,Q3,0.0
AMZ101523,CUST10096,2024-12-07,Mechanical Keyboard,Electronics,South,Tamil Nadu,Coimbatore,1,100.75,0.113,89.37,15.34,4.1,6,Delivered,UPI,Corporate,2024,12,Dec,Q4,17.16
AMZ101524,CUST10381,2025-02-10,Backpack,Fashion,South,Telangana,Hyderabad,1,48.24,0.03,46.79,10.34,3.8,5,Delivered,Amazon Pay,Home Office,2025,2,Feb,Q1,22.1
AMZ101525,CUST10778,2025-02-28,Desk Lamp,Home,West,Maharashtra,Pune,1,37.46,0.19,30.34,-1.93,3.7,7,Delivered,Debit Card,Consumer,2025,2,Feb,Q1,-6.36
AMZ101526,CUST10444,2024-04-02,Desk Lamp,Home,South,Tamil Nadu,Chennai,1,41.14,0.264,30.28,8.33,4.1,5,Delivered,UPI,Home Office,2024,4,Apr,Q2,27.51
AMZ101527,CUST10298,2025-09-05,Yoga Mat,Sports,North,Rajasthan,Jaipur,1,27.02,0.266,19.83,5.38,4.4,5,Delivered,Amazon Pay,Home Office,2025,9,Sep,Q3,27.13
AMZ101528,CUST10808,2025-02-15,Bluetooth Speaker,Electronics,North,Haryana,Gurugram,1,64.75,0.287,46.17,-0.46,4.4,4,Returned,Net Banking,Consumer,2025,2,Feb,Q1,-1.0
AMZ101529,CUST10737,2025-03-07,Desk Organizer,Office,North,Rajasthan,Jaipur,1,20.62,0.26,15.26,-0.87,4.4,5,Returned,Amazon Pay,Consumer,2025,3,Mar,Q1,-5.7
AMZ101530,CUST10845,2025-11-08,Desk Lamp,Home,South,Tamil Nadu,Chennai,1,41.69,0.001,0.0,0.0,4.5,5,Cancelled,UPI,Corporate,2025,11,Nov,Q4,0.0
AMZ101531,CUST10361,2024-06-07,Coffee Maker,Home,South,Tamil Nadu,Coimbatore,3,122.21,0.114,324.83,62.92,3.2,5,Delivered,Debit Card,Corporate,2024,6,Jun,Q2,19.37
AMZ101532,CUST10374,2024-01-14,Backpack,Fashion,South,Kerala,Kochi,1,46.31,0.246,0.0,0.0,3.6,5,Cancelled,UPI,Corporate,2024,1,Jan,Q1,0.0
AMZ101533,CUST10554,2025-01-07,Air Fryer,Home,West,Gujarat,Ahmedabad,1,98.28,0.11,0.0,0.0,3.4,5,Cancelled,Debit Card,Home Office,2025,1,Jan,Q1,0.0
AMZ101534,CUST10303,2024-08-12,Notebook Pack,Office,East,West Bengal,Kolkata,1,17.25,0.18,14.15,6.23,4.2,3,Delivered,Net Banking,Home Office,2024,8,Aug,Q3,44.03
AMZ101535,CUST10421,2025-05-19,Cookware Set,Home,North,Haryana,Gurugram,1,122.62,0.182,100.3,11.68,5.0,1,Delivered,Credit Card,Home Office,2025,5,May,Q2,11.65
AMZ101536,CUST10246,2024-03-13,Smart Watch,Electronics,North,Rajasthan,Jaipur,2,149.32,0.11,265.79,32.08,5.0,5,Delivered,Debit Card,Home Office,2024,3,Mar,Q1,12.07
AMZ101537,CUST10720,2024-09-05,Data Science Book,Books,North,Haryana,Gurugram,1,47.34,0.271,34.51,-0.15,3.4,3,Returned,Net Banking,Corporate,2024,9,Sep,Q3,-0.43
AMZ101538,CUST10237,2025-05-25,Desk Lamp,Home,West,Maharashtra,Pune,2,39.66,0.151,67.34,5.35,2.7,6,Delivered,Amazon Pay,Consumer,2025,5,May,Q2,7.94
AMZ101539,CUST10534,2025-08-25,Desk Organizer,Office,West,Maharashtra,Pune,2,23.03,0.139,39.66,8.36,3.8,8,Delivered,Net Banking,Consumer,2025,8,Aug,Q3,21.08
AMZ101540,CUST10185,2024-08-03,Mechanical Keyboard,Electronics,South,Kerala,Kochi,1,99.56,0.299,69.79,1.84,4.1,6,Delivered,Credit Card,Home Office,2024,8,Aug,Q3,2.64
AMZ101541,CUST10468,2025-08-24,Business Book,Books,West,Maharashtra,Pune,1,35.12,0.148,29.92,-0.24,,7,Delivered,Credit Card,Home Office,2025,8,Aug,Q3,-0.8
AMZ101542,CUST10754,2025-06-24,Air Fryer,Home,South,Tamil Nadu,Chennai,1,99.46,0.054,0.0,0.0,3.7,4,Cancelled,Credit Card,Consumer,2025,6,Jun,Q2,0.0
AMZ101543,CUST10363,2024-08-07,Gaming Mouse,Electronics,East,West Bengal,Kolkata,1,42.57,0.154,36.01,4.8,4.5,6,Delivered,Amazon Pay,Consumer,2024,8,Aug,Q3,13.33
AMZ101544,CUST10283,2025-12-27,Smart Watch,Electronics,South,Tamil Nadu,Coimbatore,1,155.47,0.244,117.54,6.72,4.7,4,Delivered,Net Banking,Consumer,2025,12,Dec,Q4,5.72
AMZ101545,CUST10553,2024-08-08,Bluetooth Speaker,Electronics,South,Kerala,Kochi,1,62.53,0.233,47.96,-3.08,3.5,3,Returned,Debit Card,Consumer,2024,8,Aug,Q3,-6.42
AMZ101546,CUST10336,2025-01-23,Office Chair,Home,South,Tamil Nadu,Chennai,1,172.82,0.237,131.86,16.21,4.5,2,Delivered,Net Banking,Consumer,2025,1,Jan,Q1,12.29
AMZ101547,CUST10162,2025-07-07,Bluetooth Speaker,Electronics,West,Maharashtra,Mumbai,1,67.27,0.212,0.0,0.0,4.5,3,Cancelled,Net Banking,Home Office,2025,7,Jul,Q3,0.0
AMZ101548,CUST10160,2025-10-08,Backpack,Fashion,West,Gujarat,Ahmedabad,1,46.03,0.076,42.53,9.87,4.3,5,Delivered,Debit Card,Consumer,2025,10,Oct,Q4,23.21
AMZ101549,CUST10474,2024-02-11,Coffee Maker,Home,West,Gujarat,Ahmedabad,2,115.7,0.259,171.47,20.94,3.3,1,Delivered,Debit Card,Consumer,2024,2,Feb,Q1,12.21
AMZ101550,CUST10601,2025-11-06,Running Shoes,Sports,West,Maharashtra,Pune,1,77.26,0.268,0.0,0.0,3.9,3,Cancelled,UPI,Consumer,2025,11,Nov,Q4,0.0
AMZ101551,CUST10322,2024-10-09,Cotton T-Shirt,Fashion,West,Maharashtra,Mumbai,2,23.8,0.058,0.0,0.0,4.0,6,Cancelled,Debit Card,Consumer,2024,10,Oct,Q4,0.0
AMZ101552,CUST10012,2024-02-27,Coffee Maker,Home,South,Telangana,Hyderabad,1,127.29,0.039,122.33,21.78,3.2,5,Delivered,Amazon Pay,Corporate,2024,2,Feb,Q1,17.8
AMZ101553,CUST10424,2025-06-20,Yoga Mat,Sports,South,Telangana,Hyderabad,1,27.16,0.293,19.2,-0.98,4.3,3,Returned,Credit Card,Corporate,2025,6,Jun,Q2,-5.1
AMZ101554,CUST10073,2024-03-13,Air Fryer,Home,South,Tamil Nadu,Coimbatore,1,92.08,0.26,68.14,16.68,4.2,3,Delivered,Net Banking,Corporate,2024,3,Mar,Q1,24.48
AMZ101555,CUST10588,2024-05-08,USB-C Hub,Electronics,West,Maharashtra,Pune,1,30.94,0.268,22.65,-0.72,4.0,6,Returned,Net Banking,Consumer,2024,5,May,Q2,-3.18
AMZ101556,CUST10858,2025-08-21,Desk Lamp,Home,North,Rajasthan,Jaipur,1,40.95,0.266,30.06,2.98,4.1,1,Delivered,Credit Card,Corporate,2025,8,Aug,Q3,9.91
AMZ101557,CUST10201,2025-03-01,Desk Organizer,Office,South,Tamil Nadu,Chennai,1,21.56,0.163,18.05,3.91,3.3,2,Delivered,Debit Card,Corporate,2025,3,Mar,Q1,21.66
AMZ101558,CUST10522,2025-10-26,Data Science Book,Books,West,Maharashtra,Pune,2,45.11,0.194,72.72,15.08,5.0,3,Delivered,Credit Card,Corporate,2025,10,Oct,Q4,20.74
AMZ101559,CUST10864,2025-11-24,Business Book,Books,North,Delhi,Delhi,1,35.57,0.164,0.0,0.0,3.9,7,Cancelled,Amazon Pay,Consumer,2025,11,Nov,Q4,0.0
AMZ101560,CUST10505,2024-05-04,USB-C Hub,Electronics,North,Haryana,Gurugram,1,28.58,0.015,28.15,-0.63,4.2,3,Returned,Debit Card,Home Office,2024,5,May,Q2,-2.24
AMZ101561,CUST10738,2024-03-07,Sneakers,Fashion,South,Tamil Nadu,Coimbatore,2,64.44,0.224,100.01,19.56,3.9,2,Delivered,UPI,Home Office,2024,3,Mar,Q1,19.56
AMZ101562,CUST10688,2024-01-06,Coffee Maker,Home,West,Gujarat,Ahmedabad,1,113.81,0.152,0.0,0.0,3.9,1,Cancelled,UPI,Consumer,2024,1,Jan,Q1,0.0
AMZ101563,CUST10788,2025-09-28,Data Science Book,Books,South,Telangana,Hyderabad,1,45.68,0.194,36.82,10.33,5.0,4,Delivered,Debit Card,Consumer,2025,9,Sep,Q3,28.06
AMZ101564,CUST10039,2024-11-09,USB-C Hub,Electronics,South,Karnataka,Bengaluru,1,31.0,0.151,26.32,7.17,3.7,3,Delivered,UPI,Corporate,2024,11,Nov,Q4,27.24
AMZ101565,CUST10060,2024-11-21,Running Shoes,Sports,South,Telangana,Hyderabad,2,76.34,0.148,0.0,0.0,3.4,1,Cancelled,Debit Card,Corporate,2024,11,Nov,Q4,0.0
AMZ101566,CUST10578,2025-07-18,Cookware Set,Home,South,Tamil Nadu,Coimbatore,1,127.67,0.052,121.03,17.11,3.2,3,Delivered,Credit Card,Consumer,2025,7,Jul,Q3,14.14
AMZ101567,CUST10321,2025-07-31,Air Fryer,Home,West,Gujarat,Ahmedabad,1,95.69,0.084,87.65,13.12,3.8,4,Delivered,Net Banking,Home Office,2025,7,Jul,Q3,14.97
AMZ101568,CUST10435,2025-05-20,Smart Watch,Electronics,South,Tamil Nadu,Coimbatore,1,159.82,0.048,152.15,28.4,4.0,6,Delivered,UPI,Home Office,2025,5,May,Q2,18.67
AMZ101569,CUST10636,2024-03-22,Office Chair,Home,North,Haryana,Gurugram,2,189.88,0.059,357.35,64.82,4.5,6,Delivered,Amazon Pay,Consumer,2024,3,Mar,Q1,18.14
AMZ101570,CUST10676,2025-08-21,Desk Organizer,Office,West,Gujarat,Ahmedabad,1,21.13,0.292,0.0,0.0,3.3,6,Cancelled,Net Banking,Corporate,2025,8,Aug,Q3,0.0
AMZ101571,CUST10408,2024-01-02,Office Chair,Home,South,Karnataka,Bengaluru,3,176.51,0.046,505.17,97.13,4.1,1,Delivered,Amazon Pay,Home Office,2024,1,Jan,Q1,19.23
AMZ101572,CUST10923,2024-07-22,Novel Collection,Books,West,Maharashtra,Pune,1,51.12,0.081,0.0,0.0,,3,Cancelled,Debit Card,Corporate,2024,7,Jul,Q3,0.0
AMZ101573,CUST10386,2025-10-23,USB-C Hub,Electronics,West,Maharashtra,Mumbai,2,27.96,0.177,46.02,-1.98,4.2,5,Returned,Amazon Pay,Corporate,2025,10,Oct,Q4,-4.3
AMZ101574,CUST10671,2025-02-07,Smartphone X,Electronics,South,Karnataka,Bengaluru,1,723.08,0.183,0.0,0.0,3.9,1,Cancelled,Credit Card,Consumer,2025,2,Feb,Q1,0.0
AMZ101575,CUST10569,2024-04-12,Office Chair,Home,West,Gujarat,Ahmedabad,1,182.28,0.046,0.0,0.0,3.7,5,Cancelled,Net Banking,Corporate,2024,4,Apr,Q2,0.0
AMZ101576,CUST10078,2025-06-19,Yoga Mat,Sports,West,Gujarat,Ahmedabad,2,27.48,0.238,41.88,-1.8,3.8,5,Returned,Amazon Pay,Home Office,2025,6,Jun,Q2,-4.3
AMZ101577,CUST10194,2025-01-02,USB-C Hub,Electronics,North,Delhi,Delhi,1,29.18,0.236,22.29,6.17,3.7,5,Delivered,Net Banking,Home Office,2025,1,Jan,Q1,27.68
AMZ101578,CUST10285,2024-07-30,Desk Lamp,Home,South,Kerala,Kochi,1,36.66,0.071,34.06,-1.65,4.4,5,Returned,Amazon Pay,Consumer,2024,7,Jul,Q3,-4.84
AMZ101579,CUST10527,2025-07-30,Sneakers,Fashion,North,Delhi,Delhi,1,66.0,0.087,60.26,15.72,4.1,1,Delivered,Amazon Pay,Corporate,2025,7,Jul,Q3,26.09
AMZ101580,CUST10524,2024-07-27,Notebook Pack,Office,East,West Bengal,Kolkata,1,16.59,0.281,11.93,-1.37,3.8,4,Returned,Net Banking,Corporate,2024,7,Jul,Q3,-11.48
AMZ101581,CUST10613,2024-04-26,Smartphone X,Electronics,North,Delhi,Delhi,1,727.4,0.248,547.0,44.5,3.9,6,Delivered,UPI,Corporate,2024,4,Apr,Q2,8.14
AMZ101582,CUST10156,2025-09-19,Backpack,Fashion,South,Tamil Nadu,Chennai,1,47.99,0.209,37.96,12.3,4.5,6,Delivered,Credit Card,Consumer,2025,9,Sep,Q3,32.4
AMZ101583,CUST10340,2025-04-22,Cotton T-Shirt,Fashion,West,Maharashtra,Mumbai,1,25.8,0.025,25.16,-0.67,3.3,2,Returned,Net Banking,Corporate,2025,4,Apr,Q2,-2.66
AMZ101584,CUST10125,2024-04-14,Wireless Headphones,Electronics,North,Haryana,Gurugram,1,77.07,0.125,0.0,0.0,4.1,8,Cancelled,Amazon Pay,Consumer,2024,4,Apr,Q2,0.0
AMZ101585,CUST10871,2025-05-09,Smartphone X,Electronics,South,Karnataka,Bengaluru,1,753.25,0.168,0.0,0.0,4.5,2,Cancelled,Amazon Pay,Home Office,2025,5,May,Q2,0.0
AMZ101586,CUST10280,2024-02-15,Mechanical Keyboard,Electronics,West,Gujarat,Ahmedabad,1,90.51,0.056,85.44,13.57,4.0,5,Delivered,Net Banking,Corporate,2024,2,Feb,Q1,15.88
AMZ101587,CUST10917,2024-11-26,Fitness Tracker,Sports,East,West Bengal,Kolkata,1,55.36,0.134,47.94,4.14,4.8,3,Delivered,UPI,Corporate,2024,11,Nov,Q4,8.64
AMZ101588,CUST10906,2024-08-03,Smart Watch,Electronics,East,West Bengal,Kolkata,1,156.8,0.18,128.58,-2.79,3.4,3,Returned,Amazon Pay,Corporate,2024,8,Aug,Q3,-2.17
AMZ101589,CUST10622,2025-05-06,Desk Organizer,Office,North,Haryana,Gurugram,1,22.32,0.098,20.13,8.38,4.7,3,Delivered,Credit Card,Home Office,2025,5,May,Q2,41.63
AMZ101590,CUST10846,2025-03-24,Desk Organizer,Office,West,Maharashtra,Mumbai,2,21.79,0.234,33.38,-2.52,3.6,3,Returned,Debit Card,Consumer,2025,3,Mar,Q1,-7.55
AMZ101591,CUST10869,2025-06-19,Backpack,Fashion,South,Karnataka,Bengaluru,1,48.51,0.252,36.29,8.16,4.5,1,Delivered,Amazon Pay,Home Office,2025,6,Jun,Q2,22.49
AMZ101592,CUST10658,2025-05-25,USB-C Hub,Electronics,South,Telangana,Hyderabad,2,27.54,0.097,49.74,8.24,3.6,4,Delivered,Amazon Pay,Corporate,2025,5,May,Q2,16.57
AMZ101593,CUST10728,2025-04-02,Coffee Maker,Home,South,Tamil Nadu,Coimbatore,2,127.2,0.252,190.29,19.97,3.5,2,Delivered,Net Banking,Home Office,2025,4,Apr,Q2,10.49
AMZ101594,CUST10910,2025-06-30,Notebook Pack,Office,North,Delhi,Delhi,2,16.81,0.031,32.58,-0.65,3.2,3,Delivered,Debit Card,Home Office,2025,6,Jun,Q2,-2.0
AMZ101595,CUST10674,2025-06-19,Desk Lamp,Home,South,Tamil Nadu,Coimbatore,1,39.66,0.251,29.71,1.38,3.7,5,Delivered,Amazon Pay,Corporate,2025,6,Jun,Q2,4.64
AMZ101596,CUST10128,2025-06-23,4K Smart TV,Electronics,South,Tamil Nadu,Coimbatore,2,548.27,0.046,1046.1,149.24,4.3,4,Delivered,UPI,Consumer,2025,6,Jun,Q2,14.27
AMZ101597,CUST10314,2025-04-28,Business Book,Books,West,Maharashtra,Pune,2,35.21,0.025,68.66,-5.14,3.6,2,Returned,Amazon Pay,Home Office,2025,4,Apr,Q2,-7.49
AMZ101598,CUST10332,2024-01-16,Bluetooth Speaker,Electronics,South,Tamil Nadu,Coimbatore,1,67.46,0.193,54.44,5.2,4.1,6,Delivered,Debit Card,Home Office,2024,1,Jan,Q1,9.55
AMZ101599,CUST10150,2025-07-24,Cotton T-Shirt,Fashion,East,West Bengal,Kolkata,1,22.65,0.142,19.43,4.53,4.4,9,Delivered,UPI,Corporate,2025,7,Jul,Q3,23.31
AMZ101600,CUST10454,2024-08-30,Office Chair,Home,North,Delhi,Delhi,1,176.98,0.272,128.84,-3.72,4.1,6,Returned,UPI,Corporate,2024,8,Aug,Q3,-2.89
AMZ101601,CUST10036,2024-07-25,Laptop Pro 14,Electronics,North,Delhi,Delhi,1,903.57,0.109,805.08,102.82,3.8,4,Delivered,Credit Card,Consumer,2024,7,Jul,Q3,12.77
AMZ101602,CUST10685,2024-09-27,Air Fryer,Home,South,Tamil Nadu,Chennai,1,106.86,0.086,97.67,20.39,3.8,2,Delivered,Credit Card,Consumer,2024,9,Sep,Q3,20.88
AMZ101603,CUST10420,2025-12-05,Cotton T-Shirt,Fashion,West,Maharashtra,Mumbai,1,25.55,0.15,0.0,0.0,,3,Cancelled,Amazon Pay,Corporate,2025,12,Dec,Q4,0.0
AMZ101604,CUST10022,2025-12-30,Yoga Mat,Sports,West,Maharashtra,Pune,1,29.12,0.137,25.13,-0.53,3.1,6,Returned,Net Banking,Corporate,2025,12,Dec,Q4,-2.11
AMZ101605,CUST10206,2024-04-24,Backpack,Fashion,South,Tamil Nadu,Coimbatore,1,43.38,0.103,38.91,8.13,4.1,5,Delivered,Net Banking,Consumer,2024,4,Apr,Q2,20.89
AMZ101606,CUST10639,2025-08-02,Wireless Headphones,Electronics,South,Kerala,Kochi,1,83.06,0.208,0.0,0.0,4.6,6,Cancelled,Amazon Pay,Home Office,2025,8,Aug,Q3,0.0
AMZ101607,CUST10848,2024-10-25,Desk Organizer,Office,South,Telangana,Hyderabad,1,23.29,0.228,17.98,-1.93,4.7,5,Delivered,Net Banking,Corporate,2024,10,Oct,Q4,-10.73
AMZ101608,CUST10356,2025-04-27,Smartphone X,Electronics,West,Gujarat,Ahmedabad,2,691.25,0.256,1028.58,-17.11,4.4,2,Returned,Debit Card,Home Office,2025,4,Apr,Q2,-1.66
AMZ101609,CUST10440,2025-01-31,Yoga Mat,Sports,South,Tamil Nadu,Chennai,1,28.67,0.292,20.3,-2.26,4.1,4,Returned,UPI,Corporate,2025,1,Jan,Q1,-11.13
AMZ101610,CUST10729,2025-01-28,Wireless Headphones,Electronics,North,Delhi,Delhi,1,82.23,0.08,0.0,0.0,4.5,5,Cancelled,Net Banking,Consumer,2025,1,Jan,Q1,0.0
AMZ101611,CUST10096,2024-03-15,Desk Organizer,Office,North,Delhi,Delhi,1,23.67,0.215,18.58,4.98,4.0,5,Delivered,Credit Card,Home Office,2024,3,Mar,Q1,26.8
AMZ101612,CUST10929,2025-04-26,Cotton T-Shirt,Fashion,North,Rajasthan,Jaipur,1,25.09,0.118,22.13,1.81,4.5,2,Delivered,Amazon Pay,Consumer,2025,4,Apr,Q2,8.18
AMZ101613,CUST10941,2024-04-12,Cotton T-Shirt,Fashion,West,Maharashtra,Pune,2,25.29,0.203,40.31,-1.82,4.6,4,Returned,Debit Card,Home Office,2024,4,Apr,Q2,-4.52
AMZ101614,CUST10164,2024-10-23,Office Chair,Home,South,Tamil Nadu,Coimbatore,2,171.09,0.143,293.25,45.93,4.9,3,Delivered,UPI,Consumer,2024,10,Oct,Q4,15.66
AMZ101615,CUST10148,2024-06-26,Smartphone X,Electronics,West,Maharashtra,Pune,1,651.24,0.298,0.0,0.0,4.7,6,Cancelled,Net Banking,Corporate,2024,6,Jun,Q2,0.0
AMZ101616,CUST10530,2024-08-02,USB-C Hub,Electronics,North,Rajasthan,Jaipur,2,30.59,0.219,47.78,7.84,2.7,4,Delivered,Credit Card,Home Office,2024,8,Aug,Q3,16.41
AMZ101617,CUST10294,2024-11-10,Sneakers,Fashion,West,Maharashtra,Pune,1,72.53,0.286,51.79,10.31,3.9,1,Delivered,Credit Card,Consumer,2024,11,Nov,Q4,19.91
AMZ101618,CUST10195,2024-02-08,Novel Collection,Books,North,Delhi,Delhi,1,57.39,0.25,43.04,9.25,4.4,2,Delivered,Debit Card,Consumer,2024,2,Feb,Q1,21.49
AMZ101619,CUST10663,2024-09-15,Desk Lamp,Home,East,West Bengal,Kolkata,1,39.01,0.271,28.44,9.7,4.4,5,Delivered,Amazon Pay,Consumer,2024,9,Sep,Q3,34.11
AMZ101620,CUST10480,2025-12-16,Data Science Book,Books,South,Karnataka,Bengaluru,2,48.35,0.244,73.11,15.21,3.1,8,Delivered,UPI,Consumer,2025,12,Dec,Q4,20.8
AMZ101621,CUST10877,2024-01-07,Backpack,Fashion,North,Delhi,Delhi,1,43.1,0.138,0.0,0.0,4.1,5,Cancelled,Amazon Pay,Consumer,2024,1,Jan,Q1,0.0
AMZ101622,CUST10123,2024-02-18,Bluetooth Speaker,Electronics,South,Tamil Nadu,Chennai,1,69.66,0.076,64.37,9.34,4.3,5,Delivered,Amazon Pay,Consumer,2024,2,Feb,Q1,14.51
AMZ101623,CUST10400,2025-06-21,Air Fryer,Home,West,Maharashtra,Mumbai,2,100.0,0.111,177.8,-6.83,3.4,6,Returned,UPI,Corporate,2025,6,Jun,Q2,-3.84
AMZ101624,CUST10699,2024-06-09,Notebook Pack,Office,North,Rajasthan,Jaipur,1,14.99,0.006,14.9,8.23,4.4,2,Delivered,Credit Card,Corporate,2024,6,Jun,Q2,55.23
AMZ101625,CUST10452,2024-06-24,Backpack,Fashion,South,Telangana,Hyderabad,1,42.19,0.157,35.57,8.85,3.9,1,Delivered,Net Banking,Consumer,2024,6,Jun,Q2,24.88
AMZ101626,CUST10661,2025-08-13,Coffee Maker,Home,West,Gujarat,Ahmedabad,2,110.94,0.152,188.15,25.81,3.2,3,Delivered,Credit Card,Corporate,2025,8,Aug,Q3,13.72
AMZ101627,CUST10104,2024-01-02,Bluetooth Speaker,Electronics,South,Telangana,Hyderabad,1,65.56,0.158,55.2,5.76,4.5,6,Delivered,Credit Card,Home Office,2024,1,Jan,Q1,10.43
AMZ101628,CUST10755,2025-03-30,Yoga Mat,Sports,North,Delhi,Delhi,1,29.66,0.292,0.0,0.0,3.8,7,Cancelled,Credit Card,Corporate,2025,3,Mar,Q1,0.0
AMZ101629,CUST10462,2025-10-05,Bluetooth Speaker,Electronics,South,Tamil Nadu,Chennai,1,60.79,0.273,0.0,0.0,4.1,3,Cancelled,Amazon Pay,Consumer,2025,10,Oct,Q4,0.0
AMZ101630,CUST10743,2024-10-02,USB-C Hub,Electronics,South,Tamil Nadu,Coimbatore,1,27.74,0.049,26.38,5.74,3.5,7,Delivered,Debit Card,Corporate,2024,10,Oct,Q4,21.76
AMZ101631,CUST10718,2025-05-12,Novel Collection,Books,North,Delhi,Delhi,1,58.29,0.111,51.82,14.03,4.5,2,Delivered,Amazon Pay,Consumer,2025,5,May,Q2,27.07
AMZ101632,CUST10710,2025-09-20,Mechanical Keyboard,Electronics,West,Maharashtra,Mumbai,1,87.8,0.127,76.65,5.84,5.0,4,Delivered,Net Banking,Home Office,2025,9,Sep,Q3,7.62
AMZ101633,CUST10396,2025-11-06,Laptop Pro 14,Electronics,East,West Bengal,Kolkata,1,860.31,0.108,0.0,0.0,3.4,3,Cancelled,Net Banking,Home Office,2025,11,Nov,Q4,0.0
AMZ101634,CUST10912,2024-01-28,Desk Lamp,Home,South,Kerala,Kochi,1,39.87,0.24,30.3,4.34,3.6,5,Delivered,UPI,Consumer,2024,1,Jan,Q1,14.32
AMZ101635,CUST10337,2024-11-28,Smartphone X,Electronics,West,Gujarat,Ahmedabad,2,681.87,0.157,1149.63,-30.85,4.3,1,Returned,UPI,Home Office,2024,11,Nov,Q4,-2.68
AMZ101636,CUST10599,2024-01-01,Cotton T-Shirt,Fashion,West,Maharashtra,Mumbai,3,23.44,0.172,58.22,16.56,3.4,5,Delivered,Amazon Pay,Consumer,2024,1,Jan,Q1,28.44
AMZ101637,CUST10142,2024-07-06,Sneakers,Fashion,North,Rajasthan,Jaipur,1,65.33,0.256,48.61,10.52,,4,Delivered,Amazon Pay,Corporate,2024,7,Jul,Q3,21.64
AMZ101638,CUST10317,2024-02-25,Notebook Pack,Office,South,Tamil Nadu,Coimbatore,1,16.47,0.242,0.0,0.0,4.1,3,Cancelled,Debit Card,Home Office,2024,2,Feb,Q1,0.0
AMZ101639,CUST10711,2025-06-30,Office Chair,Home,North,Rajasthan,Jaipur,2,176.03,0.04,337.98,-16.84,4.6,6,Returned,UPI,Corporate,2025,6,Jun,Q2,-4.98
AMZ101640,CUST10558,2024-04-21,4K Smart TV,Electronics,North,Delhi,Delhi,1,551.59,0.214,433.55,35.83,3.9,4,Delivered,UPI,Corporate,2024,4,Apr,Q2,8.26
AMZ101641,CUST10800,2024-11-05,Office Chair,Home,South,Tamil Nadu,Chennai,1,166.25,0.131,144.47,29.43,4.0,4,Delivered,Net Banking,Corporate,2024,11,Nov,Q4,20.37
AMZ101642,CUST10527,2024-02-05,Mechanical Keyboard,Electronics,West,Maharashtra,Mumbai,2,95.19,0.088,173.63,-4.93,4.6,3,Returned,UPI,Home Office,2024,2,Feb,Q1,-2.84
AMZ101643,CUST10556,2025-03-14,Bluetooth Speaker,Electronics,North,Haryana,Gurugram,2,61.42,0.015,0.0,0.0,3.2,4,Cancelled,Amazon Pay,Corporate,2025,3,Mar,Q1,0.0
AMZ101644,CUST10401,2025-12-29,Air Fryer,Home,South,Tamil Nadu,Coimbatore,2,99.87,0.146,170.58,28.63,4.5,5,Delivered,Debit Card,Home Office,2025,12,Dec,Q4,16.78
AMZ101645,CUST10681,2025-08-14,Laptop Pro 14,Electronics,South,Tamil Nadu,Chennai,1,836.94,0.107,747.39,88.79,3.4,3,Delivered,Net Banking,Corporate,2025,8,Aug,Q3,11.88
AMZ101646,CUST10310,2025-08-17,Data Science Book,Books,East,West Bengal,Kolkata,1,46.69,0.075,43.19,12.78,4.1,5,Delivered,Credit Card,Consumer,2025,8,Aug,Q3,29.59
AMZ101647,CUST10495,2025-07-30,Sneakers,Fashion,South,Tamil Nadu,Coimbatore,1,72.92,0.208,57.75,13.74,4.2,1,Delivered,Net Banking,Consumer,2025,7,Jul,Q3,23.79
AMZ101648,CUST10556,2024-11-20,Coffee Maker,Home,North,Rajasthan,Jaipur,1,126.31,0.231,0.0,0.0,4.1,4,Cancelled,Net Banking,Corporate,2024,11,Nov,Q4,0.0
AMZ101649,CUST10610,2025-10-01,Running Shoes,Sports,South,Tamil Nadu,Coimbatore,1,76.81,0.073,71.2,-3.37,4.6,3,Returned,Amazon Pay,Home Office,2025,10,Oct,Q4,-4.73
AMZ101650,CUST10773,2024-11-02,Coffee Maker,Home,South,Kerala,Kochi,1,122.83,0.015,120.99,24.49,4.5,4,Delivered,Net Banking,Home Office,2024,11,Nov,Q4,20.24
AMZ101651,CUST10109,2025-06-17,Desk Lamp,Home,North,Delhi,Delhi,2,37.72,0.255,56.2,-1.55,4.5,2,Returned,Credit Card,Consumer,2025,6,Jun,Q2,-2.76
AMZ101652,CUST10795,2025-12-28,Bluetooth Speaker,Electronics,West,Maharashtra,Pune,2,69.44,0.003,138.46,24.83,4.5,1,Delivered,Credit Card,Consumer,2025,12,Dec,Q4,17.93
AMZ101653,CUST10372,2025-09-10,Notebook Pack,Office,North,Rajasthan,Jaipur,1,14.74,0.281,10.6,-1.6,3.7,6,Delivered,Net Banking,Corporate,2025,9,Sep,Q3,-15.09
AMZ101654,CUST10855,2024-04-18,4K Smart TV,Electronics,South,Kerala,Kochi,2,544.76,0.188,0.0,0.0,4.7,5,Cancelled,UPI,Home Office,2024,4,Apr,Q2,0.0
AMZ101655,CUST10616,2025-01-06,Backpack,Fashion,West,Gujarat,Ahmedabad,2,44.63,0.097,0.0,0.0,2.7,1,Cancelled,Amazon Pay,Consumer,2025,1,Jan,Q1,0.0
AMZ101656,CUST10768,2024-12-22,Mechanical Keyboard,Electronics,South,Karnataka,Bengaluru,1,89.58,0.074,82.95,14.76,4.1,5,Delivered,Credit Card,Consumer,2024,12,Dec,Q4,17.79
AMZ101657,CUST10891,2024-06-29,Mechanical Keyboard,Electronics,West,Maharashtra,Pune,1,101.71,0.003,101.4,-3.16,4.6,5,Returned,Credit Card,Home Office,2024,6,Jun,Q2,-3.12
AMZ101658,CUST10206,2024-12-21,Fitness Tracker,Sports,North,Delhi,Delhi,1,54.93,0.071,51.03,4.86,4.5,1,Delivered,Amazon Pay,Consumer,2024,12,Dec,Q4,9.52
AMZ101659,CUST10847,2025-11-06,Gaming Mouse,Electronics,North,Haryana,Gurugram,1,45.17,0.041,0.0,0.0,4.2,6,Cancelled,UPI,Corporate,2025,11,Nov,Q4,0.0
AMZ101660,CUST10043,2024-03-08,USB-C Hub,Electronics,West,Maharashtra,Pune,1,29.18,0.184,23.81,-0.47,3.4,4,Returned,Amazon Pay,Corporate,2024,3,Mar,Q1,-1.97
AMZ101661,CUST10865,2024-10-18,Notebook Pack,Office,West,Gujarat,Ahmedabad,1,15.19,0.05,14.43,0.81,4.7,3,Delivered,UPI,Corporate,2024,10,Oct,Q4,5.61
AMZ101662,CUST10245,2025-11-22,Sneakers,Fashion,South,Tamil Nadu,Chennai,1,69.65,0.159,58.58,-2.73,3.8,3,Returned,Amazon Pay,Home Office,2025,11,Nov,Q4,-4.66
AMZ101663,CUST10287,2024-06-29,Notebook Pack,Office,North,Haryana,Gurugram,1,15.53,0.177,12.78,11.13,4.1,3,Delivered,UPI,Corporate,2024,6,Jun,Q2,87.09
AMZ101664,CUST10355,2025-04-10,Fitness Tracker,Sports,North,Rajasthan,Jaipur,2,62.08,0.089,113.11,21.77,3.5,7,Delivered,UPI,Corporate,2025,4,Apr,Q2,19.25
AMZ101665,CUST10785,2025-03-09,Cotton T-Shirt,Fashion,North,Haryana,Gurugram,1,24.58,0.011,24.31,10.68,4.2,3,Delivered,Credit Card,Corporate,2025,3,Mar,Q1,43.93
AMZ101666,CUST10476,2025-04-08,Wireless Headphones,Electronics,West,Maharashtra,Mumbai,2,81.36,0.011,160.93,29.55,4.1,3,Delivered,Debit Card,Home Office,2025,4,Apr,Q2,18.36
AMZ101667,CUST10083,2025-11-11,Bluetooth Speaker,Electronics,West,Gujarat,Ahmedabad,1,68.99,0.008,0.0,0.0,3.5,5,Cancelled,Debit Card,Corporate,2025,11,Nov,Q4,0.0
AMZ101668,CUST10110,2025-06-17,USB-C Hub,Electronics,South,Tamil Nadu,Coimbatore,1,27.8,0.222,21.63,-2.82,4.6,5,Delivered,Credit Card,Home Office,2025,6,Jun,Q2,-13.04
AMZ101669,CUST10950,2024-03-06,Novel Collection,Books,South,Kerala,Kochi,2,51.72,0.095,93.61,22.78,3.8,6,Delivered,Amazon Pay,Corporate,2024,3,Mar,Q1,24.34
AMZ101670,CUST10190,2024-01-21,4K Smart TV,Electronics,West,Maharashtra,Pune,1,580.45,0.239,441.72,-7.42,3.7,5,Returned,Credit Card,Consumer,2024,1,Jan,Q1,-1.68
AMZ101671,CUST10800,2025-09-03,Smart Watch,Electronics,West,Maharashtra,Mumbai,1,159.44,0.13,138.71,16.89,5.0,3,Delivered,Amazon Pay,Home Office,2025,9,Sep,Q3,12.18
AMZ101672,CUST10936,2025-01-18,Novel Collection,Books,North,Haryana,Gurugram,2,54.99,0.136,0.0,0.0,5.0,5,Cancelled,Debit Card,Corporate,2025,1,Jan,Q1,0.0
AMZ101673,CUST10909,2025-09-06,Business Book,Books,West,Maharashtra,Mumbai,1,35.93,0.154,30.4,5.61,4.1,5,Delivered,UPI,Home Office,2025,9,Sep,Q3,18.45
AMZ101674,CUST10251,2025-07-12,Data Science Book,Books,South,Telangana,Hyderabad,1,49.61,0.214,38.99,11.99,3.7,5,Delivered,Debit Card,Consumer,2025,7,Jul,Q3,30.75
AMZ101675,CUST10724,2024-02-08,Cookware Set,Home,West,Gujarat,Ahmedabad,1,123.35,0.082,113.24,19.08,3.8,6,Delivered,Debit Card,Corporate,2024,2,Feb,Q1,16.85
AMZ101676,CUST10291,2024-10-11,Cotton T-Shirt,Fashion,South,Kerala,Kochi,2,23.56,0.036,45.42,20.61,4.3,2,Delivered,Debit Card,Home Office,2024,10,Oct,Q4,45.38
AMZ101677,CUST10645,2025-08-24,Sneakers,Fashion,East,West Bengal,Kolkata,1,65.65,0.167,0.0,0.0,4.0,3,Cancelled,UPI,Corporate,2025,8,Aug,Q3,0.0
AMZ101678,CUST10201,2025-08-19,Yoga Mat,Sports,South,Tamil Nadu,Chennai,1,27.08,0.098,24.43,7.81,3.7,5,Delivered,Net Banking,Consumer,2025,8,Aug,Q3,31.97
AMZ101679,CUST10797,2024-12-01,Fitness Tracker,Sports,North,Haryana,Gurugram,1,54.85,0.133,47.55,4.36,4.9,5,Delivered,Net Banking,Consumer,2024,12,Dec,Q4,9.17
AMZ101680,CUST10326,2024-07-06,Wireless Headphones,Electronics,West,Gujarat,Ahmedabad,1,83.31,0.194,67.15,-0.01,3.9,6,Returned,Amazon Pay,Home Office,2024,7,Jul,Q3,-0.01
AMZ101681,CUST10511,2025-11-01,Bluetooth Speaker,Electronics,East,West Bengal,Kolkata,2,63.78,0.148,108.68,12.44,5.0,2,Delivered,Amazon Pay,Consumer,2025,11,Nov,Q4,11.45
AMZ101682,CUST10409,2024-08-30,Running Shoes,Sports,East,West Bengal,Kolkata,1,67.7,0.186,55.11,7.88,,5,Delivered,UPI,Home Office,2024,8,Aug,Q3,14.3
AMZ101683,CUST10607,2024-03-13,Desk Lamp,Home,North,Delhi,Delhi,1,37.03,0.163,30.99,6.98,4.1,1,Delivered,Net Banking,Consumer,2024,3,Mar,Q1,22.52
AMZ101684,CUST10790,2025-04-23,Smartphone X,Electronics,South,Kerala,Kochi,1,716.98,0.222,557.81,47.31,3.8,1,Delivered,Credit Card,Home Office,2025,4,Apr,Q2,8.48
AMZ101685,CUST10941,2025-07-14,Notebook Pack,Office,West,Maharashtra,Mumbai,2,16.26,0.212,25.63,5.47,4.4,3,Delivered,UPI,Corporate,2025,7,Jul,Q3,21.34
AMZ101686,CUST10837,2024-04-10,Gaming Mouse,Electronics,East,West Bengal,Kolkata,1,42.65,0.16,35.83,1.67,3.4,3,Delivered,Credit Card,Consumer,2024,4,Apr,Q2,4.66
AMZ101687,CUST10508,2025-05-28,Mechanical Keyboard,Electronics,South,Telangana,Hyderabad,2,89.56,0.204,142.58,7.87,3.6,2,Delivered,UPI,Corporate,2025,5,May,Q2,5.52
AMZ101688,CUST10731,2024-06-24,Mechanical Keyboard,Electronics,West,Gujarat,Ahmedabad,2,88.64,0.262,0.0,0.0,3.3,1,Cancelled,UPI,Consumer,2024,6,Jun,Q2,0.0
AMZ101689,CUST10601,2024-08-25,Business Book,Books,South,Karnataka,Bengaluru,1,33.33,0.13,29.0,2.79,4.5,5,Delivered,Amazon Pay,Consumer,2024,8,Aug,Q3,9.62
AMZ101690,CUST10072,2024-02-28,Coffee Maker,Home,South,Karnataka,Bengaluru,1,118.1,0.124,103.46,18.3,4.2,3,Delivered,UPI,Corporate,2024,2,Feb,Q1,17.69
AMZ101691,CUST10247,2024-04-08,Desk Organizer,Office,South,Tamil Nadu,Coimbatore,1,23.05,0.229,17.77,-0.24,5.0,3,Delivered,UPI,Consumer,2024,4,Apr,Q2,-1.35
AMZ101692,CUST10641,2025-05-09,Desk Lamp,Home,South,Tamil Nadu,Coimbatore,2,37.97,0.175,62.65,6.85,4.2,4,Delivered,UPI,Home Office,2025,5,May,Q2,10.93
AMZ101693,CUST10724,2025-05-28,Running Shoes,Sports,North,Haryana,Gurugram,1,74.0,0.021,72.45,11.54,3.2,1,Delivered,UPI,Home Office,2025,5,May,Q2,15.93
AMZ101694,CUST10940,2024-10-23,Smartphone X,Electronics,South,Tamil Nadu,Coimbatore,1,740.46,0.268,542.02,38.31,4.2,2,Delivered,Amazon Pay,Home Office,2024,10,Oct,Q4,7.07
AMZ101695,CUST10855,2024-07-29,Novel Collection,Books,North,Rajasthan,Jaipur,2,54.67,0.009,108.36,37.51,3.9,3,Delivered,Debit Card,Corporate,2024,7,Jul,Q3,34.62
AMZ101696,CUST10608,2024-05-02,Desk Lamp,Home,West,Maharashtra,Mumbai,1,35.91,0.225,27.83,6.03,4.7,3,Delivered,Amazon Pay,Corporate,2024,5,May,Q2,21.67
AMZ101697,CUST10587,2024-08-16,Yoga Mat,Sports,North,Rajasthan,Jaipur,1,27.99,0.228,21.61,-0.22,3.5,3,Delivered,Credit Card,Home Office,2024,8,Aug,Q3,-1.02
AMZ101698,CUST10935,2025-08-16,Smartphone X,Electronics,East,West Bengal,Kolkata,1,660.2,0.286,471.38,34.82,3.4,5,Delivered,Credit Card,Consumer,2025,8,Aug,Q3,7.39
AMZ101699,CUST10566,2025-10-17,Office Chair,Home,West,Gujarat,Ahmedabad,1,170.89,0.016,0.0,0.0,5.0,5,Cancelled,Debit Card,Home Office,2025,10,Oct,Q4,0.0
AMZ101700,CUST10344,2025-01-22,Office Chair,Home,North,Haryana,Gurugram,2,180.31,0.179,296.07,39.68,3.6,7,Delivered,Net Banking,Home Office,2025,1,Jan,Q1,13.4
AMZ101701,CUST10925,2024-05-19,Desk Lamp,Home,West,Maharashtra,Pune,1,37.53,0.128,32.73,4.99,3.8,4,Delivered,Amazon Pay,Consumer,2024,5,May,Q2,15.25
AMZ101702,CUST10054,2025-06-24,Notebook Pack,Office,East,West Bengal,Kolkata,1,17.1,0.099,0.0,0.0,3.6,6,Cancelled,UPI,Corporate,2025,6,Jun,Q2,0.0
AMZ101703,CUST10730,2025-01-25,Smartphone X,Electronics,West,Maharashtra,Mumbai,2,672.23,0.027,1308.16,201.07,4.1,1,Delivered,Net Banking,Home Office,2025,1,Jan,Q1,15.37
AMZ101704,CUST10528,2024-09-26,Smartphone X,Electronics,South,Karnataka,Bengaluru,1,716.13,0.169,595.1,57.83,4.1,2,Delivered,Net Banking,Consumer,2024,9,Sep,Q3,9.72
AMZ101705,CUST10611,2024-01-12,Gaming Mouse,Electronics,South,Kerala,Kochi,3,40.78,0.144,104.72,5.01,3.7,6,Delivered,Amazon Pay,Home Office,2024,1,Jan,Q1,4.78
AMZ101706,CUST10532,2025-01-23,Cotton T-Shirt,Fashion,South,Tamil Nadu,Coimbatore,3,23.93,0.031,69.56,14.62,3.8,4,Delivered,Amazon Pay,Home Office,2025,1,Jan,Q1,21.02
AMZ101707,CUST10558,2024-12-02,Notebook Pack,Office,North,Delhi,Delhi,1,17.1,0.184,0.0,0.0,4.2,1,Cancelled,Debit Card,Home Office,2024,12,Dec,Q4,0.0
AMZ101708,CUST10193,2025-05-20,Coffee Maker,Home,West,Gujarat,Ahmedabad,1,112.67,0.221,0.0,0.0,4.4,6,Cancelled,UPI,Consumer,2025,5,May,Q2,0.0
AMZ101709,CUST10895,2024-04-15,Bluetooth Speaker,Electronics,South,Tamil Nadu,Chennai,1,70.17,0.23,0.0,0.0,4.4,4,Cancelled,Debit Card,Consumer,2024,4,Apr,Q2,0.0
AMZ101710,CUST10058,2024-02-01,Running Shoes,Sports,South,Kerala,Kochi,1,68.11,0.272,49.58,10.88,4.2,7,Delivered,Debit Card,Consumer,2024,2,Feb,Q1,21.94
AMZ101711,CUST10437,2024-03-14,4K Smart TV,Electronics,North,Rajasthan,Jaipur,1,524.23,0.123,459.75,52.57,2.9,5,Delivered,Debit Card,Home Office,2024,3,Mar,Q1,11.43
AMZ101712,CUST10111,2024-06-19,Sneakers,Fashion,South,Tamil Nadu,Coimbatore,1,69.5,0.286,49.62,11.9,4.0,6,Delivered,Debit Card,Consumer,2024,6,Jun,Q2,23.98
AMZ101713,CUST10129,2024-03-09,Mechanical Keyboard,Electronics,North,Haryana,Gurugram,1,101.13,0.26,74.84,1.38,5.0,4,Delivered,UPI,Home Office,2024,3,Mar,Q1,1.84
AMZ101714,CUST10849,2024-12-27,Wireless Headphones,Electronics,North,Rajasthan,Jaipur,2,72.78,0.089,0.0,0.0,4.3,3,Cancelled,Net Banking,Consumer,2024,12,Dec,Q4,0.0
AMZ101715,CUST10706,2025-10-10,Fitness Tracker,Sports,West,Gujarat,Ahmedabad,1,60.41,0.048,57.51,11.05,3.0,2,Delivered,Net Banking,Home Office,2025,10,Oct,Q4,19.21
AMZ101716,CUST10925,2025-03-08,Running Shoes,Sports,North,Rajasthan,Jaipur,1,68.4,0.131,59.44,8.49,4.1,4,Delivered,Net Banking,Consumer,2025,3,Mar,Q1,14.28
AMZ101717,CUST10852,2024-04-09,Notebook Pack,Office,West,Gujarat,Ahmedabad,1,16.23,0.121,14.27,8.73,4.0,2,Delivered,Debit Card,Home Office,2024,4,Apr,Q2,61.18
AMZ101718,CUST10326,2025-10-19,Smartphone X,Electronics,North,Rajasthan,Jaipur,3,747.45,0.173,1854.42,177.06,5.0,6,Delivered,UPI,Consumer,2025,10,Oct,Q4,9.55
AMZ101719,CUST10008,2024-01-09,Running Shoes,Sports,South,Kerala,Kochi,1,77.51,0.175,0.0,0.0,3.8,3,Cancelled,Debit Card,Corporate,2024,1,Jan,Q1,0.0
AMZ101720,CUST10029,2025-07-27,Smartphone X,Electronics,South,Telangana,Hyderabad,2,741.93,0.225,1149.99,92.27,4.4,4,Delivered,Debit Card,Corporate,2025,7,Jul,Q3,8.02
AMZ101721,CUST10112,2025-11-27,Bluetooth Speaker,Electronics,South,Kerala,Kochi,1,64.6,0.153,54.72,5.09,4.4,3,Delivered,UPI,Corporate,2025,11,Nov,Q4,9.3
AMZ101722,CUST10947,2024-01-29,Wireless Headphones,Electronics,West,Maharashtra,Pune,1,75.16,0.031,72.83,-3.77,4.1,3,Returned,Debit Card,Consumer,2024,1,Jan,Q1,-5.18
AMZ101723,CUST10673,2024-04-23,Backpack,Fashion,East,West Bengal,Kolkata,1,45.31,0.257,33.67,6.47,4.2,2,Delivered,Credit Card,Consumer,2024,4,Apr,Q2,19.22
AMZ101724,CUST10131,2025-04-06,Yoga Mat,Sports,East,West Bengal,Kolkata,1,30.12,0.093,27.32,6.31,3.4,7,Delivered,UPI,Corporate,2025,4,Apr,Q2,23.1
AMZ101725,CUST10188,2024-05-22,Running Shoes,Sports,West,Maharashtra,Mumbai,1,76.19,0.291,54.02,10.7,4.3,1,Delivered,Debit Card,Home Office,2024,5,May,Q2,19.81
AMZ101726,CUST10675,2025-01-24,Coffee Maker,Home,South,Tamil Nadu,Coimbatore,1,119.92,0.035,115.72,19.31,4.9,2,Delivered,UPI,Home Office,2025,1,Jan,Q1,16.69
AMZ101727,CUST10709,2025-09-23,Smart Watch,Electronics,South,Kerala,Kochi,1,147.91,0.287,105.46,8.41,4.2,5,Delivered,Credit Card,Home Office,2025,9,Sep,Q3,7.97
AMZ101728,CUST10475,2025-11-12,Bluetooth Speaker,Electronics,South,Kerala,Kochi,2,67.26,0.027,130.89,24.14,4.8,1,Delivered,Credit Card,Home Office,2025,11,Nov,Q4,18.44
AMZ101729,CUST10364,2024-06-05,Mechanical Keyboard,Electronics,South,Tamil Nadu,Chennai,1,95.66,0.069,89.06,14.0,4.2,1,Delivered,Credit Card,Home Office,2024,6,Jun,Q2,15.72
AMZ101730,CUST10204,2024-11-30,Fitness Tracker,Sports,South,Tamil Nadu,Chennai,3,62.05,0.014,183.54,46.68,4.2,5,Delivered,Debit Card,Consumer,2024,11,Nov,Q4,25.43
AMZ101731,CUST10212,2024-09-16,Wireless Headphones,Electronics,West,Maharashtra,Mumbai,1,79.55,0.212,62.69,7.57,3.7,4,Delivered,Net Banking,Consumer,2024,9,Sep,Q3,12.08
AMZ101732,CUST10621,2024-03-22,Notebook Pack,Office,North,Delhi,Delhi,1,16.73,0.255,12.46,0.55,3.5,3,Delivered,Debit Card,Home Office,2024,3,Mar,Q1,4.41
AMZ101733,CUST10276,2025-03-16,Coffee Maker,Home,East,West Bengal,Kolkata,1,112.42,0.13,97.81,-2.94,3.9,4,Returned,Amazon Pay,Home Office,2025,3,Mar,Q1,-3.01
AMZ101734,CUST10073,2024-06-20,Gaming Mouse,Electronics,North,Delhi,Delhi,1,44.2,0.279,31.87,-4.07,4.3,4,Delivered,Debit Card,Home Office,2024,6,Jun,Q2,-12.77
AMZ101735,CUST10679,2024-08-18,Smart Watch,Electronics,South,Tamil Nadu,Coimbatore,1,140.78,0.177,115.86,11.6,3.6,4,Delivered,Debit Card,Home Office,2024,8,Aug,Q3,10.01
AMZ101736,CUST10772,2025-12-20,Mechanical Keyboard,Electronics,West,Gujarat,Ahmedabad,1,88.71,0.189,71.94,7.39,4.7,1,Delivered,Net Banking,Home Office,2025,12,Dec,Q4,10.27
AMZ101737,CUST10243,2024-03-15,Air Fryer,Home,West,Gujarat,Ahmedabad,1,102.6,0.254,76.54,-2.24,4.3,5,Returned,Net Banking,Consumer,2024,3,Mar,Q1,-2.93
AMZ101738,CUST10787,2024-09-26,Office Chair,Home,South,Karnataka,Bengaluru,2,180.02,0.089,328.0,60.43,4.2,1,Delivered,Debit Card,Home Office,2024,9,Sep,Q3,18.42
AMZ101739,CUST10102,2025-09-17,Gaming Mouse,Electronics,North,Rajasthan,Jaipur,1,43.6,0.106,0.0,0.0,4.4,4,Cancelled,UPI,Corporate,2025,9,Sep,Q3,0.0
AMZ101740,CUST10685,2024-03-02,Mechanical Keyboard,Electronics,South,Tamil Nadu,Chennai,2,89.63,0.272,130.5,11.16,3.9,4,Delivered,UPI,Home Office,2024,3,Mar,Q1,8.55
AMZ101741,CUST10171,2024-11-15,Air Fryer,Home,South,Karnataka,Bengaluru,1,106.26,0.27,77.57,12.29,5.0,3,Delivered,Credit Card,Home Office,2024,11,Nov,Q4,15.84
AMZ101742,CUST10653,2024-04-11,Cotton T-Shirt,Fashion,West,Maharashtra,Pune,1,23.86,0.293,16.87,4.63,3.8,3,Delivered,Amazon Pay,Consumer,2024,4,Apr,Q2,27.45
AMZ101743,CUST10909,2025-03-04,Mechanical Keyboard,Electronics,West,Maharashtra,Mumbai,1,90.45,0.271,65.94,6.75,4.0,6,Delivered,Debit Card,Corporate,2025,3,Mar,Q1,10.24
AMZ101744,CUST10188,2025-12-22,Cotton T-Shirt,Fashion,West,Maharashtra,Mumbai,1,23.68,0.038,22.78,2.78,4.3,3,Delivered,Credit Card,Corporate,2025,12,Dec,Q4,12.2
AMZ101745,CUST10441,2024-09-11,Desk Lamp,Home,West,Gujarat,Ahmedabad,1,40.71,0.247,30.65,3.04,3.2,1,Delivered,Amazon Pay,Home Office,2024,9,Sep,Q3,9.92
AMZ101746,CUST10086,2025-06-15,Office Chair,Home,South,Kerala,Kochi,1,186.69,0.123,163.73,24.14,4.2,3,Delivered,UPI,Home Office,2025,6,Jun,Q2,14.74
AMZ101747,CUST10476,2025-07-23,Smart Watch,Electronics,East,West Bengal,Kolkata,1,160.37,0.297,112.74,-0.1,3.6,6,Returned,Debit Card,Consumer,2025,7,Jul,Q3,-0.09
AMZ101748,CUST10052,2024-04-21,Cotton T-Shirt,Fashion,North,Delhi,Delhi,1,25.04,0.142,21.48,2.47,4.5,3,Delivered,UPI,Corporate,2024,4,Apr,Q2,11.5
AMZ101749,CUST10111,2024-11-08,Cookware Set,Home,South,Tamil Nadu,Chennai,1,131.87,0.166,109.98,22.49,4.1,6,Delivered,Amazon Pay,Corporate,2024,11,Nov,Q4,20.45
AMZ101750,CUST10949,2025-04-05,Smartphone X,Electronics,South,Karnataka,Bengaluru,1,752.04,0.159,632.47,66.35,3.2,6,Delivered,Net Banking,Corporate,2025,4,Apr,Q2,10.49
AMZ101751,CUST10877,2025-12-08,Notebook Pack,Office,North,Delhi,Delhi,1,16.24,0.097,14.66,3.87,3.9,5,Delivered,UPI,Home Office,2025,12,Dec,Q4,26.4
AMZ101752,CUST10854,2025-04-06,Smart Watch,Electronics,South,Kerala,Kochi,2,158.63,0.023,309.96,49.16,3.6,3,Delivered,UPI,Corporate,2025,4,Apr,Q2,15.86
AMZ101753,CUST10043,2024-04-01,Wireless Headphones,Electronics,South,Karnataka,Bengaluru,2,85.13,0.269,124.46,14.83,4.4,2,Delivered,UPI,Corporate,2024,4,Apr,Q2,11.92
AMZ101754,CUST10211,2024-02-21,Smart Watch,Electronics,North,Rajasthan,Jaipur,1,156.64,0.241,118.89,-2.29,3.7,8,Returned,Net Banking,Consumer,2024,2,Feb,Q1,-1.93
AMZ101755,CUST10200,2025-06-03,Cotton T-Shirt,Fashion,West,Maharashtra,Pune,2,22.87,0.042,43.82,14.14,2.9,6,Delivered,Debit Card,Consumer,2025,6,Jun,Q2,32.27
AMZ101756,CUST10810,2024-04-07,Cotton T-Shirt,Fashion,West,Maharashtra,Pune,2,25.5,0.233,39.12,-2.54,3.9,3,Returned,Debit Card,Home Office,2024,4,Apr,Q2,-6.49
AMZ101757,CUST10858,2024-08-23,Laptop Pro 14,Electronics,North,Delhi,Delhi,1,956.58,0.188,776.74,78.92,4.7,4,Delivered,Amazon Pay,Corporate,2024,8,Aug,Q3,10.16
AMZ101758,CUST10752,2025-01-08,Gaming Mouse,Electronics,North,Delhi,Delhi,1,42.59,0.123,37.35,-2.89,3.6,3,Delivered,Debit Card,Corporate,2025,1,Jan,Q1,-7.74
AMZ101759,CUST10627,2025-08-03,Notebook Pack,Office,North,Delhi,Delhi,3,17.23,0.076,47.76,8.58,4.4,4,Delivered,UPI,Home Office,2025,8,Aug,Q3,17.96
AMZ101760,CUST10026,2025-07-10,Cookware Set,Home,South,Karnataka,Bengaluru,1,127.64,0.258,94.71,-3.3,4.1,4,Returned,Debit Card,Consumer,2025,7,Jul,Q3,-3.48
AMZ101761,CUST10919,2025-10-10,Air Fryer,Home,North,Rajasthan,Jaipur,2,94.39,0.21,149.14,21.74,4.1,8,Delivered,Debit Card,Consumer,2025,10,Oct,Q4,14.58
AMZ101762,CUST10299,2024-08-21,Smart Watch,Electronics,South,Telangana,Hyderabad,1,144.17,0.164,120.53,11.25,3.6,6,Delivered,UPI,Corporate,2024,8,Aug,Q3,9.33
AMZ101763,CUST10077,2024-02-01,Laptop Pro 14,Electronics,North,Delhi,Delhi,1,923.15,0.183,754.21,70.37,4.0,5,Delivered,UPI,Consumer,2024,2,Feb,Q1,9.33
AMZ101764,CUST10924,2024-10-15,Air Fryer,Home,East,West Bengal,Kolkata,1,95.3,0.027,92.73,19.98,4.1,5,Delivered,Debit Card,Corporate,2024,10,Oct,Q4,21.55
AMZ101765,CUST10137,2025-09-29,Running Shoes,Sports,South,Tamil Nadu,Coimbatore,1,69.47,0.142,0.0,0.0,4.6,5,Cancelled,Credit Card,Consumer,2025,9,Sep,Q3,0.0
AMZ101766,CUST10020,2025-08-01,Cotton T-Shirt,Fashion,South,Kerala,Kochi,2,23.5,0.058,44.27,13.28,3.2,9,Delivered,Debit Card,Corporate,2025,8,Aug,Q3,30.0
AMZ101767,CUST10440,2025-06-25,Fitness Tracker,Sports,South,Tamil Nadu,Coimbatore,3,57.14,0.063,160.62,36.29,4.5,3,Delivered,Credit Card,Consumer,2025,6,Jun,Q2,22.59
AMZ101768,CUST10211,2024-04-23,Cotton T-Shirt,Fashion,South,Tamil Nadu,Chennai,1,23.96,0.198,19.22,1.59,3.7,4,Delivered,Net Banking,Home Office,2024,4,Apr,Q2,8.27
AMZ101769,CUST10752,2024-07-22,Bluetooth Speaker,Electronics,South,Tamil Nadu,Chennai,1,69.71,0.273,50.68,2.7,4.8,5,Delivered,UPI,Home Office,2024,7,Jul,Q3,5.33
AMZ101770,CUST10551,2024-01-29,Data Science Book,Books,South,Kerala,Kochi,2,45.01,0.121,79.13,-6.14,4.0,4,Returned,Credit Card,Home Office,2024,1,Jan,Q1,-7.76
AMZ101771,CUST10435,2025-10-04,Yoga Mat,Sports,South,Karnataka,Bengaluru,1,29.45,0.062,27.62,0.04,3.7,6,Delivered,UPI,Consumer,2025,10,Oct,Q4,0.14
AMZ101772,CUST10780,2025-04-18,4K Smart TV,Electronics,South,Kerala,Kochi,1,564.79,0.195,454.66,50.23,3.6,2,Delivered,UPI,Home Office,2025,4,Apr,Q2,11.05
AMZ101773,CUST10207,2025-11-27,Gaming Mouse,Electronics,South,Tamil Nadu,Coimbatore,1,42.65,0.261,31.52,2.69,4.2,5,Delivered,Amazon Pay,Consumer,2025,11,Nov,Q4,8.53
AMZ101774,CUST10439,2024-09-09,USB-C Hub,Electronics,South,Tamil Nadu,Coimbatore,2,30.69,0.224,47.63,5.22,4.7,3,Delivered,Credit Card,Corporate,2024,9,Sep,Q3,10.96
AMZ101775,CUST10779,2025-01-20,Mechanical Keyboard,Electronics,North,Delhi,Delhi,2,89.86,0.261,132.81,-2.58,3.6,6,Returned,UPI,Home Office,2025,1,Jan,Q1,-1.94
AMZ101776,CUST10666,2024-03-02,Fitness Tracker,Sports,West,Gujarat,Ahmedabad,1,59.83,0.161,50.2,13.86,4.1,3,Delivered,Credit Card,Consumer,2024,3,Mar,Q1,27.61
AMZ101777,CUST10042,2025-05-29,Cotton T-Shirt,Fashion,West,Maharashtra,Mumbai,1,22.48,0.226,17.4,-1.79,4.0,6,Delivered,Credit Card,Corporate,2025,5,May,Q2,-10.29
AMZ101778,CUST10411,2025-03-05,Bluetooth Speaker,Electronics,South,Telangana,Hyderabad,3,68.71,0.042,197.47,22.4,4.1,7,Delivered,Debit Card,Consumer,2025,3,Mar,Q1,11.34
AMZ101779,CUST10523,2025-08-02,Cookware Set,Home,South,Tamil Nadu,Coimbatore,1,129.32,0.104,115.87,19.97,4.5,6,Delivered,Net Banking,Home Office,2025,8,Aug,Q3,17.23
AMZ101780,CUST10806,2025-06-20,Desk Organizer,Office,East,West Bengal,Kolkata,1,22.26,0.117,19.66,9.56,4.2,5,Delivered,Amazon Pay,Consumer,2025,6,Jun,Q2,48.63
AMZ101781,CUST10610,2025-11-21,Yoga Mat,Sports,South,Kerala,Kochi,1,25.98,0.153,22.01,0.99,3.7,4,Delivered,Amazon Pay,Home Office,2025,11,Nov,Q4,4.5
AMZ101782,CUST10427,2024-05-20,Yoga Mat,Sports,North,Rajasthan,Jaipur,2,27.99,0.279,40.36,9.98,3.2,9,Delivered,Net Banking,Corporate,2024,5,May,Q2,24.73
AMZ101783,CUST10275,2024-10-26,Fitness Tracker,Sports,West,Gujarat,Ahmedabad,1,57.12,0.262,0.0,0.0,4.0,4,Cancelled,Credit Card,Consumer,2024,10,Oct,Q4,0.0
AMZ101784,CUST10448,2025-11-05,Data Science Book,Books,South,Tamil Nadu,Coimbatore,1,45.28,0.04,43.47,11.71,3.2,4,Delivered,Net Banking,Corporate,2025,11,Nov,Q4,26.94
AMZ101785,CUST10902,2024-11-06,USB-C Hub,Electronics,South,Kerala,Kochi,1,31.17,0.052,29.55,-1.27,3.7,5,Returned,Amazon Pay,Corporate,2024,11,Nov,Q4,-4.3
AMZ101786,CUST10942,2025-04-15,Office Chair,Home,West,Maharashtra,Pune,1,168.19,0.107,150.19,21.63,3.4,4,Delivered,Amazon Pay,Home Office,2025,4,Apr,Q2,14.4
AMZ101787,CUST10884,2025-01-27,4K Smart TV,Electronics,West,Gujarat,Ahmedabad,1,540.92,0.087,493.86,60.06,3.9,5,Delivered,Credit Card,Corporate,2025,1,Jan,Q1,12.16
AMZ101788,CUST10742,2025-10-03,Wireless Headphones,Electronics,South,Karnataka,Bengaluru,1,77.43,0.184,0.0,0.0,3.8,2,Cancelled,UPI,Home Office,2025,10,Oct,Q4,0.0
AMZ101789,CUST10369,2025-03-20,Sneakers,Fashion,South,Telangana,Hyderabad,1,71.52,0.271,52.14,16.57,4.4,4,Delivered,Amazon Pay,Corporate,2025,3,Mar,Q1,31.78
AMZ101790,CUST10938,2024-06-20,Cotton T-Shirt,Fashion,North,Haryana,Gurugram,1,25.66,0.289,0.0,0.0,4.2,3,Cancelled,Amazon Pay,Home Office,2024,6,Jun,Q2,0.0
AMZ101791,CUST10220,2025-07-29,Backpack,Fashion,North,Haryana,Gurugram,1,45.52,0.196,36.6,7.78,3.1,1,Delivered,Debit Card,Home Office,2025,7,Jul,Q3,21.26
AMZ101792,CUST10577,2024-01-31,USB-C Hub,Electronics,North,Delhi,Delhi,1,31.29,0.251,23.44,-1.37,3.6,5,Delivered,Credit Card,Corporate,2024,1,Jan,Q1,-5.84
AMZ101793,CUST10867,2024-02-16,Wireless Headphones,Electronics,North,Delhi,Delhi,2,75.49,0.158,127.13,-3.75,4.1,4,Returned,UPI,Corporate,2024,2,Feb,Q1,-2.95
AMZ101794,CUST10232,2024-05-09,Cotton T-Shirt,Fashion,South,Karnataka,Bengaluru,2,24.9,0.062,46.71,12.57,3.5,3,Delivered,UPI,Consumer,2024,5,May,Q2,26.91
AMZ101795,CUST10328,2024-12-17,Sneakers,Fashion,North,Rajasthan,Jaipur,1,73.17,0.157,0.0,0.0,3.7,8,Cancelled,Amazon Pay,Home Office,2024,12,Dec,Q4,0.0
AMZ101796,CUST10443,2025-09-13,Desk Lamp,Home,North,Delhi,Delhi,2,36.87,0.167,61.43,5.29,3.7,4,Delivered,Net Banking,Consumer,2025,9,Sep,Q3,8.61
AMZ101797,CUST10052,2025-08-03,Running Shoes,Sports,West,Maharashtra,Mumbai,1,71.35,0.223,55.44,-0.6,4.4,6,Delivered,Credit Card,Corporate,2025,8,Aug,Q3,-1.08
AMZ101798,CUST10886,2024-02-27,Desk Lamp,Home,South,Tamil Nadu,Coimbatore,3,39.21,0.066,109.87,-5.34,3.9,3,Returned,Net Banking,Home Office,2024,2,Feb,Q1,-4.86
AMZ101799,CUST10943,2024-04-15,Smart Watch,Electronics,South,Telangana,Hyderabad,1,149.16,0.11,132.75,11.97,3.7,5,Delivered,Net Banking,Consumer,2024,4,Apr,Q2,9.02
AMZ101800,CUST10376,2024-11-25,Wireless Headphones,Electronics,South,Kerala,Kochi,1,76.49,0.109,0.0,0.0,4.8,4,Cancelled,UPI,Home Office,2024,11,Nov,Q4,0.0
AMZ101801,CUST10263,2025-11-13,Notebook Pack,Office,South,Karnataka,Bengaluru,1,16.84,0.288,11.99,0.91,4.4,6,Delivered,UPI,Consumer,2025,11,Nov,Q4,7.59
AMZ101802,CUST10267,2025-01-17,Cotton T-Shirt,Fashion,South,Tamil Nadu,Chennai,1,23.52,0.133,20.39,-1.99,3.8,7,Returned,Amazon Pay,Home Office,2025,1,Jan,Q1,-9.76
AMZ101803,CUST10359,2024-06-10,Smartphone X,Electronics,South,Kerala,Kochi,3,677.71,0.227,1571.61,128.86,4.6,5,Delivered,UPI,Home Office,2024,6,Jun,Q2,8.2
AMZ101804,CUST10317,2024-10-12,Air Fryer,Home,South,Kerala,Kochi,1,102.31,0.225,79.29,7.17,4.4,7,Delivered,Debit Card,Corporate,2024,10,Oct,Q4,9.04
AMZ101805,CUST10324,2024-03-11,Gaming Mouse,Electronics,West,Maharashtra,Pune,1,39.57,0.08,36.4,11.26,4.1,4,Delivered,Debit Card,Home Office,2024,3,Mar,Q1,30.93
AMZ101806,CUST10921,2025-03-29,Cookware Set,Home,South,Karnataka,Bengaluru,1,132.57,0.172,109.77,17.0,3.6,5,Delivered,UPI,Consumer,2025,3,Mar,Q1,15.49
AMZ101807,CUST10908,2025-07-20,USB-C Hub,Electronics,South,Karnataka,Bengaluru,1,29.67,0.268,21.72,-3.17,4.3,3,Delivered,Credit Card,Consumer,2025,7,Jul,Q3,-14.59
AMZ101808,CUST10666,2025-01-31,Yoga Mat,Sports,North,Haryana,Gurugram,1,26.17,0.143,22.43,1.03,3.3,5,Delivered,UPI,Home Office,2025,1,Jan,Q1,4.59
AMZ101809,CUST10870,2025-05-29,Running Shoes,Sports,East,West Bengal,Kolkata,1,70.17,0.284,50.24,8.39,4.6,6,Delivered,Amazon Pay,Home Office,2025,5,May,Q2,16.7
AMZ101810,CUST10878,2024-01-26,Wireless Headphones,Electronics,North,Rajasthan,Jaipur,2,81.31,0.064,152.21,24.81,3.9,2,Delivered,Amazon Pay,Home Office,2024,1,Jan,Q1,16.3
AMZ101811,CUST10652,2024-11-08,Coffee Maker,Home,East,West Bengal,Kolkata,1,118.64,0.022,116.03,22.06,4.7,4,Delivered,Debit Card,Home Office,2024,11,Nov,Q4,19.01
AMZ101812,CUST10939,2024-05-05,Mechanical Keyboard,Electronics,West,Maharashtra,Mumbai,1,90.58,0.267,0.0,0.0,3.2,6,Cancelled,UPI,Consumer,2024,5,May,Q2,0.0
AMZ101813,CUST10563,2025-02-11,Business Book,Books,South,Tamil Nadu,Chennai,2,34.86,0.254,52.01,-4.71,3.7,2,Returned,UPI,Corporate,2025,2,Feb,Q1,-9.06
AMZ101814,CUST10629,2025-07-18,4K Smart TV,Electronics,South,Kerala,Kochi,1,568.54,0.298,399.12,-4.31,4.1,11,Returned,Credit Card,Consumer,2025,7,Jul,Q3,-1.08
AMZ101815,CUST10421,2024-07-16,Novel Collection,Books,North,Haryana,Gurugram,1,53.1,0.204,0.0,0.0,4.1,6,Cancelled,Debit Card,Corporate,2024,7,Jul,Q3,0.0
AMZ101816,CUST10046,2024-07-06,4K Smart TV,Electronics,South,Tamil Nadu,Chennai,1,526.46,0.281,0.0,0.0,3.8,4,Cancelled,Net Banking,Home Office,2024,7,Jul,Q3,0.0
AMZ101817,CUST10821,2025-11-28,Office Chair,Home,South,Kerala,Kochi,2,172.76,0.248,259.83,31.68,4.5,3,Delivered,UPI,Corporate,2025,11,Nov,Q4,12.19
AMZ101818,CUST10600,2025-12-16,4K Smart TV,Electronics,West,Maharashtra,Mumbai,1,508.52,0.253,379.86,32.98,4.2,5,Delivered,UPI,Corporate,2025,12,Dec,Q4,8.68
AMZ101819,CUST10720,2025-04-28,Desk Lamp,Home,East,West Bengal,Kolkata,2,41.87,0.171,69.42,-2.88,3.0,2,Returned,Net Banking,Consumer,2025,4,Apr,Q2,-4.15
AMZ101820,CUST10889,2025-03-25,Backpack,Fashion,South,Karnataka,Bengaluru,2,45.79,0.115,81.05,21.55,3.5,8,Delivered,Debit Card,Consumer,2025,3,Mar,Q1,26.59
AMZ101821,CUST10269,2025-06-06,Business Book,Books,North,Delhi,Delhi,1,36.18,0.28,0.0,0.0,3.2,1,Cancelled,Amazon Pay,Corporate,2025,6,Jun,Q2,0.0
AMZ101822,CUST10601,2024-12-19,Desk Lamp,Home,North,Delhi,Delhi,1,39.1,0.13,34.02,8.85,3.8,9,Delivered,Debit Card,Consumer,2024,12,Dec,Q4,26.01
AMZ101823,CUST10381,2025-10-19,Yoga Mat,Sports,South,Tamil Nadu,Coimbatore,1,26.99,0.162,22.62,8.52,3.7,6,Delivered,UPI,Corporate,2025,10,Oct,Q4,37.67
AMZ101824,CUST10118,2025-08-19,Business Book,Books,West,Gujarat,Ahmedabad,1,36.93,0.134,31.98,-1.9,3.7,5,Returned,Credit Card,Corporate,2025,8,Aug,Q3,-5.94
AMZ101825,CUST10566,2024-04-09,Laptop Pro 14,Electronics,West,Maharashtra,Pune,2,832.83,0.169,1384.16,144.64,4.9,7,Delivered,Amazon Pay,Consumer,2024,4,Apr,Q2,10.45
AMZ101826,CUST10116,2025-09-07,Business Book,Books,North,Rajasthan,Jaipur,3,37.01,0.141,95.37,-5.51,4.0,4,Returned,Credit Card,Corporate,2025,9,Sep,Q3,-5.78
AMZ101827,CUST10630,2025-07-11,Notebook Pack,Office,West,Maharashtra,Mumbai,1,15.31,0.014,15.1,3.86,4.8,6,Delivered,Net Banking,Corporate,2025,7,Jul,Q3,25.56
AMZ101828,CUST10260,2025-07-09,Office Chair,Home,West,Maharashtra,Pune,1,192.57,0.265,0.0,0.0,4.1,3,Cancelled,Credit Card,Home Office,2025,7,Jul,Q3,0.0
AMZ101829,CUST10075,2024-10-04,Office Chair,Home,South,Tamil Nadu,Coimbatore,1,166.89,0.133,144.69,27.15,4.8,4,Delivered,Debit Card,Home Office,2024,10,Oct,Q4,18.76
AMZ101830,CUST10480,2025-11-23,Sneakers,Fashion,South,Tamil Nadu,Coimbatore,1,70.04,0.177,57.64,8.25,3.7,3,Delivered,Debit Card,Consumer,2025,11,Nov,Q4,14.31
AMZ101831,CUST10305,2025-11-29,Coffee Maker,Home,North,Rajasthan,Jaipur,1,122.8,0.042,117.64,20.45,3.7,1,Delivered,Amazon Pay,Consumer,2025,11,Nov,Q4,17.38
AMZ101832,CUST10007,2025-09-17,Backpack,Fashion,South,Kerala,Kochi,1,42.36,0.001,42.32,10.33,3.6,3,Delivered,UPI,Corporate,2025,9,Sep,Q3,24.41
AMZ101833,CUST10366,2025-05-05,4K Smart TV,Electronics,West,Maharashtra,Pune,1,589.21,0.074,545.61,-17.79,3.0,2,Returned,UPI,Home Office,2025,5,May,Q2,-3.26
AMZ101834,CUST10634,2024-09-11,Smartphone X,Electronics,East,West Bengal,Kolkata,1,674.65,0.211,532.3,-11.71,3.8,3,Returned,Amazon Pay,Home Office,2024,9,Sep,Q3,-2.2
AMZ101835,CUST10523,2025-01-15,Novel Collection,Books,North,Rajasthan,Jaipur,1,54.08,0.03,52.46,21.09,4.1,5,Delivered,UPI,Home Office,2025,1,Jan,Q1,40.2
AMZ101836,CUST10348,2025-06-25,Backpack,Fashion,South,Tamil Nadu,Coimbatore,2,41.84,0.273,60.84,14.73,4.5,6,Delivered,Debit Card,Corporate,2025,6,Jun,Q2,24.21
AMZ101837,CUST10438,2024-09-20,USB-C Hub,Electronics,East,West Bengal,Kolkata,2,30.01,0.065,0.0,0.0,3.9,4,Cancelled,Debit Card,Corporate,2024,9,Sep,Q3,0.0
AMZ101838,CUST10215,2025-09-01,Fitness Tracker,Sports,South,Karnataka,Bengaluru,1,58.06,0.061,54.52,13.85,4.7,6,Delivered,Credit Card,Corporate,2025,9,Sep,Q3,25.4
AMZ101839,CUST10429,2024-11-24,Laptop Pro 14,Electronics,North,Haryana,Gurugram,1,850.66,0.054,804.72,114.26,4.0,3,Delivered,Credit Card,Consumer,2024,11,Nov,Q4,14.2
AMZ101840,CUST10791,2024-04-24,Gaming Mouse,Electronics,East,West Bengal,Kolkata,1,41.7,0.004,0.0,0.0,3.6,5,Cancelled,UPI,Home Office,2024,4,Apr,Q2,0.0
AMZ101841,CUST10498,2024-10-02,Coffee Maker,Home,South,Kerala,Kochi,1,123.99,0.232,95.22,17.0,4.5,4,Delivered,Credit Card,Home Office,2024,10,Oct,Q4,17.85
AMZ101842,CUST10540,2025-05-02,Coffee Maker,Home,North,Delhi,Delhi,1,121.17,0.263,89.3,-2.15,4.1,1,Returned,Debit Card,Corporate,2025,5,May,Q2,-2.41
AMZ101843,CUST10747,2024-10-07,Cookware Set,Home,West,Maharashtra,Pune,2,124.44,0.184,203.09,-8.76,4.0,2,Returned,UPI,Corporate,2024,10,Oct,Q4,-4.31
AMZ101844,CUST10367,2024-10-01,Fitness Tracker,Sports,South,Kerala,Kochi,1,56.63,0.056,53.46,-3.33,4.0,2,Returned,Net Banking,Consumer,2024,10,Oct,Q4,-6.23
AMZ101845,CUST10313,2025-12-19,Desk Organizer,Office,West,Gujarat,Ahmedabad,1,23.58,0.086,21.55,-0.57,3.2,6,Returned,Amazon Pay,Corporate,2025,12,Dec,Q4,-2.65
AMZ101846,CUST10538,2024-11-23,Wireless Headphones,Electronics,South,Telangana,Hyderabad,1,79.53,0.143,68.16,-0.1,4.1,4,Returned,Amazon Pay,Corporate,2024,11,Nov,Q4,-0.15
AMZ101847,CUST10921,2024-07-29,Sneakers,Fashion,South,Tamil Nadu,Coimbatore,1,72.67,0.286,51.89,6.18,4.2,1,Delivered,UPI,Home Office,2024,7,Jul,Q3,11.91
AMZ101848,CUST10054,2025-12-27,Wireless Headphones,Electronics,North,Rajasthan,Jaipur,1,76.14,0.074,0.0,0.0,4.9,5,Cancelled,Credit Card,Corporate,2025,12,Dec,Q4,0.0
AMZ101849,CUST10541,2025-07-05,4K Smart TV,Electronics,West,Maharashtra,Mumbai,3,546.32,0.219,1280.03,111.99,4.6,4,Delivered,Debit Card,Home Office,2025,7,Jul,Q3,8.75
AMZ101850,CUST10467,2024-01-26,Desk Lamp,Home,West,Gujarat,Ahmedabad,1,41.21,0.132,35.77,11.91,4.4,3,Delivered,UPI,Corporate,2024,1,Jan,Q1,33.3
AMZ101851,CUST10865,2024-01-27,Smartphone X,Electronics,North,Delhi,Delhi,1,654.05,0.089,595.84,74.97,3.9,5,Delivered,Amazon Pay,Consumer,2024,1,Jan,Q1,12.58
AMZ101852,CUST10164,2025-12-02,Cotton T-Shirt,Fashion,East,West Bengal,Kolkata,1,25.07,0.137,21.64,5.16,3.8,5,Delivered,Credit Card,Consumer,2025,12,Dec,Q4,23.84
AMZ101853,CUST10782,2024-03-23,Running Shoes,Sports,North,Haryana,Gurugram,2,75.55,0.021,147.93,42.56,3.5,1,Delivered,Credit Card,Home Office,2024,3,Mar,Q1,28.77
AMZ101854,CUST10334,2025-11-12,USB-C Hub,Electronics,South,Kerala,Kochi,1,30.38,0.24,23.09,5.69,3.5,3,Delivered,Credit Card,Corporate,2025,11,Nov,Q4,24.64
AMZ101855,CUST10547,2025-02-16,Coffee Maker,Home,South,Karnataka,Bengaluru,1,119.6,0.073,110.87,24.93,3.8,5,Delivered,Net Banking,Home Office,2025,2,Feb,Q1,22.49
AMZ101856,CUST10798,2024-06-15,Desk Organizer,Office,South,Telangana,Hyderabad,2,22.39,0.218,35.02,7.36,3.5,4,Delivered,Net Banking,Consumer,2024,6,Jun,Q2,21.02
AMZ101857,CUST10348,2025-11-30,Fitness Tracker,Sports,South,Tamil Nadu,Chennai,1,54.46,0.021,53.32,8.75,3.6,4,Delivered,UPI,Corporate,2025,11,Nov,Q4,16.41
AMZ101858,CUST10273,2024-06-17,Novel Collection,Books,West,Gujarat,Ahmedabad,1,57.09,0.287,40.71,7.92,4.2,4,Delivered,Credit Card,Corporate,2024,6,Jun,Q2,19.45
AMZ101859,CUST10720,2024-08-16,Wireless Headphones,Electronics,North,Haryana,Gurugram,1,76.31,0.058,71.88,14.6,3.4,3,Delivered,Debit Card,Home Office,2024,8,Aug,Q3,20.31
AMZ101860,CUST10750,2025-08-31,Coffee Maker,Home,South,Tamil Nadu,Chennai,1,127.79,0.265,93.93,8.0,4.7,4,Delivered,Amazon Pay,Corporate,2025,8,Aug,Q3,8.52
AMZ101861,CUST10414,2025-01-01,Sneakers,Fashion,South,Telangana,Hyderabad,1,67.03,0.243,50.74,-2.91,3.7,2,Returned,Net Banking,Corporate,2025,1,Jan,Q1,-5.74
AMZ101862,CUST10500,2025-06-11,Novel Collection,Books,West,Maharashtra,Mumbai,1,52.69,0.29,0.0,0.0,3.7,4,Cancelled,Net Banking,Home Office,2025,6,Jun,Q2,0.0
AMZ101863,CUST10093,2025-10-08,Business Book,Books,West,Maharashtra,Mumbai,1,37.52,0.143,32.15,2.67,4.1,2,Delivered,Credit Card,Home Office,2025,10,Oct,Q4,8.3
AMZ101864,CUST10685,2025-06-21,Fitness Tracker,Sports,West,Maharashtra,Pune,1,62.86,0.218,49.16,8.71,4.0,2,Delivered,Amazon Pay,Corporate,2025,6,Jun,Q2,17.72
AMZ101865,CUST10079,2025-06-07,Smartphone X,Electronics,South,Telangana,Hyderabad,1,648.72,0.111,576.71,71.12,3.4,4,Delivered,UPI,Home Office,2025,6,Jun,Q2,12.33
AMZ101866,CUST10622,2024-03-12,Desk Lamp,Home,South,Telangana,Hyderabad,1,36.9,0.055,34.87,3.79,3.3,4,Delivered,UPI,Corporate,2024,3,Mar,Q1,10.87
AMZ101867,CUST10217,2025-10-06,Backpack,Fashion,South,Tamil Nadu,Chennai,1,44.3,0.133,38.41,6.13,3.1,2,Delivered,Amazon Pay,Home Office,2025,10,Oct,Q4,15.96
AMZ101868,CUST10947,2024-04-15,Notebook Pack,Office,North,Haryana,Gurugram,2,15.79,0.05,0.0,0.0,4.3,4,Cancelled,Amazon Pay,Corporate,2024,4,Apr,Q2,0.0
AMZ101869,CUST10358,2025-11-19,Data Science Book,Books,South,Kerala,Kochi,1,46.6,0.295,0.0,0.0,3.8,9,Cancelled,Amazon Pay,Consumer,2025,11,Nov,Q4,0.0
AMZ101870,CUST10618,2024-10-08,Coffee Maker,Home,North,Rajasthan,Jaipur,1,109.5,0.029,106.32,15.32,4.1,4,Delivered,Net Banking,Consumer,2024,10,Oct,Q4,14.41
AMZ101871,CUST10507,2024-05-12,Air Fryer,Home,South,Tamil Nadu,Chennai,1,98.84,0.177,81.35,8.43,3.1,3,Delivered,Amazon Pay,Corporate,2024,5,May,Q2,10.36
AMZ101872,CUST10559,2025-06-17,Mechanical Keyboard,Electronics,South,Karnataka,Bengaluru,1,97.22,0.188,78.94,9.77,5.0,2,Delivered,Credit Card,Corporate,2025,6,Jun,Q2,12.38
AMZ101873,CUST10181,2024-09-25,Novel Collection,Books,West,Maharashtra,Mumbai,1,49.7,0.161,0.0,0.0,4.5,1,Cancelled,Net Banking,Home Office,2024,9,Sep,Q3,0.0
AMZ101874,CUST10576,2025-02-15,Gaming Mouse,Electronics,West,Maharashtra,Mumbai,1,40.5,0.199,32.44,5.29,4.9,5,Delivered,UPI,Home Office,2025,2,Feb,Q1,16.31
AMZ101875,CUST10246,2025-11-03,Cookware Set,Home,West,Maharashtra,Pune,1,123.46,0.035,0.0,0.0,3.6,3,Cancelled,Credit Card,Home Office,2025,11,Nov,Q4,0.0
AMZ101876,CUST10244,2025-09-10,Bluetooth Speaker,Electronics,South,Kerala,Kochi,1,67.85,0.167,56.52,4.75,4.8,6,Delivered,Debit Card,Consumer,2025,9,Sep,Q3,8.4
AMZ101877,CUST10506,2024-01-18,Mechanical Keyboard,Electronics,South,Karnataka,Bengaluru,2,97.13,0.086,0.0,0.0,4.7,4,Cancelled,Credit Card,Corporate,2024,1,Jan,Q1,0.0
AMZ101878,CUST10422,2024-04-26,Smartphone X,Electronics,West,Maharashtra,Mumbai,1,705.17,0.282,0.0,0.0,4.7,5,Cancelled,Net Banking,Home Office,2024,4,Apr,Q2,0.0
AMZ101879,CUST10320,2024-05-23,Laptop Pro 14,Electronics,South,Tamil Nadu,Chennai,1,927.0,0.229,714.72,60.24,4.3,3,Delivered,Credit Card,Home Office,2024,5,May,Q2,8.43
AMZ101880,CUST10087,2025-12-17,Gaming Mouse,Electronics,South,Karnataka,Bengaluru,1,43.88,0.292,31.07,3.96,4.1,5,Delivered,Amazon Pay,Home Office,2025,12,Dec,Q4,12.75
AMZ101881,CUST10217,2025-07-04,Coffee Maker,Home,South,Tamil Nadu,Chennai,1,113.62,0.011,112.37,-6.66,5.0,1,Returned,UPI,Home Office,2025,7,Jul,Q3,-5.93
AMZ101882,CUST10490,2025-10-27,Wireless Headphones,Electronics,North,Rajasthan,Jaipur,1,82.86,0.086,75.73,9.5,4.0,5,Delivered,UPI,Home Office,2025,10,Oct,Q4,12.54
AMZ101883,CUST10519,2025-11-18,Smartphone X,Electronics,North,Rajasthan,Jaipur,1,671.08,0.059,631.49,90.07,3.6,6,Delivered,Credit Card,Corporate,2025,11,Nov,Q4,14.26
AMZ101884,CUST10278,2025-02-25,Desk Lamp,Home,West,Maharashtra,Mumbai,1,40.68,0.003,40.56,-2.35,3.7,6,Returned,Credit Card,Home Office,2025,2,Feb,Q1,-5.79
AMZ101885,CUST10849,2025-01-03,Bluetooth Speaker,Electronics,West,Maharashtra,Mumbai,2,61.73,0.073,114.45,12.53,3.6,4,Delivered,UPI,Corporate,2025,1,Jan,Q1,10.95
AMZ101886,CUST10722,2025-10-07,Notebook Pack,Office,North,Haryana,Gurugram,2,15.44,0.204,24.58,4.58,3.5,3,Delivered,UPI,Consumer,2025,10,Oct,Q4,18.63
AMZ101887,CUST10169,2025-07-11,Backpack,Fashion,North,Rajasthan,Jaipur,1,42.4,0.069,39.47,-2.63,4.3,3,Returned,Debit Card,Consumer,2025,7,Jul,Q3,-6.66
AMZ101888,CUST10330,2024-02-19,Office Chair,Home,South,Kerala,Kochi,1,184.82,0.153,156.54,24.31,3.8,5,Delivered,UPI,Consumer,2024,2,Feb,Q1,15.53
AMZ101889,CUST10650,2025-11-08,Coffee Maker,Home,South,Kerala,Kochi,2,119.98,0.266,176.13,23.55,4.1,5,Delivered,Debit Card,Corporate,2025,11,Nov,Q4,13.37
AMZ101890,CUST10441,2024-04-15,Backpack,Fashion,West,Gujarat,Ahmedabad,1,46.53,0.208,36.85,-0.44,4.7,1,Returned,Debit Card,Consumer,2024,4,Apr,Q2,-1.19
AMZ101891,CUST10391,2024-08-03,Air Fryer,Home,West,Gujarat,Ahmedabad,1,94.41,0.118,83.27,16.5,4.3,1,Delivered,Net Banking,Corporate,2024,8,Aug,Q3,19.82
AMZ101892,CUST10496,2025-10-19,Smart Watch,Electronics,West,Maharashtra,Pune,1,157.18,0.112,139.58,23.65,3.8,4,Delivered,Debit Card,Corporate,2025,10,Oct,Q4,16.94
AMZ101893,CUST10381,2025-02-28,Sneakers,Fashion,North,Rajasthan,Jaipur,1,65.07,0.137,56.16,-4.62,3.6,2,Returned,Amazon Pay,Home Office,2025,2,Feb,Q1,-8.23
AMZ101894,CUST10306,2024-03-12,Bluetooth Speaker,Electronics,South,Tamil Nadu,Chennai,1,62.09,0.053,0.0,0.0,4.4,4,Cancelled,Debit Card,Consumer,2024,3,Mar,Q1,0.0
AMZ101895,CUST10742,2025-03-21,Desk Lamp,Home,South,Tamil Nadu,Chennai,1,36.36,0.19,29.45,5.78,4.7,5,Delivered,Net Banking,Consumer,2025,3,Mar,Q1,19.63
AMZ101896,CUST10820,2024-07-04,Data Science Book,Books,North,Delhi,Delhi,1,45.83,0.109,40.83,12.35,4.5,5,Delivered,UPI,Corporate,2024,7,Jul,Q3,30.25
AMZ101897,CUST10673,2024-03-10,Smart Watch,Electronics,South,Karnataka,Bengaluru,1,144.37,0.256,107.41,8.71,4.0,1,Delivered,UPI,Corporate,2024,3,Mar,Q1,8.11
AMZ101898,CUST10513,2024-05-29,Coffee Maker,Home,East,West Bengal,Kolkata,2,115.83,0.227,179.07,-5.02,4.6,4,Returned,Credit Card,Consumer,2024,5,May,Q2,-2.8
AMZ101899,CUST10748,2024-09-02,Sneakers,Fashion,West,Gujarat,Ahmedabad,1,72.6,0.183,59.31,13.06,4.1,5,Delivered,UPI,Corporate,2024,9,Sep,Q3,22.02
AMZ101900,CUST10949,2025-06-21,Office Chair,Home,West,Maharashtra,Mumbai,1,168.9,0.109,150.49,-6.42,4.3,4,Returned,Debit Card,Home Office,2025,6,Jun,Q2,-4.27
AMZ101901,CUST10188,2025-10-13,Novel Collection,Books,West,Maharashtra,Pune,1,57.62,0.063,53.99,20.17,3.0,6,Delivered,Credit Card,Consumer,2025,10,Oct,Q4,37.36
AMZ101902,CUST10930,2024-04-08,USB-C Hub,Electronics,South,Kerala,Kochi,1,29.57,0.233,22.68,5.25,4.4,6,Delivered,Credit Card,Corporate,2024,4,Apr,Q2,23.15
AMZ101903,CUST10516,2024-10-04,Smartphone X,Electronics,East,West Bengal,Kolkata,2,645.39,0.146,1102.33,109.12,3.3,6,Delivered,Net Banking,Home Office,2024,10,Oct,Q4,9.9
AMZ101904,CUST10913,2025-07-16,Backpack,Fashion,South,Telangana,Hyderabad,1,46.86,0.067,43.72,9.11,5.0,5,Delivered,Debit Card,Consumer,2025,7,Jul,Q3,20.84
AMZ101905,CUST10644,2025-10-24,Data Science Book,Books,West,Maharashtra,Pune,1,49.93,0.059,0.0,0.0,4.5,4,Cancelled,UPI,Home Office,2025,10,Oct,Q4,0.0
AMZ101906,CUST10427,2025-03-30,Notebook Pack,Office,South,Telangana,Hyderabad,1,15.07,0.05,14.32,8.05,4.4,6,Delivered,Debit Card,Consumer,2025,3,Mar,Q1,56.22
AMZ101907,CUST10502,2024-04-13,Smartphone X,Electronics,South,Tamil Nadu,Coimbatore,1,653.53,0.233,0.0,0.0,4.1,3,Cancelled,Net Banking,Corporate,2024,4,Apr,Q2,0.0
AMZ101908,CUST10730,2025-08-23,Novel Collection,Books,North,Rajasthan,Jaipur,1,52.84,0.069,49.19,24.23,3.4,1,Delivered,Net Banking,Home Office,2025,8,Aug,Q3,49.26
AMZ101909,CUST10260,2025-10-14,Sneakers,Fashion,South,Telangana,Hyderabad,1,63.84,0.158,53.75,9.2,3.8,4,Delivered,Amazon Pay,Consumer,2025,10,Oct,Q4,17.12
AMZ101910,CUST10513,2025-12-25,Coffee Maker,Home,South,Telangana,Hyderabad,1,119.34,0.135,103.23,-2.22,2.9,9,Returned,Credit Card,Corporate,2025,12,Dec,Q4,-2.15
AMZ101911,CUST10071,2024-08-20,Bluetooth Speaker,Electronics,South,Tamil Nadu,Coimbatore,1,62.85,0.174,51.91,13.64,3.2,4,Delivered,Debit Card,Home Office,2024,8,Aug,Q3,26.28
AMZ101912,CUST10478,2025-01-28,Sneakers,Fashion,North,Haryana,Gurugram,1,68.93,0.263,50.8,6.23,3.0,5,Delivered,UPI,Home Office,2025,1,Jan,Q1,12.26
AMZ101913,CUST10178,2025-05-15,USB-C Hub,Electronics,North,Haryana,Gurugram,1,28.92,0.26,21.4,0.49,4.0,4,Delivered,Amazon Pay,Corporate,2025,5,May,Q2,2.29
AMZ101914,CUST10457,2025-11-25,Desk Lamp,Home,North,Haryana,Gurugram,2,37.81,0.135,65.41,15.8,4.2,4,Delivered,UPI,Consumer,2025,11,Nov,Q4,24.16
AMZ101915,CUST10189,2024-09-07,Backpack,Fashion,North,Rajasthan,Jaipur,2,42.56,0.005,84.69,-5.39,4.4,1,Returned,Amazon Pay,Consumer,2024,9,Sep,Q3,-6.36
AMZ101916,CUST10291,2025-06-04,Novel Collection,Books,East,West Bengal,Kolkata,2,55.87,0.128,97.44,26.85,3.6,3,Delivered,Credit Card,Consumer,2025,6,Jun,Q2,27.56
AMZ101917,CUST10520,2024-03-19,4K Smart TV,Electronics,West,Maharashtra,Pune,3,559.98,0.182,1374.19,130.33,4.0,4,Delivered,Credit Card,Consumer,2024,3,Mar,Q1,9.48
AMZ101918,CUST10765,2024-02-21,Running Shoes,Sports,West,Maharashtra,Pune,1,75.52,0.167,62.91,-2.94,5.0,6,Returned,Amazon Pay,Corporate,2024,2,Feb,Q1,-4.67
AMZ101919,CUST10920,2024-08-13,Gaming Mouse,Electronics,West,Maharashtra,Mumbai,1,41.62,0.195,33.5,-1.11,4.1,1,Returned,Debit Card,Corporate,2024,8,Aug,Q3,-3.31
AMZ101920,CUST10292,2024-02-20,Air Fryer,Home,North,Haryana,Gurugram,1,104.76,0.046,99.94,19.15,3.8,8,Delivered,Debit Card,Consumer,2024,2,Feb,Q1,19.16
AMZ101921,CUST10946,2024-07-04,Bluetooth Speaker,Electronics,North,Rajasthan,Jaipur,2,64.7,0.194,104.3,10.62,4.1,4,Delivered,Debit Card,Home Office,2024,7,Jul,Q3,10.18
AMZ101922,CUST10756,2024-02-03,Business Book,Books,West,Maharashtra,Mumbai,1,37.69,0.055,35.62,12.1,4.0,4,Delivered,Amazon Pay,Home Office,2024,2,Feb,Q1,33.97
AMZ101923,CUST10635,2024-05-10,Business Book,Books,South,Karnataka,Bengaluru,3,33.72,0.225,78.4,23.69,3.2,5,Delivered,Credit Card,Corporate,2024,5,May,Q2,30.22
AMZ101924,CUST10811,2025-09-23,Data Science Book,Books,West,Maharashtra,Mumbai,1,47.47,0.102,42.63,16.63,4.2,5,Delivered,Credit Card,Home Office,2025,9,Sep,Q3,39.01
AMZ101925,CUST10283,2025-03-18,Data Science Book,Books,East,West Bengal,Kolkata,2,49.77,0.213,78.34,-4.5,4.5,7,Returned,Credit Card,Home Office,2025,3,Mar,Q1,-5.74
AMZ101926,CUST10544,2025-03-07,Wireless Headphones,Electronics,West,Gujarat,Ahmedabad,1,79.17,0.014,78.06,-1.63,4.1,5,Returned,Credit Card,Corporate,2025,3,Mar,Q1,-2.09
AMZ101927,CUST10846,2025-12-04,Notebook Pack,Office,South,Telangana,Hyderabad,1,16.11,0.122,14.14,-0.58,4.0,4,Returned,Amazon Pay,Corporate,2025,12,Dec,Q4,-4.1
AMZ101928,CUST10377,2025-05-11,Smart Watch,Electronics,North,Haryana,Gurugram,2,160.26,0.212,252.57,15.63,4.9,7,Delivered,Net Banking,Home Office,2025,5,May,Q2,6.19
AMZ101929,CUST10658,2025-02-06,Fitness Tracker,Sports,South,Tamil Nadu,Coimbatore,1,55.96,0.068,52.15,11.05,3.7,4,Delivered,Debit Card,Consumer,2025,2,Feb,Q1,21.19
AMZ101930,CUST10156,2024-11-18,Cotton T-Shirt,Fashion,West,Gujarat,Ahmedabad,2,25.83,0.239,39.31,7.9,3.8,1,Delivered,Amazon Pay,Corporate,2024,11,Nov,Q4,20.1
AMZ101931,CUST10508,2024-07-28,Desk Lamp,Home,South,Kerala,Kochi,1,37.65,0.189,30.53,3.17,3.9,7,Delivered,Net Banking,Consumer,2024,7,Jul,Q3,10.38
AMZ101932,CUST10413,2025-09-06,Smart Watch,Electronics,West,Maharashtra,Mumbai,1,148.12,0.176,122.05,7.91,3.6,4,Delivered,UPI,Corporate,2025,9,Sep,Q3,6.48
AMZ101933,CUST10528,2024-11-24,Data Science Book,Books,North,Rajasthan,Jaipur,1,51.58,0.106,46.11,13.56,4.0,3,Delivered,UPI,Consumer,2024,11,Nov,Q4,29.41
AMZ101934,CUST10355,2025-01-06,Office Chair,Home,South,Telangana,Hyderabad,1,169.81,0.145,145.19,24.84,3.0,6,Delivered,Credit Card,Home Office,2025,1,Jan,Q1,17.11
AMZ101935,CUST10559,2025-04-04,Office Chair,Home,West,Maharashtra,Pune,1,169.91,0.179,139.5,22.43,3.5,6,Delivered,Amazon Pay,Corporate,2025,4,Apr,Q2,16.08
AMZ101936,CUST10763,2024-05-12,Sneakers,Fashion,South,Tamil Nadu,Chennai,1,62.64,0.142,53.75,7.6,4.1,4,Delivered,Debit Card,Corporate,2024,5,May,Q2,14.14
AMZ101937,CUST10187,2025-10-12,Coffee Maker,Home,South,Telangana,Hyderabad,1,122.37,0.209,96.79,12.66,5.0,5,Delivered,Credit Card,Corporate,2025,10,Oct,Q4,13.08
AMZ101938,CUST10031,2024-04-30,Gaming Mouse,Electronics,East,West Bengal,Kolkata,1,39.34,0.13,0.0,0.0,3.9,4,Cancelled,Net Banking,Home Office,2024,4,Apr,Q2,0.0
AMZ101939,CUST10260,2025-08-28,Fitness Tracker,Sports,South,Kerala,Kochi,1,56.65,0.061,53.19,-4.09,4.4,2,Returned,Amazon Pay,Corporate,2025,8,Aug,Q3,-7.69
AMZ101940,CUST10421,2025-03-27,Cotton T-Shirt,Fashion,East,West Bengal,Kolkata,1,23.13,0.064,0.0,0.0,3.5,6,Cancelled,UPI,Home Office,2025,3,Mar,Q1,0.0
AMZ101941,CUST10529,2024-05-08,Bluetooth Speaker,Electronics,West,Maharashtra,Mumbai,2,65.45,0.002,130.64,24.3,3.6,2,Delivered,Net Banking,Home Office,2024,5,May,Q2,18.6
AMZ101942,CUST10551,2024-03-31,Laptop Pro 14,Electronics,South,Karnataka,Bengaluru,1,912.16,0.09,830.07,-25.29,3.2,1,Returned,Net Banking,Home Office,2024,3,Mar,Q1,-3.05
AMZ101943,CUST10304,2025-08-26,Gaming Mouse,Electronics,East,West Bengal,Kolkata,1,39.33,0.225,30.48,5.15,3.0,5,Delivered,Credit Card,Consumer,2025,8,Aug,Q3,16.9
AMZ101944,CUST10942,2025-07-28,Running Shoes,Sports,East,West Bengal,Kolkata,1,66.65,0.238,50.79,0.95,2.8,2,Delivered,Credit Card,Consumer,2025,7,Jul,Q3,1.87
AMZ101945,CUST10944,2024-01-29,Smart Watch,Electronics,North,Rajasthan,Jaipur,1,142.39,0.061,133.7,-5.98,3.8,4,Returned,Credit Card,Home Office,2024,1,Jan,Q1,-4.47
AMZ101946,CUST10039,2025-12-22,Fitness Tracker,Sports,West,Maharashtra,Mumbai,1,56.44,0.288,0.0,0.0,2.4,6,Cancelled,Amazon Pay,Corporate,2025,12,Dec,Q4,0.0
AMZ101947,CUST10489,2025-06-07,Business Book,Books,South,Telangana,Hyderabad,3,37.32,0.151,95.05,-4.82,4.1,6,Returned,Debit Card,Consumer,2025,6,Jun,Q2,-5.07
AMZ101948,CUST10644,2024-11-28,Cookware Set,Home,South,Karnataka,Bengaluru,2,135.51,0.275,0.0,0.0,3.5,3,Cancelled,Debit Card,Consumer,2024,11,Nov,Q4,0.0
AMZ101949,CUST10542,2024-10-23,Notebook Pack,Office,West,Gujarat,Ahmedabad,1,15.07,0.212,11.88,3.41,4.0,3,Delivered,Amazon Pay,Home Office,2024,10,Oct,Q4,28.7
AMZ101950,CUST10670,2024-05-09,Running Shoes,Sports,South,Tamil Nadu,Chennai,1,74.34,0.217,58.21,-2.37,4.8,4,Returned,Credit Card,Home Office,2024,5,May,Q2,-4.07
AMZ101951,CUST10278,2024-10-19,Desk Lamp,Home,North,Haryana,Gurugram,2,39.39,0.026,76.73,8.23,3.9,4,Delivered,Net Banking,Home Office,2024,10,Oct,Q4,10.73
AMZ101952,CUST10203,2024-06-21,Backpack,Fashion,West,Maharashtra,Pune,1,42.17,0.066,39.39,10.45,4.3,6,Delivered,UPI,Consumer,2024,6,Jun,Q2,26.53
AMZ101953,CUST10066,2025-12-20,Bluetooth Speaker,Electronics,East,West Bengal,Kolkata,1,66.08,0.003,65.88,15.69,3.8,1,Delivered,Debit Card,Consumer,2025,12,Dec,Q4,23.82
AMZ101954,CUST10108,2024-01-24,Sneakers,Fashion,West,Maharashtra,Mumbai,1,62.93,0.215,49.4,12.72,4.5,4,Delivered,Credit Card,Consumer,2024,1,Jan,Q1,25.75
AMZ101955,CUST10268,2024-04-08,Coffee Maker,Home,North,Haryana,Gurugram,1,116.58,0.103,0.0,0.0,4.4,4,Cancelled,Amazon Pay,Home Office,2024,4,Apr,Q2,0.0
AMZ101956,CUST10222,2025-02-09,Air Fryer,Home,West,Maharashtra,Pune,3,93.2,0.236,213.61,25.31,4.7,2,Delivered,Debit Card,Corporate,2025,2,Feb,Q1,11.85
AMZ101957,CUST10804,2024-12-21,Business Book,Books,West,Maharashtra,Pune,1,37.76,0.102,0.0,0.0,4.1,3,Cancelled,Credit Card,Home Office,2024,12,Dec,Q4,0.0
AMZ101958,CUST10530,2024-05-18,Business Book,Books,West,Gujarat,Ahmedabad,1,33.54,0.246,25.29,11.94,4.2,3,Delivered,Debit Card,Corporate,2024,5,May,Q2,47.21
AMZ101959,CUST10090,2025-05-17,Novel Collection,Books,West,Gujarat,Ahmedabad,1,57.21,0.039,54.98,10.52,4.3,4,Delivered,UPI,Home Office,2025,5,May,Q2,19.13
AMZ101960,CUST10693,2024-06-22,Laptop Pro 14,Electronics,West,Gujarat,Ahmedabad,2,853.37,0.052,1617.99,225.56,2.9,3,Delivered,Net Banking,Home Office,2024,6,Jun,Q2,13.94
AMZ101961,CUST10255,2024-01-29,Yoga Mat,Sports,South,Tamil Nadu,Coimbatore,2,27.6,0.102,49.57,14.17,4.5,5,Delivered,Credit Card,Consumer,2024,1,Jan,Q1,28.59
AMZ101962,CUST10455,2025-05-10,Smart Watch,Electronics,North,Delhi,Delhi,1,159.21,0.123,139.63,21.98,4.3,3,Delivered,Net Banking,Corporate,2025,5,May,Q2,15.74
AMZ101963,CUST10253,2025-10-16,Office Chair,Home,North,Delhi,Delhi,1,169.6,0.105,151.79,-6.57,2.9,6,Returned,Net Banking,Home Office,2025,10,Oct,Q4,-4.33
AMZ101964,CUST10257,2024-12-16,Laptop Pro 14,Electronics,West,Maharashtra,Pune,1,837.71,0.229,645.87,54.43,3.8,5,Delivered,Debit Card,Consumer,2024,12,Dec,Q4,8.43
AMZ101965,CUST10383,2025-07-07,Wireless Headphones,Electronics,West,Gujarat,Ahmedabad,2,83.13,0.029,161.44,30.6,3.7,7,Delivered,Debit Card,Corporate,2025,7,Jul,Q3,18.95
AMZ101966,CUST10442,2024-10-25,Laptop Pro 14,Electronics,North,Rajasthan,Jaipur,2,904.3,0.105,1618.7,204.28,3.6,4,Delivered,UPI,Corporate,2024,10,Oct,Q4,12.62
AMZ101967,CUST10858,2025-12-20,Laptop Pro 14,Electronics,East,West Bengal,Kolkata,1,853.12,0.251,638.99,48.7,4.5,4,Delivered,UPI,Home Office,2025,12,Dec,Q4,7.62
AMZ101968,CUST10599,2024-07-10,Running Shoes,Sports,North,Haryana,Gurugram,1,66.83,0.02,65.49,11.75,3.6,3,Delivered,Debit Card,Home Office,2024,7,Jul,Q3,17.94
AMZ101969,CUST10090,2025-11-02,Cotton T-Shirt,Fashion,North,Haryana,Gurugram,1,23.23,0.283,16.66,2.54,4.4,7,Delivered,UPI,Corporate,2025,11,Nov,Q4,15.25
AMZ101970,CUST10749,2024-03-04,Laptop Pro 14,Electronics,North,Delhi,Delhi,1,954.71,0.296,672.12,42.11,4.1,5,Delivered,Debit Card,Corporate,2024,3,Mar,Q1,6.27
AMZ101971,CUST10390,2025-10-25,Cotton T-Shirt,Fashion,West,Maharashtra,Pune,1,23.69,0.027,23.05,1.8,4.5,4,Delivered,Amazon Pay,Corporate,2025,10,Oct,Q4,7.81
AMZ101972,CUST10582,2024-08-02,Novel Collection,Books,West,Maharashtra,Mumbai,1,52.17,0.087,47.63,17.79,3.7,1,Delivered,Net Banking,Consumer,2024,8,Aug,Q3,37.35
AMZ101973,CUST10044,2024-06-14,Business Book,Books,South,Telangana,Hyderabad,1,32.3,0.112,28.68,6.46,4.0,3,Delivered,Net Banking,Corporate,2024,6,Jun,Q2,22.52
AMZ101974,CUST10712,2025-06-26,USB-C Hub,Electronics,South,Telangana,Hyderabad,1,30.19,0.233,23.16,-1.21,3.8,4,Returned,Amazon Pay,Consumer,2025,6,Jun,Q2,-5.22
AMZ101975,CUST10664,2024-08-19,Wireless Headphones,Electronics,North,Delhi,Delhi,1,78.11,0.179,64.13,-1.35,3.6,6,Returned,Amazon Pay,Consumer,2024,8,Aug,Q3,-2.11
AMZ101976,CUST10598,2025-06-24,Gaming Mouse,Electronics,West,Maharashtra,Mumbai,1,41.25,0.193,33.29,-3.33,4.1,5,Delivered,Net Banking,Consumer,2025,6,Jun,Q2,-10.0
AMZ101977,CUST10019,2024-07-13,USB-C Hub,Electronics,South,Tamil Nadu,Coimbatore,1,28.17,0.227,21.78,-0.43,3.4,3,Delivered,Debit Card,Corporate,2024,7,Jul,Q3,-1.97
AMZ101978,CUST10101,2025-05-20,Sneakers,Fashion,South,Tamil Nadu,Coimbatore,1,71.91,0.035,0.0,0.0,3.9,8,Cancelled,Debit Card,Home Office,2025,5,May,Q2,0.0
AMZ101979,CUST10914,2024-11-29,Office Chair,Home,North,Delhi,Delhi,1,191.09,0.25,143.32,23.25,4.0,7,Delivered,Credit Card,Corporate,2024,11,Nov,Q4,16.22
AMZ101980,CUST10607,2024-10-30,Coffee Maker,Home,South,Telangana,Hyderabad,1,125.77,0.212,99.11,-2.96,4.1,5,Returned,Debit Card,Home Office,2024,10,Oct,Q4,-2.99
AMZ101981,CUST10766,2025-03-12,Wireless Headphones,Electronics,West,Maharashtra,Mumbai,1,84.25,0.173,0.0,0.0,2.9,3,Cancelled,Credit Card,Home Office,2025,3,Mar,Q1,0.0
AMZ101982,CUST10357,2024-11-18,Yoga Mat,Sports,West,Gujarat,Ahmedabad,2,27.54,0.267,40.37,4.56,3.9,3,Delivered,Amazon Pay,Consumer,2024,11,Nov,Q4,11.3
AMZ101983,CUST10542,2025-05-16,Desk Organizer,Office,West,Maharashtra,Pune,2,22.24,0.21,35.14,2.65,4.0,2,Delivered,Net Banking,Corporate,2025,5,May,Q2,7.54
AMZ101984,CUST10761,2025-01-27,Backpack,Fashion,North,Haryana,Gurugram,2,48.03,0.061,90.2,-4.23,3.7,4,Returned,Net Banking,Corporate,2025,1,Jan,Q1,-4.69
AMZ101985,CUST10938,2025-08-21,Desk Lamp,Home,North,Rajasthan,Jaipur,1,40.05,0.129,0.0,0.0,4.4,4,Cancelled,Debit Card,Home Office,2025,8,Aug,Q3,0.0
AMZ101986,CUST10033,2024-05-28,Smart Watch,Electronics,South,Karnataka,Bengaluru,1,146.18,0.148,124.55,17.19,4.8,3,Delivered,Credit Card,Consumer,2024,5,May,Q2,13.8
AMZ101987,CUST10229,2025-02-08,Fitness Tracker,Sports,West,Maharashtra,Pune,1,56.35,0.017,55.39,-2.17,4.1,3,Returned,UPI,Home Office,2025,2,Feb,Q1,-3.92
AMZ101988,CUST10524,2024-10-09,Smartphone X,Electronics,West,Gujarat,Ahmedabad,1,692.04,0.286,494.12,25.16,4.4,3,Delivered,Credit Card,Corporate,2024,10,Oct,Q4,5.09
AMZ101989,CUST10630,2024-12-27,Gaming Mouse,Electronics,South,Kerala,Kochi,1,39.14,0.039,37.61,6.35,3.8,3,Delivered,Amazon Pay,Home Office,2024,12,Dec,Q4,16.88
AMZ101990,CUST10862,2025-01-13,Running Shoes,Sports,South,Telangana,Hyderabad,1,70.07,0.209,55.43,15.57,3.3,4,Delivered,Net Banking,Corporate,2025,1,Jan,Q1,28.09
AMZ101991,CUST10155,2024-07-16,Gaming Mouse,Electronics,West,Gujarat,Ahmedabad,2,39.93,0.152,0.0,0.0,4.0,7,Cancelled,Net Banking,Corporate,2024,7,Jul,Q3,0.0
AMZ101992,CUST10423,2025-07-09,Running Shoes,Sports,South,Kerala,Kochi,1,70.18,0.008,69.62,15.88,3.5,4,Delivered,Credit Card,Corporate,2025,7,Jul,Q3,22.81
AMZ101993,CUST10905,2024-12-21,USB-C Hub,Electronics,North,Delhi,Delhi,2,28.6,0.277,41.36,-1.67,4.0,4,Delivered,Debit Card,Home Office,2024,12,Dec,Q4,-4.04
AMZ101994,CUST10246,2025-06-23,Running Shoes,Sports,West,Maharashtra,Mumbai,2,75.94,0.256,113.0,-4.81,4.6,3,Returned,Credit Card,Home Office,2025,6,Jun,Q2,-4.26
AMZ101995,CUST10405,2025-03-04,Office Chair,Home,North,Haryana,Gurugram,1,182.96,0.157,154.24,19.91,4.4,2,Delivered,Debit Card,Consumer,2025,3,Mar,Q1,12.91
AMZ101996,CUST10844,2024-01-17,Backpack,Fashion,East,West Bengal,Kolkata,2,48.12,0.069,89.6,16.5,3.9,6,Delivered,Net Banking,Corporate,2024,1,Jan,Q1,18.42
AMZ101997,CUST10759,2025-09-30,Smart Watch,Electronics,North,Delhi,Delhi,1,144.87,0.036,139.65,17.35,3.4,3,Delivered,Credit Card,Corporate,2025,9,Sep,Q3,12.42
AMZ101998,CUST10541,2025-01-13,Smart Watch,Electronics,West,Maharashtra,Pune,2,144.86,0.109,258.14,30.06,3.1,5,Delivered,UPI,Corporate,2025,1,Jan,Q1,11.64
AMZ101999,CUST10161,2025-11-10,Office Chair,Home,North,Delhi,Delhi,1,182.87,0.077,0.0,0.0,3.5,5,Cancelled,Debit Card,Corporate,2025,11,Nov,Q4,0.0
AMZ102000,CUST10747,2025-05-20,Novel Collection,Books,West,Maharashtra,Pune,2,58.08,0.152,98.5,24.02,3.4,4,Delivered,Amazon Pay,Consumer,2025,5,May,Q2,24.39
AMZ102001,CUST10702,2024-03-16,Coffee Maker,Home,East,West Bengal,Kolkata,1,117.07,0.29,83.12,7.65,3.9,3,Delivered,Amazon Pay,Corporate,2024,3,Mar,Q1,9.2
AMZ102002,CUST10117,2024-08-18,USB-C Hub,Electronics,South,Tamil Nadu,Chennai,2,28.18,0.172,46.67,-0.06,4.5,4,Returned,Net Banking,Home Office,2024,8,Aug,Q3,-0.13
AMZ102003,CUST10271,2025-12-16,Fitness Tracker,Sports,South,Kerala,Kochi,1,56.66,0.267,41.53,-1.94,3.5,3,Returned,Net Banking,Corporate,2025,12,Dec,Q4,-4.67
AMZ102004,CUST10770,2024-09-04,Novel Collection,Books,North,Haryana,Gurugram,1,56.55,0.195,45.52,13.46,,3,Delivered,Amazon Pay,Corporate,2024,9,Sep,Q3,29.57
AMZ102005,CUST10692,2024-10-28,Air Fryer,Home,North,Rajasthan,Jaipur,2,96.66,0.143,165.68,-5.7,3.6,6,Returned,Amazon Pay,Corporate,2024,10,Oct,Q4,-3.44
AMZ102006,CUST10487,2025-12-26,4K Smart TV,Electronics,North,Rajasthan,Jaipur,2,533.99,0.256,794.58,48.8,3.9,6,Delivered,Debit Card,Home Office,2025,12,Dec,Q4,6.14
AMZ102007,CUST10885,2024-08-02,Gaming Mouse,Electronics,South,Kerala,Kochi,1,38.89,0.141,0.0,0.0,4.5,3,Cancelled,Net Banking,Consumer,2024,8,Aug,Q3,0.0
AMZ102008,CUST10172,2024-06-06,Business Book,Books,South,Karnataka,Bengaluru,1,33.64,0.261,24.86,3.34,4.4,6,Delivered,Credit Card,Home Office,2024,6,Jun,Q2,13.44
AMZ102009,CUST10950,2024-03-09,Smartphone X,Electronics,West,Gujarat,Ahmedabad,1,743.71,0.087,679.01,83.01,4.4,3,Delivered,Amazon Pay,Consumer,2024,3,Mar,Q1,12.23
AMZ102010,CUST10274,2025-01-27,Running Shoes,Sports,South,Tamil Nadu,Chennai,3,73.43,0.039,211.7,42.55,3.8,5,Delivered,Debit Card,Home Office,2025,1,Jan,Q1,20.1
AMZ102011,CUST10259,2024-03-25,Yoga Mat,Sports,South,Kerala,Kochi,2,28.34,0.257,42.11,8.23,3.9,4,Delivered,Amazon Pay,Home Office,2024,3,Mar,Q1,19.54
AMZ102012,CUST10135,2024-09-23,Sneakers,Fashion,North,Rajasthan,Jaipur,2,71.1,0.176,117.17,23.84,3.6,5,Delivered,Amazon Pay,Home Office,2024,9,Sep,Q3,20.35
AMZ102013,CUST10683,2024-03-09,Fitness Tracker,Sports,North,Delhi,Delhi,1,59.35,0.267,0.0,0.0,4.3,4,Cancelled,UPI,Consumer,2024,3,Mar,Q1,0.0
AMZ102014,CUST10722,2025-09-02,Office Chair,Home,West,Gujarat,Ahmedabad,1,191.66,0.281,137.8,22.84,3.6,5,Delivered,UPI,Home Office,2025,9,Sep,Q3,16.57
AMZ102015,CUST10748,2024-12-12,Business Book,Books,South,Tamil Nadu,Chennai,1,36.89,0.016,36.3,-1.43,3.6,2,Returned,UPI,Corporate,2024,12,Dec,Q4,-3.94
AMZ102016,CUST10422,2025-12-28,Backpack,Fashion,West,Maharashtra,Mumbai,2,43.6,0.15,74.12,19.72,4.2,6,Delivered,Amazon Pay,Corporate,2025,12,Dec,Q4,26.61
AMZ102017,CUST10421,2025-11-03,Desk Organizer,Office,West,Maharashtra,Mumbai,1,22.19,0.112,19.7,6.6,3.4,3,Delivered,Amazon Pay,Home Office,2025,11,Nov,Q4,33.5
AMZ102018,CUST10186,2025-02-26,Backpack,Fashion,West,Gujarat,Ahmedabad,2,45.17,0.188,73.36,10.42,3.7,5,Delivered,Debit Card,Corporate,2025,2,Feb,Q1,14.2
AMZ102019,CUST10929,2025-08-28,Cotton T-Shirt,Fashion,South,Kerala,Kochi,1,22.73,0.238,17.32,5.97,3.8,6,Delivered,Credit Card,Corporate,2025,8,Aug,Q3,34.47
AMZ102020,CUST10364,2024-06-22,Bluetooth Speaker,Electronics,West,Maharashtra,Pune,1,63.85,0.084,58.49,-2.09,4.3,7,Returned,Amazon Pay,Consumer,2024,6,Jun,Q2,-3.57
AMZ102021,CUST10607,2025-11-07,Cotton T-Shirt,Fashion,West,Maharashtra,Pune,1,23.6,0.167,19.66,-1.75,4.3,1,Returned,Amazon Pay,Consumer,2025,11,Nov,Q4,-8.9
AMZ102022,CUST10378,2024-04-24,Cookware Set,Home,North,Delhi,Delhi,1,126.03,0.213,0.0,0.0,3.5,5,Cancelled,Amazon Pay,Home Office,2024,4,Apr,Q2,0.0
AMZ102023,CUST10523,2024-08-07,Cookware Set,Home,South,Tamil Nadu,Chennai,1,138.36,0.04,132.83,-8.0,4.7,1,Returned,Debit Card,Home Office,2024,8,Aug,Q3,-6.02
AMZ102024,CUST10580,2024-01-31,Desk Organizer,Office,South,Tamil Nadu,Chennai,1,22.66,0.244,17.13,1.24,4.8,5,Delivered,UPI,Consumer,2024,1,Jan,Q1,7.24
AMZ102025,CUST10891,2025-06-06,Sneakers,Fashion,West,Gujarat,Ahmedabad,1,64.37,0.182,0.0,0.0,3.8,2,Cancelled,UPI,Consumer,2025,6,Jun,Q2,0.0
AMZ102026,CUST10722,2024-12-08,4K Smart TV,Electronics,South,Telangana,Hyderabad,2,558.06,0.285,0.0,0.0,3.3,4,Cancelled,Net Banking,Home Office,2024,12,Dec,Q4,0.0
AMZ102027,CUST10196,2025-01-11,Cotton T-Shirt,Fashion,West,Maharashtra,Mumbai,1,25.71,0.102,23.09,-2.16,4.7,1,Returned,Debit Card,Corporate,2025,1,Jan,Q1,-9.35
AMZ102028,CUST10881,2024-05-09,Smart Watch,Electronics,South,Tamil Nadu,Chennai,1,148.44,0.032,143.69,27.63,3.9,2,Delivered,Amazon Pay,Corporate,2024,5,May,Q2,19.23
AMZ102029,CUST10098,2025-09-08,Desk Organizer,Office,West,Gujarat,Ahmedabad,1,21.9,0.152,18.57,-0.29,3.4,1,Returned,UPI,Corporate,2025,9,Sep,Q3,-1.56
AMZ102030,CUST10605,2025-06-22,Data Science Book,Books,East,West Bengal,Kolkata,1,46.13,0.026,44.93,13.01,5.0,7,Delivered,Net Banking,Home Office,2025,6,Jun,Q2,28.96
AMZ102031,CUST10022,2024-01-02,Desk Organizer,Office,South,Karnataka,Bengaluru,2,22.19,0.291,0.0,0.0,4.3,3,Cancelled,Amazon Pay,Corporate,2024,1,Jan,Q1,0.0
AMZ102032,CUST10450,2024-04-10,Cookware Set,Home,East,West Bengal,Kolkata,1,128.83,0.012,127.28,-8.86,3.9,4,Returned,UPI,Consumer,2024,4,Apr,Q2,-6.96
AMZ102033,CUST10172,2025-06-16,Backpack,Fashion,North,Haryana,Gurugram,2,46.88,0.226,72.57,11.01,3.8,5,Delivered,UPI,Consumer,2025,6,Jun,Q2,15.17
AMZ102034,CUST10383,2024-02-27,Office Chair,Home,South,Kerala,Kochi,1,170.25,0.158,143.35,17.39,4.6,4,Delivered,Amazon Pay,Consumer,2024,2,Feb,Q1,12.13
AMZ102035,CUST10134,2025-01-23,Gaming Mouse,Electronics,North,Delhi,Delhi,1,39.97,0.111,35.53,5.12,5.0,3,Delivered,Net Banking,Corporate,2025,1,Jan,Q1,14.41
AMZ102036,CUST10426,2025-11-22,Office Chair,Home,South,Tamil Nadu,Chennai,1,182.3,0.02,0.0,0.0,3.5,1,Cancelled,Net Banking,Home Office,2025,11,Nov,Q4,0.0
AMZ102037,CUST10025,2024-12-06,Cookware Set,Home,North,Haryana,Gurugram,1,127.52,0.187,103.67,6.95,4.1,3,Delivered,Credit Card,Home Office,2024,12,Dec,Q4,6.7
AMZ102038,CUST10503,2024-01-20,Business Book,Books,North,Rajasthan,Jaipur,1,36.68,0.176,30.22,12.22,4.8,5,Delivered,Net Banking,Consumer,2024,1,Jan,Q1,40.44
AMZ102039,CUST10185,2024-09-11,Mechanical Keyboard,Electronics,North,Haryana,Gurugram,2,99.55,0.084,182.38,-5.87,4.9,2,Returned,Debit Card,Corporate,2024,9,Sep,Q3,-3.22
AMZ102040,CUST10085,2024-11-12,Notebook Pack,Office,West,Gujarat,Ahmedabad,1,15.24,0.273,11.08,-1.25,4.8,4,Returned,Credit Card,Corporate,2024,11,Nov,Q4,-11.28
AMZ102041,CUST10567,2024-02-07,Running Shoes,Sports,South,Tamil Nadu,Chennai,1,70.81,0.091,64.37,18.41,4.2,4,Delivered,UPI,Home Office,2024,2,Feb,Q1,28.6
AMZ102042,CUST10763,2025-10-21,Smartphone X,Electronics,South,Karnataka,Bengaluru,1,687.34,0.135,0.0,0.0,4.5,5,Cancelled,Credit Card,Consumer,2025,10,Oct,Q4,0.0
AMZ102043,CUST10144,2025-06-20,Yoga Mat,Sports,South,Kerala,Kochi,1,28.0,0.163,23.44,-0.38,5.0,5,Delivered,Debit Card,Corporate,2025,6,Jun,Q2,-1.62
AMZ102044,CUST10863,2025-01-20,Cookware Set,Home,West,Gujarat,Ahmedabad,1,130.79,0.03,126.87,23.63,3.8,5,Delivered,Amazon Pay,Corporate,2025,1,Jan,Q1,18.63
AMZ102045,CUST10910,2025-09-24,Smartphone X,Electronics,West,Gujarat,Ahmedabad,1,673.93,0.28,485.23,29.35,3.5,2,Delivered,Credit Card,Home Office,2025,9,Sep,Q3,6.05
AMZ102046,CUST10679,2024-01-26,Business Book,Books,North,Delhi,Delhi,1,34.7,0.112,30.81,12.99,3.6,6,Delivered,Amazon Pay,Home Office,2024,1,Jan,Q1,42.16
AMZ102047,CUST10412,2025-03-29,Coffee Maker,Home,North,Delhi,Delhi,1,128.31,0.024,125.23,-6.85,4.2,3,Returned,Credit Card,Corporate,2025,3,Mar,Q1,-5.47
AMZ102048,CUST10224,2025-11-11,Laptop Pro 14,Electronics,West,Maharashtra,Mumbai,1,899.92,0.116,795.53,89.59,4.8,1,Delivered,Amazon Pay,Corporate,2025,11,Nov,Q4,11.26
AMZ102049,CUST10220,2024-11-18,USB-C Hub,Electronics,West,Maharashtra,Mumbai,2,29.27,0.18,48.0,-2.81,4.5,1,Returned,Amazon Pay,Consumer,2024,11,Nov,Q4,-5.85
AMZ102050,CUST10179,2025-05-27,Backpack,Fashion,West,Maharashtra,Pune,1,46.6,0.154,0.0,0.0,4.1,2,Cancelled,Amazon Pay,Consumer,2025,5,May,Q2,0.0
AMZ102051,CUST10631,2024-01-13,Desk Lamp,Home,South,Telangana,Hyderabad,1,36.21,0.208,0.0,0.0,4.2,2,Cancelled,UPI,Home Office,2024,1,Jan,Q1,0.0
AMZ102052,CUST10433,2025-07-13,Data Science Book,Books,South,Tamil Nadu,Chennai,3,44.82,0.017,132.17,41.31,4.0,3,Delivered,Amazon Pay,Home Office,2025,7,Jul,Q3,31.26
AMZ102053,CUST10265,2025-01-05,Notebook Pack,Office,South,Tamil Nadu,Chennai,1,15.93,0.085,0.0,0.0,5.0,4,Cancelled,Debit Card,Corporate,2025,1,Jan,Q1,0.0
AMZ102054,CUST10429,2024-10-17,Novel Collection,Books,South,Tamil Nadu,Coimbatore,1,53.78,0.246,40.55,4.22,3.8,5,Delivered,Credit Card,Corporate,2024,10,Oct,Q4,10.41
AMZ102055,CUST10662,2024-11-27,Mechanical Keyboard,Electronics,North,Haryana,Gurugram,1,98.1,0.024,0.0,0.0,4.1,1,Cancelled,Net Banking,Corporate,2024,11,Nov,Q4,0.0
AMZ102056,CUST10416,2025-08-28,4K Smart TV,Electronics,South,Tamil Nadu,Chennai,1,552.74,0.257,410.69,27.15,3.1,4,Delivered,UPI,Consumer,2025,8,Aug,Q3,6.61
AMZ102057,CUST10453,2024-09-17,Backpack,Fashion,South,Tamil Nadu,Chennai,1,42.58,0.028,41.39,20.16,4.0,6,Delivered,UPI,Corporate,2024,9,Sep,Q3,48.71
AMZ102058,CUST10727,2024-07-23,Novel Collection,Books,South,Telangana,Hyderabad,2,58.07,0.25,87.11,31.84,4.4,3,Delivered,Net Banking,Home Office,2024,7,Jul,Q3,36.55
AMZ102059,CUST10197,2025-11-27,Notebook Pack,Office,North,Rajasthan,Jaipur,1,15.15,0.108,13.51,-0.61,3.7,3,Returned,Debit Card,Home Office,2025,11,Nov,Q4,-4.52
AMZ102060,CUST10554,2025-11-17,Office Chair,Home,West,Maharashtra,Mumbai,2,178.48,0.184,291.28,42.93,4.2,4,Delivered,Net Banking,Corporate,2025,11,Nov,Q4,14.74
AMZ102061,CUST10053,2025-01-21,Desk Lamp,Home,West,Maharashtra,Mumbai,1,39.22,0.046,37.42,0.37,4.9,4,Delivered,Net Banking,Home Office,2025,1,Jan,Q1,0.99
AMZ102062,CUST10480,2025-04-12,Cookware Set,Home,South,Karnataka,Bengaluru,1,119.68,0.02,117.29,17.24,3.8,3,Delivered,UPI,Home Office,2025,4,Apr,Q2,14.7
AMZ102063,CUST10443,2025-02-18,Running Shoes,Sports,South,Tamil Nadu,Chennai,1,77.68,0.065,72.63,11.91,3.7,6,Delivered,Amazon Pay,Consumer,2025,2,Feb,Q1,16.4
AMZ102064,CUST10330,2024-03-09,4K Smart TV,Electronics,South,Telangana,Hyderabad,2,551.8,0.038,1061.66,-38.95,2.8,4,Returned,UPI,Consumer,2024,3,Mar,Q1,-3.67
AMZ102065,CUST10251,2025-04-16,Data Science Book,Books,South,Kerala,Kochi,2,49.73,0.094,90.11,25.28,2.8,5,Delivered,UPI,Consumer,2025,4,Apr,Q2,28.05
AMZ102066,CUST10807,2024-04-13,Wireless Headphones,Electronics,West,Maharashtra,Mumbai,1,75.62,0.154,63.97,10.01,4.0,3,Delivered,Debit Card,Home Office,2024,4,Apr,Q2,15.65
AMZ102067,CUST10890,2024-06-09,4K Smart TV,Electronics,South,Telangana,Hyderabad,2,523.18,0.177,861.15,89.93,3.1,3,Delivered,Credit Card,Home Office,2024,6,Jun,Q2,10.44
AMZ102068,CUST10783,2024-07-18,Wireless Headphones,Electronics,East,West Bengal,Kolkata,1,75.16,0.237,57.35,0.07,4.2,3,Delivered,Amazon Pay,Consumer,2024,7,Jul,Q3,0.12
AMZ102069,CUST10925,2024-08-03,Coffee Maker,Home,North,Rajasthan,Jaipur,1,121.96,0.197,0.0,0.0,2.7,1,Cancelled,UPI,Home Office,2024,8,Aug,Q3,0.0
AMZ102070,CUST10123,2024-07-30,Wireless Headphones,Electronics,South,Tamil Nadu,Chennai,1,76.57,0.183,0.0,0.0,4.3,6,Cancelled,Amazon Pay,Home Office,2024,7,Jul,Q3,0.0
AMZ102071,CUST10879,2025-05-22,4K Smart TV,Electronics,South,Karnataka,Bengaluru,1,512.06,0.124,448.56,53.68,4.7,1,Delivered,Credit Card,Consumer,2025,5,May,Q2,11.97
AMZ102072,CUST10387,2024-01-16,Gaming Mouse,Electronics,North,Haryana,Gurugram,1,43.68,0.142,37.48,0.99,3.4,5,Delivered,Debit Card,Corporate,2024,1,Jan,Q1,2.64
AMZ102073,CUST10339,2025-05-12,USB-C Hub,Electronics,West,Maharashtra,Mumbai,1,31.12,0.124,27.26,2.37,3.8,5,Delivered,UPI,Home Office,2025,5,May,Q2,8.69
AMZ102074,CUST10778,2024-11-27,Yoga Mat,Sports,East,West Bengal,Kolkata,1,29.87,0.253,22.31,2.02,4.7,6,Delivered,Credit Card,Consumer,2024,11,Nov,Q4,9.05
AMZ102075,CUST10348,2025-12-17,Cookware Set,Home,South,Kerala,Kochi,1,130.37,0.069,121.37,26.98,4.5,5,Delivered,Credit Card,Home Office,2025,12,Dec,Q4,22.23
AMZ102076,CUST10029,2025-07-04,Cookware Set,Home,South,Telangana,Hyderabad,1,132.52,0.002,132.25,38.73,4.0,7,Delivered,Debit Card,Consumer,2025,7,Jul,Q3,29.29
AMZ102077,CUST10035,2025-08-23,Business Book,Books,North,Delhi,Delhi,3,37.02,0.195,89.4,18.2,3.9,3,Delivered,Amazon Pay,Corporate,2025,8,Aug,Q3,20.36
AMZ102078,CUST10518,2024-09-12,Backpack,Fashion,West,Gujarat,Ahmedabad,1,42.88,0.061,40.26,-2.6,4.7,7,Returned,Amazon Pay,Consumer,2024,9,Sep,Q3,-6.46
AMZ102079,CUST10396,2025-12-28,Smartphone X,Electronics,South,Tamil Nadu,Chennai,1,733.41,0.267,537.59,-7.76,4.0,7,Returned,UPI,Corporate,2025,12,Dec,Q4,-1.44
AMZ102080,CUST10623,2024-06-20,Cotton T-Shirt,Fashion,South,Tamil Nadu,Chennai,1,23.5,0.258,17.44,0.52,4.4,5,Delivered,UPI,Consumer,2024,6,Jun,Q2,2.98
AMZ102081,CUST10294,2025-10-10,Office Chair,Home,East,West Bengal,Kolkata,1,186.04,0.023,181.76,40.69,4.1,4,Delivered,UPI,Consumer,2025,10,Oct,Q4,22.39
AMZ102082,CUST10589,2025-05-12,Smart Watch,Electronics,South,Telangana,Hyderabad,2,137.63,0.032,266.45,38.99,4.1,3,Delivered,UPI,Home Office,2025,5,May,Q2,14.63
AMZ102083,CUST10349,2025-04-15,Data Science Book,Books,West,Maharashtra,Pune,1,49.94,0.149,42.5,14.99,3.5,2,Delivered,Net Banking,Home Office,2025,4,Apr,Q2,35.27
AMZ102084,CUST10147,2025-01-18,Coffee Maker,Home,South,Tamil Nadu,Chennai,2,127.17,0.183,207.8,29.13,3.5,7,Delivered,Net Banking,Corporate,2025,1,Jan,Q1,14.02
AMZ102085,CUST10067,2025-11-20,Laptop Pro 14,Electronics,West,Maharashtra,Pune,1,949.74,0.082,871.86,112.67,4.3,4,Delivered,Debit Card,Corporate,2025,11,Nov,Q4,12.92
AMZ102086,CUST10904,2025-08-11,Smartphone X,Electronics,South,Kerala,Kochi,1,741.23,0.215,581.87,-11.8,4.4,5,Returned,Credit Card,Corporate,2025,8,Aug,Q3,-2.03
AMZ102087,CUST10520,2025-11-30,Smart Watch,Electronics,North,Delhi,Delhi,1,156.64,0.178,128.76,11.1,3.9,4,Delivered,Net Banking,Corporate,2025,11,Nov,Q4,8.62
AMZ102088,CUST10122,2025-05-21,4K Smart TV,Electronics,East,West Bengal,Kolkata,1,579.85,0.097,523.6,63.52,3.8,5,Delivered,UPI,Corporate,2025,5,May,Q2,12.13
AMZ102089,CUST10340,2025-06-10,Air Fryer,Home,South,Telangana,Hyderabad,1,99.74,0.008,98.94,18.44,4.0,4,Delivered,Amazon Pay,Home Office,2025,6,Jun,Q2,18.64
AMZ102090,CUST10175,2024-11-20,Desk Organizer,Office,South,Telangana,Hyderabad,1,20.37,0.225,15.79,4.73,3.8,4,Delivered,Net Banking,Consumer,2024,11,Nov,Q4,29.96
AMZ102091,CUST10900,2024-08-01,Yoga Mat,Sports,South,Tamil Nadu,Coimbatore,1,28.73,0.064,26.89,12.44,3.5,2,Delivered,Debit Card,Home Office,2024,8,Aug,Q3,46.26
AMZ102092,CUST10691,2024-07-26,Backpack,Fashion,South,Kerala,Kochi,1,43.73,0.25,32.8,5.11,4.8,3,Delivered,Credit Card,Consumer,2024,7,Jul,Q3,15.58
AMZ102093,CUST10597,2024-06-17,Sneakers,Fashion,South,Kerala,Kochi,3,66.77,0.126,175.07,-8.52,3.8,2,Returned,Amazon Pay,Home Office,2024,6,Jun,Q2,-4.87
AMZ102094,CUST10451,2024-11-25,Sneakers,Fashion,North,Rajasthan,Jaipur,1,62.68,0.173,51.84,-1.94,4.2,5,Returned,UPI,Consumer,2024,11,Nov,Q4,-3.74
AMZ102095,CUST10557,2024-10-06,Wireless Headphones,Electronics,West,Gujarat,Ahmedabad,1,74.66,0.262,55.1,6.18,4.3,2,Delivered,Amazon Pay,Home Office,2024,10,Oct,Q4,11.22
AMZ102096,CUST10136,2024-10-31,Desk Organizer,Office,West,Maharashtra,Mumbai,1,22.33,0.259,16.55,-0.78,4.1,1,Returned,Credit Card,Home Office,2024,10,Oct,Q4,-4.71
AMZ102097,CUST10855,2024-05-25,Mechanical Keyboard,Electronics,West,Maharashtra,Mumbai,1,89.3,0.111,79.39,14.91,4.3,5,Delivered,UPI,Corporate,2024,5,May,Q2,18.78
AMZ102098,CUST10016,2025-05-30,Mechanical Keyboard,Electronics,South,Tamil Nadu,Coimbatore,1,93.84,0.063,87.93,-3.25,4.1,3,Returned,Net Banking,Consumer,2025,5,May,Q2,-3.7
AMZ102099,CUST10333,2024-03-30,Gaming Mouse,Electronics,North,Haryana,Gurugram,2,45.13,0.233,0.0,0.0,4.1,4,Cancelled,Debit Card,Home Office,2024,3,Mar,Q1,0.0
AMZ102100,CUST10195,2025-03-28,Cotton T-Shirt,Fashion,South,Karnataka,Bengaluru,3,24.15,0.13,63.03,13.42,3.4,5,Delivered,UPI,Consumer,2025,3,Mar,Q1,21.29
AMZ102101,CUST10496,2024-02-29,Running Shoes,Sports,East,West Bengal,Kolkata,1,74.71,0.058,70.38,14.59,4.9,3,Delivered,Amazon Pay,Home Office,2024,2,Feb,Q1,20.73
AMZ102102,CUST10009,2024-11-06,Business Book,Books,North,Delhi,Delhi,1,35.42,0.271,25.82,8.48,3.3,4,Delivered,UPI,Home Office,2024,11,Nov,Q4,32.84
AMZ102103,CUST10828,2025-06-11,Coffee Maker,Home,South,Telangana,Hyderabad,1,123.61,0.059,116.32,25.2,3.1,2,Delivered,Net Banking,Corporate,2025,6,Jun,Q2,21.66
AMZ102104,CUST10334,2024-08-14,Sneakers,Fashion,West,Gujarat,Ahmedabad,1,67.03,0.008,0.0,0.0,,4,Cancelled,Credit Card,Home Office,2024,8,Aug,Q3,0.0
AMZ102105,CUST10333,2025-04-18,Notebook Pack,Office,West,Maharashtra,Pune,1,15.16,0.006,15.07,7.25,4.2,6,Delivered,UPI,Corporate,2025,4,Apr,Q2,48.11
AMZ102106,CUST10327,2025-06-24,USB-C Hub,Electronics,East,West Bengal,Kolkata,1,29.44,0.187,23.93,4.93,4.3,2,Delivered,UPI,Home Office,2025,6,Jun,Q2,20.6
AMZ102107,CUST10015,2025-10-24,Bluetooth Speaker,Electronics,North,Haryana,Gurugram,1,60.74,0.199,48.65,13.39,4.3,4,Delivered,Amazon Pay,Home Office,2025,10,Oct,Q4,27.52
AMZ102108,CUST10839,2024-03-19,Novel Collection,Books,East,West Bengal,Kolkata,1,57.86,0.093,52.48,11.21,4.0,3,Delivered,UPI,Corporate,2024,3,Mar,Q1,21.36
AMZ102109,CUST10614,2025-03-08,Wireless Headphones,Electronics,North,Haryana,Gurugram,1,73.11,0.096,66.09,-3.47,4.9,2,Returned,Net Banking,Home Office,2025,3,Mar,Q1,-5.25
AMZ102110,CUST10226,2024-06-01,USB-C Hub,Electronics,South,Telangana,Hyderabad,1,29.83,0.102,0.0,0.0,3.2,4,Cancelled,Debit Card,Home Office,2024,6,Jun,Q2,0.0
AMZ102111,CUST10425,2025-02-04,Gaming Mouse,Electronics,South,Karnataka,Bengaluru,1,43.22,0.204,0.0,0.0,3.2,6,Cancelled,Debit Card,Home Office,2025,2,Feb,Q1,0.0
AMZ102112,CUST10790,2024-10-05,Desk Lamp,Home,North,Haryana,Gurugram,1,38.71,0.017,0.0,0.0,3.9,6,Cancelled,Amazon Pay,Home Office,2024,10,Oct,Q4,0.0
AMZ102113,CUST10408,2024-02-26,Bluetooth Speaker,Electronics,South,Telangana,Hyderabad,2,64.62,0.279,93.18,6.93,3.8,5,Delivered,UPI,Corporate,2024,2,Feb,Q1,7.44
AMZ102114,CUST10113,2024-07-04,Bluetooth Speaker,Electronics,South,Telangana,Hyderabad,1,62.99,0.067,58.77,6.44,3.7,2,Delivered,Net Banking,Corporate,2024,7,Jul,Q3,10.96
AMZ102115,CUST10428,2025-02-01,Wireless Headphones,Electronics,South,Karnataka,Bengaluru,2,75.82,0.3,106.15,-3.02,3.8,4,Returned,Amazon Pay,Consumer,2025,2,Feb,Q1,-2.85
AMZ102116,CUST10001,2025-08-27,Smartphone X,Electronics,West,Maharashtra,Mumbai,1,663.43,0.051,629.6,86.2,3.7,4,Delivered,Amazon Pay,Corporate,2025,8,Aug,Q3,13.69
AMZ102117,CUST10266,2024-06-06,Mechanical Keyboard,Electronics,East,West Bengal,Kolkata,1,97.26,0.231,74.79,3.62,4.4,2,Delivered,Credit Card,Corporate,2024,6,Jun,Q2,4.84
AMZ102118,CUST10491,2025-11-23,Mechanical Keyboard,Electronics,South,Tamil Nadu,Coimbatore,1,95.95,0.067,89.52,6.23,3.7,1,Delivered,Debit Card,Corporate,2025,11,Nov,Q4,6.96
AMZ102119,CUST10208,2024-12-24,Laptop Pro 14,Electronics,South,Tamil Nadu,Chennai,1,882.13,0.024,860.96,124.85,4.2,5,Delivered,Net Banking,Corporate,2024,12,Dec,Q4,14.5
AMZ102120,CUST10622,2025-03-15,Smart Watch,Electronics,South,Tamil Nadu,Chennai,2,154.75,0.262,228.41,15.74,3.4,2,Delivered,Amazon Pay,Home Office,2025,3,Mar,Q1,6.89
AMZ102121,CUST10712,2025-08-11,Backpack,Fashion,South,Tamil Nadu,Coimbatore,1,44.86,0.258,33.29,7.15,4.1,8,Delivered,Amazon Pay,Home Office,2025,8,Aug,Q3,21.48
AMZ102122,CUST10369,2025-04-10,Notebook Pack,Office,West,Maharashtra,Pune,1,16.21,0.121,14.25,4.33,3.6,7,Delivered,Debit Card,Home Office,2025,4,Apr,Q2,30.39
AMZ102123,CUST10306,2025-10-24,4K Smart TV,Electronics,South,Kerala,Kochi,1,505.55,0.211,398.88,30.61,4.5,1,Delivered,Debit Card,Consumer,2025,10,Oct,Q4,7.67
AMZ102124,CUST10012,2025-03-21,Cotton T-Shirt,Fashion,West,Maharashtra,Pune,2,25.64,0.167,42.72,15.61,3.7,4,Delivered,Amazon Pay,Home Office,2025,3,Mar,Q1,36.54
AMZ102125,CUST10345,2025-05-02,Desk Organizer,Office,South,Kerala,Kochi,1,23.1,0.256,17.19,-0.27,3.9,5,Returned,Amazon Pay,Consumer,2025,5,May,Q2,-1.57
AMZ102126,CUST10465,2025-06-13,Coffee Maker,Home,South,Tamil Nadu,Coimbatore,3,120.48,0.095,327.1,58.43,4.5,4,Delivered,UPI,Consumer,2025,6,Jun,Q2,17.86
AMZ102127,CUST10700,2024-03-13,Fitness Tracker,Sports,South,Tamil Nadu,Chennai,2,57.93,0.157,97.67,17.4,3.7,5,Delivered,Credit Card,Home Office,2024,3,Mar,Q1,17.82
AMZ102128,CUST10666,2025-12-01,Yoga Mat,Sports,North,Delhi,Delhi,1,26.51,0.146,22.64,5.77,2.6,5,Delivered,UPI,Consumer,2025,12,Dec,Q4,25.49
AMZ102129,CUST10494,2024-01-17,Smartphone X,Electronics,South,Tamil Nadu,Chennai,2,725.03,0.106,1296.35,-38.97,4.2,4,Returned,Amazon Pay,Consumer,2024,1,Jan,Q1,-3.01
AMZ102130,CUST10368,2025-06-14,Business Book,Books,West,Maharashtra,Pune,3,34.01,0.267,74.79,17.99,4.1,2,Delivered,Net Banking,Home Office,2025,6,Jun,Q2,24.05
AMZ102131,CUST10846,2025-12-31,Sneakers,Fashion,West,Gujarat,Ahmedabad,1,70.85,0.05,67.31,15.72,5.0,6,Delivered,Net Banking,Home Office,2025,12,Dec,Q4,23.35
AMZ102132,CUST10937,2024-11-21,Air Fryer,Home,South,Tamil Nadu,Coimbatore,1,98.55,0.045,94.12,13.52,3.6,4,Delivered,UPI,Consumer,2024,11,Nov,Q4,14.36
AMZ102133,CUST10420,2025-09-23,Yoga Mat,Sports,West,Maharashtra,Pune,1,25.83,0.173,21.36,-1.32,4.2,4,Returned,UPI,Corporate,2025,9,Sep,Q3,-6.18
AMZ102134,CUST10889,2025-09-04,Yoga Mat,Sports,North,Delhi,Delhi,1,27.23,0.197,21.87,1.69,3.9,5,Delivered,UPI,Home Office,2025,9,Sep,Q3,7.73
AMZ102135,CUST10791,2025-06-29,Backpack,Fashion,East,West Bengal,Kolkata,1,41.81,0.058,0.0,0.0,3.5,6,Cancelled,Net Banking,Consumer,2025,6,Jun,Q2,0.0
AMZ102136,CUST10171,2025-08-18,Running Shoes,Sports,South,Kerala,Kochi,1,76.28,0.117,67.36,16.11,4.6,6,Delivered,Credit Card,Corporate,2025,8,Aug,Q3,23.92
AMZ102137,CUST10134,2025-12-08,Laptop Pro 14,Electronics,South,Tamil Nadu,Chennai,1,869.38,0.284,622.48,41.6,4.0,2,Delivered,Net Banking,Corporate,2025,12,Dec,Q4,6.68
AMZ102138,CUST10427,2024-07-20,Mechanical Keyboard,Electronics,South,Karnataka,Bengaluru,1,91.18,0.074,84.43,11.65,3.2,3,Delivered,Debit Card,Home Office,2024,7,Jul,Q3,13.8
AMZ102139,CUST10025,2024-12-09,Novel Collection,Books,West,Gujarat,Ahmedabad,1,54.95,0.201,0.0,0.0,3.8,5,Cancelled,Net Banking,Home Office,2024,12,Dec,Q4,0.0
AMZ102140,CUST10530,2025-06-06,Smart Watch,Electronics,South,Telangana,Hyderabad,2,147.74,0.222,229.88,16.46,4.6,2,Delivered,Debit Card,Corporate,2025,6,Jun,Q2,7.16
AMZ102141,CUST10190,2025-02-03,Fitness Tracker,Sports,North,Delhi,Delhi,1,57.99,0.134,50.22,4.4,4.7,6,Delivered,Credit Card,Corporate,2025,2,Feb,Q1,8.76
AMZ102142,CUST10141,2024-08-05,Backpack,Fashion,West,Maharashtra,Pune,1,42.24,0.281,30.37,0.31,3.4,7,Delivered,UPI,Corporate,2024,8,Aug,Q3,1.02
AMZ102143,CUST10555,2025-03-20,Laptop Pro 14,Electronics,South,Kerala,Kochi,1,841.32,0.221,655.39,-13.95,4.1,6,Returned,Net Banking,Home Office,2025,3,Mar,Q1,-2.13
AMZ102144,CUST10846,2024-08-09,Bluetooth Speaker,Electronics,South,Karnataka,Bengaluru,1,65.18,0.137,56.25,9.11,3.6,4,Delivered,Debit Card,Home Office,2024,8,Aug,Q3,16.2
AMZ102145,CUST10796,2025-01-17,Business Book,Books,North,Haryana,Gurugram,2,37.41,0.171,62.03,17.41,3.5,3,Delivered,Debit Card,Consumer,2025,1,Jan,Q1,28.07
AMZ102146,CUST10658,2025-08-14,Novel Collection,Books,West,Maharashtra,Mumbai,1,50.26,0.208,39.81,18.48,3.8,2,Delivered,UPI,Consumer,2025,8,Aug,Q3,46.42
AMZ102147,CUST10315,2024-01-07,Bluetooth Speaker,Electronics,South,Tamil Nadu,Chennai,1,68.82,0.178,56.57,11.79,4.7,2,Delivered,Credit Card,Home Office,2024,1,Jan,Q1,20.84
AMZ102148,CUST10444,2024-09-28,Fitness Tracker,Sports,West,Maharashtra,Mumbai,2,60.93,0.264,89.69,14.12,3.7,6,Delivered,Amazon Pay,Consumer,2024,9,Sep,Q3,15.74
AMZ102149,CUST10319,2024-01-16,Mechanical Keyboard,Electronics,North,Delhi,Delhi,2,93.48,0.107,166.96,25.89,3.7,5,Delivered,Credit Card,Corporate,2024,1,Jan,Q1,15.51
AMZ102150,CUST10441,2025-02-27,Coffee Maker,Home,North,Haryana,Gurugram,2,117.51,0.09,213.87,40.4,3.9,6,Delivered,Credit Card,Consumer,2025,2,Feb,Q1,18.89
AMZ102151,CUST10092,2025-06-07,Mechanical Keyboard,Electronics,North,Haryana,Gurugram,2,88.96,0.064,166.53,15.7,3.2,3,Delivered,Credit Card,Consumer,2025,6,Jun,Q2,9.43
AMZ102152,CUST10179,2024-01-21,Backpack,Fashion,North,Haryana,Gurugram,1,43.62,0.011,43.14,11.65,5.0,2,Delivered,Net Banking,Home Office,2024,1,Jan,Q1,27.01
AMZ102153,CUST10056,2025-11-20,Mechanical Keyboard,Electronics,South,Telangana,Hyderabad,1,91.59,0.013,90.4,18.35,3.6,5,Delivered,Net Banking,Consumer,2025,11,Nov,Q4,20.3
AMZ102154,CUST10155,2024-08-15,Desk Lamp,Home,North,Delhi,Delhi,1,37.7,0.261,27.86,-3.45,,6,Delivered,Debit Card,Consumer,2024,8,Aug,Q3,-12.38
AMZ102155,CUST10672,2024-10-14,Desk Lamp,Home,East,West Bengal,Kolkata,1,37.49,0.204,0.0,0.0,4.4,5,Cancelled,Amazon Pay,Consumer,2024,10,Oct,Q4,0.0
AMZ102156,CUST10111,2024-05-13,Notebook Pack,Office,West,Maharashtra,Mumbai,2,16.5,0.198,26.47,-1.65,4.1,6,Returned,Debit Card,Consumer,2024,5,May,Q2,-6.23
AMZ102157,CUST10137,2024-10-09,Backpack,Fashion,East,West Bengal,Kolkata,1,42.2,0.184,34.44,-1.22,3.7,3,Returned,Net Banking,Consumer,2024,10,Oct,Q4,-3.54
AMZ102158,CUST10232,2025-02-07,Notebook Pack,Office,South,Karnataka,Bengaluru,1,16.75,0.255,12.48,7.83,4.0,6,Delivered,Credit Card,Consumer,2025,2,Feb,Q1,62.74
AMZ102159,CUST10468,2025-10-26,Coffee Maker,Home,North,Rajasthan,Jaipur,2,126.77,0.144,217.03,-9.04,4.8,8,Returned,UPI,Home Office,2025,10,Oct,Q4,-4.17
AMZ102160,CUST10732,2024-03-06,Coffee Maker,Home,West,Gujarat,Ahmedabad,1,111.77,0.261,82.6,16.71,4.2,5,Delivered,Net Banking,Home Office,2024,3,Mar,Q1,20.23
AMZ102161,CUST10481,2025-10-10,Gaming Mouse,Electronics,West,Gujarat,Ahmedabad,3,43.73,0.108,117.02,-3.65,3.2,2,Returned,Credit Card,Corporate,2025,10,Oct,Q4,-3.12
AMZ102162,CUST10068,2025-08-26,Backpack,Fashion,East,West Bengal,Kolkata,3,46.0,0.278,99.64,18.69,3.4,3,Delivered,Debit Card,Home Office,2025,8,Aug,Q3,18.76
AMZ102163,CUST10814,2025-03-12,Novel Collection,Books,North,Rajasthan,Jaipur,1,56.2,0.21,44.4,12.57,4.2,7,Delivered,Credit Card,Home Office,2025,3,Mar,Q1,28.31
AMZ102164,CUST10249,2024-09-15,Office Chair,Home,North,Rajasthan,Jaipur,1,172.71,0.077,159.41,24.15,3.9,7,Delivered,Debit Card,Home Office,2024,9,Sep,Q3,15.15
AMZ102165,CUST10323,2024-04-12,Sneakers,Fashion,South,Tamil Nadu,Chennai,1,66.25,0.169,55.05,10.14,5.0,4,Delivered,UPI,Home Office,2024,4,Apr,Q2,18.42
AMZ102166,CUST10922,2025-07-20,Wireless Headphones,Electronics,South,Karnataka,Bengaluru,1,76.49,0.16,0.0,0.0,3.6,3,Cancelled,Credit Card,Home Office,2025,7,Jul,Q3,0.0
AMZ102167,CUST10904,2024-04-10,Running Shoes,Sports,North,Delhi,Delhi,1,77.34,0.041,0.0,0.0,4.9,5,Cancelled,Amazon Pay,Corporate,2024,4,Apr,Q2,0.0
AMZ102168,CUST10518,2024-07-16,Mechanical Keyboard,Electronics,North,Rajasthan,Jaipur,1,89.0,0.177,73.25,7.43,4.0,6,Delivered,Net Banking,Home Office,2024,7,Jul,Q3,10.14
AMZ102169,CUST10792,2024-08-13,Novel Collection,Books,West,Maharashtra,Pune,3,51.85,0.094,140.93,37.73,4.7,5,Delivered,Amazon Pay,Consumer,2024,8,Aug,Q3,26.77
AMZ102170,CUST10432,2025-04-07,Laptop Pro 14,Electronics,South,Tamil Nadu,Coimbatore,1,941.03,0.016,925.97,-36.34,4.0,4,Returned,Amazon Pay,Home Office,2025,4,Apr,Q2,-3.92
AMZ102171,CUST10487,2024-08-24,Desk Organizer,Office,West,Gujarat,Ahmedabad,2,22.38,0.285,32.0,4.99,4.1,6,Delivered,Credit Card,Consumer,2024,8,Aug,Q3,15.59
AMZ102172,CUST10606,2024-01-26,Smartphone X,Electronics,West,Maharashtra,Pune,1,714.19,0.192,577.07,54.36,4.4,2,Delivered,UPI,Home Office,2024,1,Jan,Q1,9.42
AMZ102173,CUST10429,2024-04-30,Gaming Mouse,Electronics,South,Karnataka,Bengaluru,1,39.94,0.263,29.44,-0.12,3.3,3,Returned,UPI,Home Office,2024,4,Apr,Q2,-0.41
AMZ102174,CUST10269,2025-05-20,Mechanical Keyboard,Electronics,North,Rajasthan,Jaipur,2,87.93,0.203,140.16,12.13,4.2,4,Delivered,Debit Card,Consumer,2025,5,May,Q2,8.65
AMZ102175,CUST10709,2024-06-30,Data Science Book,Books,West,Maharashtra,Mumbai,1,51.65,0.107,46.12,-4.99,3.3,3,Returned,Net Banking,Home Office,2024,6,Jun,Q2,-10.82
AMZ102176,CUST10537,2025-12-11,Mechanical Keyboard,Electronics,West,Gujarat,Ahmedabad,1,91.81,0.154,77.67,4.83,3.3,2,Delivered,Credit Card,Corporate,2025,12,Dec,Q4,6.22
AMZ102177,CUST10148,2025-09-25,Laptop Pro 14,Electronics,South,Tamil Nadu,Chennai,1,859.86,0.203,685.31,57.64,,4,Delivered,Debit Card,Corporate,2025,9,Sep,Q3,8.41
AMZ102178,CUST10118,2025-06-26,Desk Lamp,Home,South,Kerala,Kochi,1,36.94,0.288,26.3,-0.48,3.8,6,Returned,Amazon Pay,Corporate,2025,6,Jun,Q2,-1.83
AMZ102179,CUST10850,2024-11-10,Cookware Set,Home,South,Tamil Nadu,Chennai,1,123.43,0.076,114.05,17.74,3.6,1,Delivered,Amazon Pay,Home Office,2024,11,Nov,Q4,15.55
AMZ102180,CUST10367,2025-09-09,Sneakers,Fashion,South,Tamil Nadu,Coimbatore,1,67.91,0.262,50.12,12.01,3.6,8,Delivered,Credit Card,Consumer,2025,9,Sep,Q3,23.96
AMZ102181,CUST10850,2024-09-29,Backpack,Fashion,North,Haryana,Gurugram,1,44.15,0.277,31.92,7.13,4.7,2,Delivered,Credit Card,Corporate,2024,9,Sep,Q3,22.34
AMZ102182,CUST10066,2024-08-19,Yoga Mat,Sports,South,Kerala,Kochi,2,27.28,0.201,43.59,6.14,4.1,1,Delivered,UPI,Corporate,2024,8,Aug,Q3,14.09
AMZ102183,CUST10813,2025-02-23,Novel Collection,Books,South,Telangana,Hyderabad,2,55.26,0.279,79.68,19.68,4.7,7,Delivered,UPI,Corporate,2025,2,Feb,Q1,24.7
AMZ102184,CUST10370,2025-03-17,Data Science Book,Books,North,Rajasthan,Jaipur,1,46.05,0.119,40.57,15.99,3.5,6,Delivered,Debit Card,Corporate,2025,3,Mar,Q1,39.41
AMZ102185,CUST10175,2025-05-10,Office Chair,Home,South,Karnataka,Bengaluru,2,191.94,0.286,274.09,30.7,5.0,8,Delivered,Debit Card,Corporate,2025,5,May,Q2,11.2
AMZ102186,CUST10831,2024-01-24,Notebook Pack,Office,West,Gujarat,Ahmedabad,1,15.57,0.211,12.28,-1.75,4.4,6,Returned,Amazon Pay,Corporate,2024,1,Jan,Q1,-14.25
AMZ102187,CUST10588,2024-04-18,Fitness Tracker,Sports,South,Telangana,Hyderabad,1,59.14,0.013,58.37,15.86,4.5,4,Delivered,Amazon Pay,Consumer,2024,4,Apr,Q2,27.17
AMZ102188,CUST10495,2025-12-03,Wireless Headphones,Electronics,South,Karnataka,Bengaluru,1,80.94,0.272,58.92,3.21,3.3,6,Delivered,Amazon Pay,Consumer,2025,12,Dec,Q4,5.45
AMZ102189,CUST10114,2025-05-16,Bluetooth Speaker,Electronics,South,Tamil Nadu,Coimbatore,1,66.09,0.145,56.51,7.44,3.8,5,Delivered,Debit Card,Corporate,2025,5,May,Q2,13.17
AMZ102190,CUST10111,2024-01-25,Office Chair,Home,East,West Bengal,Kolkata,1,174.0,0.138,149.99,-5.73,4.5,1,Returned,Net Banking,Home Office,2024,1,Jan,Q1,-3.82
AMZ102191,CUST10761,2024-07-05,Bluetooth Speaker,Electronics,North,Rajasthan,Jaipur,1,69.13,0.17,57.38,1.72,5.0,8,Delivered,Amazon Pay,Corporate,2024,7,Jul,Q3,3.0
AMZ102192,CUST10439,2024-10-14,USB-C Hub,Electronics,North,Delhi,Delhi,1,30.1,0.045,28.75,-0.56,3.7,6,Returned,Net Banking,Home Office,2024,10,Oct,Q4,-1.95
AMZ102193,CUST10715,2025-09-19,Notebook Pack,Office,North,Delhi,Delhi,2,14.99,0.141,25.75,1.3,4.0,4,Delivered,Credit Card,Home Office,2025,9,Sep,Q3,5.05
AMZ102194,CUST10147,2024-12-03,Coffee Maker,Home,North,Rajasthan,Jaipur,1,117.75,0.249,88.43,16.44,3.6,2,Delivered,Net Banking,Consumer,2024,12,Dec,Q4,18.59
AMZ102195,CUST10035,2024-02-06,Fitness Tracker,Sports,South,Kerala,Kochi,1,63.38,0.005,63.06,13.94,,5,Delivered,Amazon Pay,Corporate,2024,2,Feb,Q1,22.11
AMZ102196,CUST10309,2024-05-16,Office Chair,Home,North,Haryana,Gurugram,2,185.48,0.082,340.54,61.89,3.7,3,Delivered,Debit Card,Corporate,2024,5,May,Q2,18.17
AMZ102197,CUST10538,2025-05-22,Desk Organizer,Office,North,Haryana,Gurugram,1,20.43,0.001,20.41,5.99,4.3,7,Delivered,Net Banking,Home Office,2025,5,May,Q2,29.35
AMZ102198,CUST10750,2024-08-14,Backpack,Fashion,South,Kerala,Kochi,1,43.26,0.125,37.85,-2.06,2.8,3,Returned,Amazon Pay,Home Office,2024,8,Aug,Q3,-5.44
AMZ102199,CUST10014,2024-11-15,Gaming Mouse,Electronics,North,Delhi,Delhi,2,40.11,0.218,62.73,7.08,3.5,3,Delivered,Credit Card,Corporate,2024,11,Nov,Q4,11.29
AMZ102200,CUST10374,2024-06-30,Novel Collection,Books,West,Maharashtra,Mumbai,1,54.11,0.24,41.12,19.34,4.0,3,Delivered,UPI,Consumer,2024,6,Jun,Q2,47.03
AMZ102201,CUST10557,2024-03-26,Desk Organizer,Office,South,Kerala,Kochi,1,21.92,0.284,0.0,0.0,4.1,5,Cancelled,Net Banking,Home Office,2024,3,Mar,Q1,0.0
AMZ102202,CUST10428,2025-04-11,Cotton T-Shirt,Fashion,West,Gujarat,Ahmedabad,1,22.85,0.183,18.67,-1.34,4.4,5,Returned,Net Banking,Home Office,2025,4,Apr,Q2,-7.18
AMZ102203,CUST10728,2024-02-22,Novel Collection,Books,North,Delhi,Delhi,2,51.61,0.076,0.0,0.0,5.0,6,Cancelled,UPI,Home Office,2024,2,Feb,Q1,0.0
AMZ102204,CUST10233,2024-08-22,Air Fryer,Home,West,Maharashtra,Mumbai,1,105.19,0.277,76.05,8.41,5.0,4,Delivered,Debit Card,Home Office,2024,8,Aug,Q3,11.06
AMZ102205,CUST10705,2025-03-08,Office Chair,Home,South,Tamil Nadu,Coimbatore,2,176.69,0.233,271.04,34.35,3.8,4,Delivered,Net Banking,Consumer,2025,3,Mar,Q1,12.67
AMZ102206,CUST10563,2025-05-10,Yoga Mat,Sports,South,Telangana,Hyderabad,1,28.71,0.172,23.77,9.17,4.6,7,Delivered,Credit Card,Consumer,2025,5,May,Q2,38.58
AMZ102207,CUST10939,2024-04-09,Desk Organizer,Office,West,Maharashtra,Mumbai,1,22.05,0.209,17.44,2.8,4.2,3,Delivered,Debit Card,Home Office,2024,4,Apr,Q2,16.06
AMZ102208,CUST10887,2025-08-21,Smart Watch,Electronics,South,Telangana,Hyderabad,2,137.69,0.277,199.1,12.22,3.7,3,Delivered,Credit Card,Consumer,2025,8,Aug,Q3,6.14
AMZ102209,CUST10726,2025-02-06,Office Chair,Home,South,Karnataka,Bengaluru,1,191.0,0.214,150.13,18.82,4.9,5,Delivered,Net Banking,Home Office,2025,2,Feb,Q1,12.54
AMZ102210,CUST10663,2025-01-30,Data Science Book,Books,West,Maharashtra,Pune,1,48.22,0.111,0.0,0.0,4.1,5,Cancelled,Debit Card,Corporate,2025,1,Jan,Q1,0.0
AMZ102211,CUST10440,2025-06-10,Laptop Pro 14,Electronics,South,Karnataka,Bengaluru,1,915.94,0.214,719.93,65.02,3.7,3,Delivered,Credit Card,Corporate,2025,6,Jun,Q2,9.03
AMZ102212,CUST10502,2025-02-18,Desk Organizer,Office,North,Delhi,Delhi,2,20.83,0.012,41.16,14.07,3.7,1,Delivered,Net Banking,Consumer,2025,2,Feb,Q1,34.18
AMZ102213,CUST10275,2025-09-04,Smart Watch,Electronics,South,Telangana,Hyderabad,1,160.22,0.116,0.0,0.0,3.5,8,Cancelled,Credit Card,Corporate,2025,9,Sep,Q3,0.0
AMZ102214,CUST10850,2025-11-07,Gaming Mouse,Electronics,North,Delhi,Delhi,1,39.95,0.122,35.08,5.59,3.7,5,Delivered,Debit Card,Home Office,2025,11,Nov,Q4,15.94
AMZ102215,CUST10076,2025-04-07,Mechanical Keyboard,Electronics,South,Kerala,Kochi,1,102.15,0.05,97.04,13.02,3.9,2,Delivered,Credit Card,Consumer,2025,4,Apr,Q2,13.42
AMZ102216,CUST10439,2025-06-24,Coffee Maker,Home,North,Rajasthan,Jaipur,2,120.26,0.007,238.84,54.33,3.6,2,Delivered,Debit Card,Corporate,2025,6,Jun,Q2,22.75
AMZ102217,CUST10732,2025-09-17,Business Book,Books,West,Gujarat,Ahmedabad,1,33.56,0.04,32.22,11.35,3.5,7,Delivered,Amazon Pay,Corporate,2025,9,Sep,Q3,35.23
AMZ102218,CUST10860,2025-09-10,Coffee Maker,Home,South,Tamil Nadu,Chennai,1,122.81,0.196,0.0,0.0,3.1,1,Cancelled,Debit Card,Consumer,2025,9,Sep,Q3,0.0
AMZ102219,CUST10699,2024-12-29,Wireless Headphones,Electronics,North,Delhi,Delhi,1,77.32,0.241,58.69,7.51,5.0,5,Delivered,UPI,Consumer,2024,12,Dec,Q4,12.8
AMZ102220,CUST10289,2024-05-09,Laptop Pro 14,Electronics,West,Gujarat,Ahmedabad,1,961.96,0.296,0.0,0.0,4.3,6,Cancelled,UPI,Consumer,2024,5,May,Q2,0.0
AMZ102221,CUST10915,2024-03-24,Desk Organizer,Office,South,Kerala,Kochi,1,20.88,0.104,0.0,0.0,3.8,5,Cancelled,Debit Card,Home Office,2024,3,Mar,Q1,0.0
AMZ102222,CUST10540,2024-09-27,Desk Organizer,Office,West,Maharashtra,Mumbai,1,22.34,0.18,18.32,2.7,4.2,3,Delivered,Net Banking,Corporate,2024,9,Sep,Q3,14.74
AMZ102223,CUST10891,2024-08-31,Fitness Tracker,Sports,South,Kerala,Kochi,1,57.27,0.281,41.18,-3.34,4.0,1,Delivered,Amazon Pay,Corporate,2024,8,Aug,Q3,-8.11
AMZ102224,CUST10692,2025-01-22,Yoga Mat,Sports,South,Tamil Nadu,Coimbatore,2,26.5,0.05,50.35,13.0,4.3,4,Delivered,Amazon Pay,Consumer,2025,1,Jan,Q1,25.82
AMZ102225,CUST10253,2024-08-01,Office Chair,Home,South,Karnataka,Bengaluru,2,192.61,0.215,0.0,0.0,4.5,1,Cancelled,Debit Card,Home Office,2024,8,Aug,Q3,0.0
AMZ102226,CUST10126,2024-06-14,Office Chair,Home,West,Maharashtra,Mumbai,1,170.53,0.226,131.99,14.83,4.2,6,Delivered,Credit Card,Corporate,2024,6,Jun,Q2,11.24
AMZ102227,CUST10177,2024-02-28,Desk Lamp,Home,South,Tamil Nadu,Chennai,2,41.59,0.027,0.0,0.0,4.7,5,Cancelled,UPI,Corporate,2024,2,Feb,Q1,0.0
AMZ102228,CUST10037,2025-08-24,Smart Watch,Electronics,South,Telangana,Hyderabad,1,147.42,0.258,109.39,10.48,4.4,3,Delivered,Amazon Pay,Corporate,2025,8,Aug,Q3,9.58
AMZ102229,CUST10410,2025-05-18,Coffee Maker,Home,North,Rajasthan,Jaipur,2,123.47,0.244,186.69,21.16,3.9,5,Delivered,Net Banking,Consumer,2025,5,May,Q2,11.33
AMZ102230,CUST10611,2025-12-06,Smart Watch,Electronics,West,Gujarat,Ahmedabad,1,145.5,0.01,144.04,18.23,4.8,5,Delivered,Credit Card,Home Office,2025,12,Dec,Q4,12.66
AMZ102231,CUST10610,2024-05-02,Desk Lamp,Home,North,Rajasthan,Jaipur,1,37.72,0.027,36.7,9.63,4.0,2,Delivered,Credit Card,Home Office,2024,5,May,Q2,26.24
AMZ102232,CUST10127,2025-10-09,Backpack,Fashion,West,Maharashtra,Pune,2,43.81,0.015,0.0,0.0,3.3,3,Cancelled,Amazon Pay,Consumer,2025,10,Oct,Q4,0.0
AMZ102233,CUST10483,2025-02-16,Smart Watch,Electronics,South,Kerala,Kochi,2,156.78,0.1,282.2,-9.13,4.1,3,Returned,Amazon Pay,Corporate,2025,2,Feb,Q1,-3.24
AMZ102234,CUST10168,2024-05-18,Bluetooth Speaker,Electronics,North,Delhi,Delhi,1,66.56,0.153,56.38,2.29,4.2,5,Delivered,Debit Card,Corporate,2024,5,May,Q2,4.06
AMZ102235,CUST10592,2024-08-16,Sneakers,Fashion,South,Telangana,Hyderabad,1,69.8,0.16,58.63,7.76,4.3,1,Delivered,Net Banking,Home Office,2024,8,Aug,Q3,13.24
AMZ102236,CUST10294,2024-09-30,4K Smart TV,Electronics,West,Maharashtra,Pune,1,531.6,0.08,489.07,64.13,4.4,4,Delivered,Credit Card,Home Office,2024,9,Sep,Q3,13.11
AMZ102237,CUST10845,2025-03-14,Laptop Pro 14,Electronics,South,Kerala,Kochi,1,877.46,0.273,637.91,45.14,4.5,3,Delivered,Debit Card,Corporate,2025,3,Mar,Q1,7.08
AMZ102238,CUST10638,2025-07-15,Laptop Pro 14,Electronics,East,West Bengal,Kolkata,1,874.75,0.11,778.53,87.5,4.6,6,Delivered,UPI,Home Office,2025,7,Jul,Q3,11.24
AMZ102239,CUST10343,2024-04-27,Cookware Set,Home,North,Delhi,Delhi,1,128.4,0.014,126.6,24.77,4.1,6,Delivered,Credit Card,Consumer,2024,4,Apr,Q2,19.57
AMZ102240,CUST10310,2025-12-14,Air Fryer,Home,West,Maharashtra,Mumbai,2,103.52,0.09,188.41,29.72,4.1,5,Delivered,Credit Card,Home Office,2025,12,Dec,Q4,15.77
AMZ102241,CUST10662,2025-04-27,Sneakers,Fashion,South,Karnataka,Bengaluru,1,65.78,0.159,55.32,15.23,3.4,4,Delivered,UPI,Consumer,2025,4,Apr,Q2,27.53
AMZ102242,CUST10528,2025-01-29,Data Science Book,Books,West,Gujarat,Ahmedabad,1,48.13,0.122,42.26,9.58,4.7,3,Delivered,UPI,Consumer,2025,1,Jan,Q1,22.67
AMZ102243,CUST10540,2025-12-03,Air Fryer,Home,South,Tamil Nadu,Coimbatore,1,106.59,0.082,97.85,12.13,4.3,3,Delivered,Credit Card,Home Office,2025,12,Dec,Q4,12.4
AMZ102244,CUST10419,2025-04-04,Mechanical Keyboard,Electronics,South,Tamil Nadu,Chennai,1,98.85,0.039,94.99,21.47,3.8,3,Delivered,UPI,Consumer,2025,4,Apr,Q2,22.6
AMZ102245,CUST10444,2025-11-23,Running Shoes,Sports,South,Tamil Nadu,Chennai,1,75.23,0.246,0.0,0.0,3.3,4,Cancelled,Credit Card,Consumer,2025,11,Nov,Q4,0.0
AMZ102246,CUST10685,2024-03-18,Wireless Headphones,Electronics,West,Maharashtra,Mumbai,1,81.49,0.299,57.12,-0.62,4.2,5,Returned,Credit Card,Corporate,2024,3,Mar,Q1,-1.09
AMZ102247,CUST10558,2025-02-15,Office Chair,Home,North,Haryana,Gurugram,2,165.57,0.099,298.36,49.99,4.3,3,Delivered,Debit Card,Corporate,2025,2,Feb,Q1,16.75
AMZ102248,CUST10840,2024-03-15,Gaming Mouse,Electronics,South,Tamil Nadu,Chennai,2,39.83,0.114,70.58,13.15,5.0,4,Delivered,Amazon Pay,Corporate,2024,3,Mar,Q1,18.63
AMZ102249,CUST10236,2024-10-21,Running Shoes,Sports,West,Gujarat,Ahmedabad,1,66.88,0.185,0.0,0.0,4.6,6,Cancelled,Amazon Pay,Consumer,2024,10,Oct,Q4,0.0
AMZ102250,CUST10439,2024-01-21,Laptop Pro 14,Electronics,West,Maharashtra,Mumbai,1,928.62,0.216,728.04,54.96,4.8,4,Delivered,Debit Card,Consumer,2024,1,Jan,Q1,7.55
AMZ102251,CUST10214,2024-06-19,Running Shoes,Sports,South,Telangana,Hyderabad,1,75.98,0.118,67.01,-3.87,3.9,4,Returned,Net Banking,Corporate,2024,6,Jun,Q2,-5.78
AMZ102252,CUST10085,2024-01-15,Bluetooth Speaker,Electronics,South,Tamil Nadu,Chennai,2,65.85,0.271,96.01,-1.76,4.5,3,Returned,UPI,Consumer,2024,1,Jan,Q1,-1.83
AMZ102253,CUST10794,2024-07-29,Air Fryer,Home,North,Rajasthan,Jaipur,2,104.81,0.168,0.0,0.0,3.8,4,Cancelled,UPI,Home Office,2024,7,Jul,Q3,0.0
AMZ102254,CUST10744,2025-07-13,Cotton T-Shirt,Fashion,West,Maharashtra,Mumbai,1,23.25,0.135,20.11,-0.06,4.1,4,Returned,Debit Card,Consumer,2025,7,Jul,Q3,-0.3
AMZ102255,CUST10085,2024-03-26,Running Shoes,Sports,West,Gujarat,Ahmedabad,1,68.37,0.194,55.11,10.52,4.0,1,Delivered,Amazon Pay,Consumer,2024,3,Mar,Q1,19.09
AMZ102256,CUST10921,2024-05-28,Data Science Book,Books,North,Rajasthan,Jaipur,2,49.56,0.286,70.77,13.92,4.6,2,Delivered,Net Banking,Home Office,2024,5,May,Q2,19.67
AMZ102257,CUST10489,2025-11-30,Cotton T-Shirt,Fashion,North,Delhi,Delhi,1,25.81,0.238,19.67,7.99,4.9,2,Delivered,Credit Card,Corporate,2025,11,Nov,Q4,40.62
AMZ102258,CUST10065,2025-01-06,Running Shoes,Sports,North,Delhi,Delhi,1,68.73,0.012,67.91,11.58,3.7,8,Delivered,Net Banking,Consumer,2025,1,Jan,Q1,17.05
AMZ102259,CUST10646,2025-04-24,Fitness Tracker,Sports,South,Tamil Nadu,Chennai,2,57.37,0.1,103.27,21.84,4.0,4,Delivered,UPI,Home Office,2025,4,Apr,Q2,21.15
AMZ102260,CUST10663,2024-05-30,4K Smart TV,Electronics,North,Rajasthan,Jaipur,2,582.61,0.141,0.0,0.0,4.4,5,Cancelled,Credit Card,Consumer,2024,5,May,Q2,0.0
AMZ102261,CUST10627,2024-05-20,Wireless Headphones,Electronics,South,Karnataka,Bengaluru,1,73.57,0.094,66.65,-2.7,2.5,4,Returned,UPI,Consumer,2024,5,May,Q2,-4.05
AMZ102262,CUST10064,2024-03-09,Gaming Mouse,Electronics,South,Kerala,Kochi,1,42.76,0.21,33.78,10.1,4.0,6,Delivered,Amazon Pay,Consumer,2024,3,Mar,Q1,29.9
AMZ102263,CUST10343,2024-09-16,Sneakers,Fashion,North,Delhi,Delhi,1,69.85,0.248,52.53,11.23,3.8,2,Delivered,UPI,Home Office,2024,9,Sep,Q3,21.38
AMZ102264,CUST10939,2025-06-04,4K Smart TV,Electronics,South,Karnataka,Bengaluru,1,527.39,0.219,411.89,-8.7,4.5,4,Returned,Debit Card,Corporate,2025,6,Jun,Q2,-2.11
AMZ102265,CUST10875,2025-09-24,Gaming Mouse,Electronics,South,Telangana,Hyderabad,1,43.62,0.297,30.66,-2.71,3.9,4,Delivered,Amazon Pay,Home Office,2025,9,Sep,Q3,-8.84
AMZ102266,CUST10919,2025-01-05,Cookware Set,Home,West,Maharashtra,Mumbai,1,129.34,0.082,0.0,0.0,3.7,4,Cancelled,Debit Card,Consumer,2025,1,Jan,Q1,0.0
AMZ102267,CUST10352,2025-02-22,Gaming Mouse,Electronics,South,Kerala,Kochi,1,44.86,0.262,33.11,7.28,4.1,5,Delivered,Debit Card,Consumer,2025,2,Feb,Q1,21.99
AMZ102268,CUST10158,2024-04-10,Wireless Headphones,Electronics,West,Maharashtra,Pune,2,74.08,0.23,114.08,14.58,4.0,6,Delivered,Credit Card,Home Office,2024,4,Apr,Q2,12.78
AMZ102269,CUST10589,2025-10-22,Office Chair,Home,West,Gujarat,Ahmedabad,1,191.59,0.109,170.71,-8.74,4.3,3,Returned,Credit Card,Consumer,2025,10,Oct,Q4,-5.12
AMZ102270,CUST10491,2025-10-19,Cotton T-Shirt,Fashion,South,Tamil Nadu,Coimbatore,1,24.7,0.22,19.27,2.26,3.4,1,Delivered,UPI,Home Office,2025,10,Oct,Q4,11.73
AMZ102271,CUST10658,2024-08-30,Running Shoes,Sports,West,Maharashtra,Mumbai,1,73.2,0.031,0.0,0.0,4.2,5,Cancelled,Credit Card,Corporate,2024,8,Aug,Q3,0.0
AMZ102272,CUST10855,2025-05-26,Desk Organizer,Office,South,Kerala,Kochi,1,23.15,0.237,17.66,-0.13,4.1,3,Returned,Amazon Pay,Consumer,2025,5,May,Q2,-0.74
AMZ102273,CUST10463,2025-07-08,Cookware Set,Home,West,Gujarat,Ahmedabad,1,128.32,0.16,0.0,0.0,4.6,1,Cancelled,Credit Card,Corporate,2025,7,Jul,Q3,0.0
AMZ102274,CUST10225,2024-04-04,Cotton T-Shirt,Fashion,South,Kerala,Kochi,1,23.83,0.088,21.73,14.1,4.4,4,Delivered,Net Banking,Corporate,2024,4,Apr,Q2,64.89
AMZ102275,CUST10917,2024-08-13,Fitness Tracker,Sports,North,Rajasthan,Jaipur,2,54.53,0.197,87.58,15.56,3.7,6,Delivered,UPI,Corporate,2024,8,Aug,Q3,17.77
AMZ102276,CUST10313,2025-06-01,Laptop Pro 14,Electronics,South,Telangana,Hyderabad,1,953.99,0.192,770.82,78.07,3.5,2,Delivered,Net Banking,Home Office,2025,6,Jun,Q2,10.13
AMZ102277,CUST10615,2024-08-01,Notebook Pack,Office,East,West Bengal,Kolkata,2,16.5,0.063,30.92,-1.01,4.1,3,Returned,Net Banking,Corporate,2024,8,Aug,Q3,-3.27
AMZ102278,CUST10919,2025-12-18,Business Book,Books,South,Tamil Nadu,Coimbatore,3,33.34,0.009,0.0,0.0,4.3,5,Cancelled,Net Banking,Consumer,2025,12,Dec,Q4,0.0
AMZ102279,CUST10859,2024-03-07,USB-C Hub,Electronics,South,Tamil Nadu,Chennai,1,26.71,0.13,0.0,0.0,5.0,3,Cancelled,Credit Card,Corporate,2024,3,Mar,Q1,0.0
AMZ102280,CUST10813,2025-01-30,Bluetooth Speaker,Electronics,South,Kerala,Kochi,1,65.42,0.171,54.23,-1.79,3.9,6,Returned,Debit Card,Home Office,2025,1,Jan,Q1,-3.3
AMZ102281,CUST10940,2025-09-03,Data Science Book,Books,West,Gujarat,Ahmedabad,2,51.43,0.263,75.81,-4.02,4.2,2,Returned,UPI,Corporate,2025,9,Sep,Q3,-5.3
AMZ102282,CUST10466,2024-01-12,Coffee Maker,Home,West,Gujarat,Ahmedabad,2,111.94,0.278,161.64,25.35,3.7,3,Delivered,UPI,Corporate,2024,1,Jan,Q1,15.68
AMZ102283,CUST10088,2024-08-24,Laptop Pro 14,Electronics,North,Rajasthan,Jaipur,1,828.71,0.159,0.0,0.0,4.4,4,Cancelled,Credit Card,Corporate,2024,8,Aug,Q3,0.0
AMZ102284,CUST10883,2025-02-02,Backpack,Fashion,South,Karnataka,Bengaluru,1,42.54,0.226,32.93,3.87,4.4,7,Delivered,Amazon Pay,Consumer,2025,2,Feb,Q1,11.75
AMZ102285,CUST10303,2025-02-10,USB-C Hub,Electronics,West,Maharashtra,Mumbai,1,30.56,0.132,26.53,-4.73,3.3,6,Delivered,Net Banking,Corporate,2025,2,Feb,Q1,-17.83
AMZ102286,CUST10680,2025-04-24,Coffee Maker,Home,East,West Bengal,Kolkata,3,118.11,0.224,274.96,37.91,3.7,5,Delivered,UPI,Corporate,2025,4,Apr,Q2,13.79
AMZ102287,CUST10435,2025-10-08,Data Science Book,Books,North,Haryana,Gurugram,1,44.73,0.061,42.0,13.75,4.0,3,Delivered,UPI,Corporate,2025,10,Oct,Q4,32.74
AMZ102288,CUST10682,2024-08-09,Cookware Set,Home,South,Tamil Nadu,Chennai,1,137.88,0.111,122.58,28.64,,5,Delivered,Net Banking,Corporate,2024,8,Aug,Q3,23.36
AMZ102289,CUST10135,2024-06-04,Bluetooth Speaker,Electronics,West,Maharashtra,Pune,2,60.15,0.19,97.44,-2.98,3.4,7,Returned,UPI,Consumer,2024,6,Jun,Q2,-3.06
AMZ102290,CUST10050,2025-10-15,Laptop Pro 14,Electronics,North,Haryana,Gurugram,1,897.98,0.005,0.0,0.0,4.5,5,Cancelled,Amazon Pay,Home Office,2025,10,Oct,Q4,0.0
AMZ102291,CUST10432,2025-03-03,Desk Lamp,Home,West,Maharashtra,Mumbai,1,38.3,0.217,29.99,8.47,2.6,6,Delivered,UPI,Corporate,2025,3,Mar,Q1,28.24
AMZ102292,CUST10340,2024-06-06,Desk Lamp,Home,South,Tamil Nadu,Chennai,1,36.62,0.251,27.43,5.74,4.9,2,Delivered,UPI,Home Office,2024,6,Jun,Q2,20.93
AMZ102293,CUST10347,2025-02-19,Smartphone X,Electronics,West,Gujarat,Ahmedabad,2,741.77,0.12,1305.52,152.27,4.4,4,Delivered,Amazon Pay,Corporate,2025,2,Feb,Q1,11.66
AMZ102294,CUST10646,2024-11-21,Backpack,Fashion,West,Maharashtra,Pune,1,41.5,0.134,35.94,6.86,4.0,2,Delivered,UPI,Corporate,2024,11,Nov,Q4,19.09
AMZ102295,CUST10347,2025-01-05,Gaming Mouse,Electronics,South,Kerala,Kochi,1,45.26,0.255,33.72,-4.31,4.7,4,Delivered,Debit Card,Consumer,2025,1,Jan,Q1,-12.78
AMZ102296,CUST10649,2024-12-09,Fitness Tracker,Sports,South,Karnataka,Bengaluru,1,55.03,0.233,42.21,4.88,3.0,4,Delivered,Net Banking,Home Office,2024,12,Dec,Q4,11.56
AMZ102297,CUST10245,2024-09-18,Smartphone X,Electronics,East,West Bengal,Kolkata,1,735.0,0.086,671.79,84.27,4.0,5,Delivered,Amazon Pay,Home Office,2024,9,Sep,Q3,12.54
AMZ102298,CUST10109,2024-10-09,Smart Watch,Electronics,South,Kerala,Kochi,1,149.01,0.097,0.0,0.0,4.9,5,Cancelled,Debit Card,Corporate,2024,10,Oct,Q4,0.0
AMZ102299,CUST10825,2024-08-16,Sneakers,Fashion,South,Karnataka,Bengaluru,1,71.61,0.204,0.0,0.0,4.5,2,Cancelled,Credit Card,Consumer,2024,8,Aug,Q3,0.0
AMZ102300,CUST10799,2024-10-06,Sneakers,Fashion,South,Telangana,Hyderabad,1,64.86,0.169,53.9,7.08,4.4,1,Delivered,UPI,Consumer,2024,10,Oct,Q4,13.14
AMZ102301,CUST10533,2024-10-16,Yoga Mat,Sports,North,Rajasthan,Jaipur,2,29.14,0.049,0.0,0.0,3.2,3,Cancelled,Amazon Pay,Corporate,2024,10,Oct,Q4,0.0
AMZ102302,CUST10090,2025-11-10,Wireless Headphones,Electronics,South,Tamil Nadu,Chennai,2,79.43,0.093,144.09,-4.05,3.8,7,Returned,Credit Card,Consumer,2025,11,Nov,Q4,-2.81
AMZ102303,CUST10296,2024-02-16,Sneakers,Fashion,South,Kerala,Kochi,1,72.58,0.27,52.98,9.54,4.9,5,Delivered,Credit Card,Corporate,2024,2,Feb,Q1,18.01
AMZ102304,CUST10112,2025-12-15,Running Shoes,Sports,South,Karnataka,Bengaluru,1,67.02,0.206,53.21,4.59,3.6,2,Delivered,Net Banking,Corporate,2025,12,Dec,Q4,8.63
AMZ102305,CUST10813,2024-08-01,Smartphone X,Electronics,North,Haryana,Gurugram,1,691.97,0.296,487.15,-4.99,4.9,5,Returned,Credit Card,Consumer,2024,8,Aug,Q3,-1.02
AMZ102306,CUST10589,2024-01-24,Data Science Book,Books,North,Rajasthan,Jaipur,2,50.77,0.23,78.19,-5.41,4.2,3,Returned,Debit Card,Consumer,2024,1,Jan,Q1,-6.92
AMZ102307,CUST10177,2024-11-16,Smart Watch,Electronics,South,Karnataka,Bengaluru,1,159.53,0.283,114.38,-1.34,4.8,5,Returned,Net Banking,Corporate,2024,11,Nov,Q4,-1.17
AMZ102308,CUST10343,2024-09-30,Air Fryer,Home,North,Delhi,Delhi,1,97.49,0.065,91.15,-4.08,3.7,3,Returned,Amazon Pay,Corporate,2024,9,Sep,Q3,-4.48
AMZ102309,CUST10660,2025-07-09,Wireless Headphones,Electronics,South,Telangana,Hyderabad,1,84.69,0.231,65.13,9.4,4.5,5,Delivered,UPI,Consumer,2025,7,Jul,Q3,14.43
AMZ102310,CUST10101,2024-11-08,Gaming Mouse,Electronics,West,Maharashtra,Mumbai,1,43.27,0.006,43.01,2.79,5.0,3,Delivered,Debit Card,Consumer,2024,11,Nov,Q4,6.49
AMZ102311,CUST10758,2024-12-28,Data Science Book,Books,South,Kerala,Kochi,1,45.59,0.201,36.43,2.64,4.6,4,Delivered,Debit Card,Consumer,2024,12,Dec,Q4,7.25
AMZ102312,CUST10629,2025-10-29,Bluetooth Speaker,Electronics,East,West Bengal,Kolkata,1,69.25,0.141,59.49,8.89,4.3,6,Delivered,Debit Card,Corporate,2025,10,Oct,Q4,14.94
AMZ102313,CUST10604,2025-01-14,Backpack,Fashion,South,Telangana,Hyderabad,1,44.99,0.104,40.31,8.86,4.1,5,Delivered,UPI,Home Office,2025,1,Jan,Q1,21.98
AMZ102314,CUST10401,2025-12-11,Mechanical Keyboard,Electronics,North,Rajasthan,Jaipur,1,88.05,0.259,65.25,6.56,5.0,4,Delivered,Net Banking,Consumer,2025,12,Dec,Q4,10.05
AMZ102315,CUST10028,2025-11-04,Wireless Headphones,Electronics,North,Delhi,Delhi,1,83.28,0.256,61.96,10.41,3.5,4,Delivered,Debit Card,Consumer,2025,11,Nov,Q4,16.8
AMZ102316,CUST10937,2025-04-14,Air Fryer,Home,South,Tamil Nadu,Chennai,1,92.5,0.007,91.85,23.84,4.8,4,Delivered,UPI,Corporate,2025,4,Apr,Q2,25.96
AMZ102317,CUST10537,2025-11-05,Mechanical Keyboard,Electronics,North,Haryana,Gurugram,1,97.19,0.183,79.4,8.24,3.7,6,Delivered,Amazon Pay,Corporate,2025,11,Nov,Q4,10.38
AMZ102318,CUST10058,2024-04-25,Coffee Maker,Home,East,West Bengal,Kolkata,1,125.6,0.11,0.0,0.0,4.7,5,Cancelled,Credit Card,Corporate,2024,4,Apr,Q2,0.0
AMZ102319,CUST10498,2025-08-27,Backpack,Fashion,South,Kerala,Kochi,1,42.59,0.125,0.0,0.0,3.6,6,Cancelled,Credit Card,Consumer,2025,8,Aug,Q3,0.0
AMZ102320,CUST10297,2024-02-11,4K Smart TV,Electronics,East,West Bengal,Kolkata,1,522.36,0.25,391.77,27.1,3.7,5,Delivered,Credit Card,Corporate,2024,2,Feb,Q1,6.92
AMZ102321,CUST10134,2025-01-13,Coffee Maker,Home,South,Telangana,Hyderabad,1,113.33,0.093,102.79,22.41,4.9,4,Delivered,Debit Card,Consumer,2025,1,Jan,Q1,21.8
AMZ102322,CUST10331,2025-12-22,Fitness Tracker,Sports,North,Rajasthan,Jaipur,1,62.03,0.283,0.0,0.0,3.5,2,Cancelled,Net Banking,Corporate,2025,12,Dec,Q4,0.0
AMZ102323,CUST10249,2024-07-24,Air Fryer,Home,South,Tamil Nadu,Chennai,1,106.57,0.054,100.82,20.59,4.2,2,Delivered,Amazon Pay,Home Office,2024,7,Jul,Q3,20.42
AMZ102324,CUST10550,2025-04-10,Desk Organizer,Office,West,Gujarat,Ahmedabad,1,20.36,0.199,16.31,-4.11,4.2,3,Delivered,Net Banking,Corporate,2025,4,Apr,Q2,-25.2
AMZ102325,CUST10902,2024-10-06,Gaming Mouse,Electronics,North,Delhi,Delhi,2,42.97,0.202,0.0,0.0,3.5,3,Cancelled,Net Banking,Corporate,2024,10,Oct,Q4,0.0
AMZ102326,CUST10941,2025-10-09,Sneakers,Fashion,South,Kerala,Kochi,1,72.14,0.076,66.66,13.77,3.6,4,Delivered,Net Banking,Consumer,2025,10,Oct,Q4,20.66
AMZ102327,CUST10075,2025-09-09,Office Chair,Home,West,Gujarat,Ahmedabad,1,174.13,0.097,157.24,26.84,3.9,3,Delivered,Debit Card,Home Office,2025,9,Sep,Q3,17.07
AMZ102328,CUST10654,2024-04-27,Backpack,Fashion,North,Haryana,Gurugram,1,43.77,0.25,32.83,6.26,4.0,2,Delivered,Credit Card,Home Office,2024,4,Apr,Q2,19.07
AMZ102329,CUST10834,2024-08-24,Fitness Tracker,Sports,South,Tamil Nadu,Chennai,1,57.85,0.229,0.0,0.0,3.3,2,Cancelled,Credit Card,Consumer,2024,8,Aug,Q3,0.0
AMZ102330,CUST10168,2024-11-04,Cotton T-Shirt,Fashion,South,Tamil Nadu,Coimbatore,1,23.1,0.099,20.81,-1.65,3.2,4,Delivered,Amazon Pay,Corporate,2024,11,Nov,Q4,-7.93
AMZ102331,CUST10771,2025-03-31,Data Science Book,Books,South,Tamil Nadu,Coimbatore,1,48.03,0.16,0.0,0.0,2.5,3,Cancelled,Debit Card,Consumer,2025,3,Mar,Q1,0.0
AMZ102332,CUST10503,2025-04-19,Desk Organizer,Office,South,Tamil Nadu,Chennai,1,22.37,0.019,21.94,-1.31,4.3,4,Returned,Debit Card,Consumer,2025,4,Apr,Q2,-5.97
AMZ102333,CUST10885,2024-04-09,Fitness Tracker,Sports,North,Delhi,Delhi,1,55.8,0.063,52.28,13.03,4.2,1,Delivered,UPI,Consumer,2024,4,Apr,Q2,24.92
AMZ102334,CUST10355,2024-09-17,Desk Organizer,Office,West,Maharashtra,Pune,1,22.18,0.146,18.94,-2.9,4.5,4,Delivered,Credit Card,Consumer,2024,9,Sep,Q3,-15.31
AMZ102335,CUST10225,2024-10-31,Air Fryer,Home,West,Gujarat,Ahmedabad,2,91.39,0.026,178.03,37.62,3.7,5,Delivered,Debit Card,Home Office,2024,10,Oct,Q4,21.13
AMZ102336,CUST10664,2024-12-19,Coffee Maker,Home,South,Karnataka,Bengaluru,2,119.07,0.253,177.89,27.06,4.8,2,Delivered,Amazon Pay,Corporate,2024,12,Dec,Q4,15.21
AMZ102337,CUST10531,2024-10-12,Data Science Book,Books,East,West Bengal,Kolkata,1,46.15,0.215,36.23,14.82,5.0,5,Delivered,Debit Card,Corporate,2024,10,Oct,Q4,40.91
AMZ102338,CUST10146,2024-11-23,Coffee Maker,Home,South,Kerala,Kochi,1,119.45,0.283,85.65,16.86,3.8,5,Delivered,Credit Card,Corporate,2024,11,Nov,Q4,19.68
AMZ102339,CUST10241,2024-04-12,Bluetooth Speaker,Electronics,West,Maharashtra,Pune,1,69.82,0.208,55.3,-3.04,3.7,1,Delivered,Amazon Pay,Home Office,2024,4,Apr,Q2,-5.5
AMZ102340,CUST10884,2024-03-03,4K Smart TV,Electronics,South,Karnataka,Bengaluru,1,565.69,0.282,406.17,26.61,5.0,6,Delivered,UPI,Home Office,2024,3,Mar,Q1,6.55
AMZ102341,CUST10893,2025-11-17,Fitness Tracker,Sports,North,Rajasthan,Jaipur,1,58.26,0.166,48.59,13.37,4.4,5,Delivered,UPI,Corporate,2025,11,Nov,Q4,27.52
AMZ102342,CUST10344,2024-10-08,Cookware Set,Home,South,Kerala,Kochi,1,138.47,0.18,113.55,20.57,2.5,4,Delivered,UPI,Corporate,2024,10,Oct,Q4,18.12
AMZ102343,CUST10749,2025-03-16,Coffee Maker,Home,South,Kerala,Kochi,1,115.47,0.293,0.0,0.0,4.2,5,Cancelled,Debit Card,Consumer,2025,3,Mar,Q1,0.0
AMZ102344,CUST10035,2024-10-19,4K Smart TV,Electronics,South,Tamil Nadu,Coimbatore,1,574.62,0.193,463.72,40.59,4.6,7,Delivered,Debit Card,Consumer,2024,10,Oct,Q4,8.75
AMZ102345,CUST10702,2024-01-07,Data Science Book,Books,North,Delhi,Delhi,1,47.52,0.009,47.09,11.94,3.9,4,Delivered,Amazon Pay,Consumer,2024,1,Jan,Q1,25.36
AMZ102346,CUST10001,2025-09-30,Cotton T-Shirt,Fashion,North,Rajasthan,Jaipur,1,23.69,0.217,18.55,0.99,3.8,5,Delivered,Debit Card,Corporate,2025,9,Sep,Q3,5.34
AMZ102347,CUST10153,2024-04-01,Business Book,Books,East,West Bengal,Kolkata,2,33.55,0.272,48.85,1.33,4.2,4,Delivered,Debit Card,Home Office,2024,4,Apr,Q2,2.72
AMZ102348,CUST10429,2024-07-08,Cookware Set,Home,West,Maharashtra,Mumbai,1,123.21,0.239,93.76,10.83,3.4,3,Delivered,UPI,Home Office,2024,7,Jul,Q3,11.55
AMZ102349,CUST10945,2025-04-20,Wireless Headphones,Electronics,South,Karnataka,Bengaluru,1,74.67,0.175,61.6,6.16,4.0,1,Delivered,UPI,Corporate,2025,4,Apr,Q2,10.0
AMZ102350,CUST10508,2025-05-25,Sneakers,Fashion,South,Tamil Nadu,Coimbatore,1,63.21,0.201,50.5,5.86,3.8,4,Delivered,Debit Card,Home Office,2025,5,May,Q2,11.6
AMZ102351,CUST10126,2025-04-06,4K Smart TV,Electronics,South,Kerala,Kochi,1,559.7,0.297,393.47,24.81,4.0,4,Delivered,Amazon Pay,Consumer,2025,4,Apr,Q2,6.31
AMZ102352,CUST10491,2024-02-22,Air Fryer,Home,West,Maharashtra,Pune,1,94.97,0.027,92.41,25.43,4.4,6,Delivered,Debit Card,Home Office,2024,2,Feb,Q1,27.52
AMZ102353,CUST10482,2025-04-30,Data Science Book,Books,South,Tamil Nadu,Coimbatore,1,49.02,0.2,39.22,4.86,4.5,2,Delivered,Credit Card,Home Office,2025,4,Apr,Q2,12.39
AMZ102354,CUST10345,2025-10-05,Novel Collection,Books,South,Karnataka,Bengaluru,1,52.18,0.085,47.74,17.99,3.7,5,Delivered,Net Banking,Consumer,2025,10,Oct,Q4,37.68
AMZ102355,CUST10912,2025-05-04,Sneakers,Fashion,South,Karnataka,Bengaluru,1,62.88,0.192,0.0,0.0,4.2,3,Cancelled,Net Banking,Corporate,2025,5,May,Q2,0.0
AMZ102356,CUST10738,2024-12-29,Coffee Maker,Home,North,Delhi,Delhi,1,111.85,0.182,91.49,14.13,4.4,5,Delivered,Debit Card,Consumer,2024,12,Dec,Q4,15.44
AMZ102357,CUST10221,2024-04-21,Smartphone X,Electronics,South,Kerala,Kochi,1,671.05,0.046,640.18,-22.98,4.5,3,Returned,UPI,Home Office,2024,4,Apr,Q2,-3.59
AMZ102358,CUST10915,2025-02-12,Smart Watch,Electronics,North,Rajasthan,Jaipur,1,140.6,0.062,131.88,20.7,4.1,5,Delivered,Net Banking,Corporate,2025,2,Feb,Q1,15.7
AMZ102359,CUST10919,2024-01-07,Air Fryer,Home,West,Gujarat,Ahmedabad,1,92.71,0.186,75.47,14.68,4.1,2,Delivered,Amazon Pay,Corporate,2024,1,Jan,Q1,19.45
AMZ102360,CUST10723,2025-10-29,Yoga Mat,Sports,West,Maharashtra,Mumbai,1,29.39,0.038,28.27,5.48,3.9,2,Delivered,Debit Card,Corporate,2025,10,Oct,Q4,19.38
AMZ102361,CUST10025,2024-07-15,4K Smart TV,Electronics,North,Delhi,Delhi,1,529.82,0.08,0.0,0.0,4.4,3,Cancelled,Credit Card,Corporate,2024,7,Jul,Q3,0.0
AMZ102362,CUST10528,2025-01-01,Office Chair,Home,North,Haryana,Gurugram,3,165.54,0.251,371.97,46.1,4.9,3,Delivered,UPI,Consumer,2025,1,Jan,Q1,12.39
AMZ102363,CUST10182,2024-09-06,Wireless Headphones,Electronics,South,Kerala,Kochi,1,73.69,0.098,66.47,14.54,3.8,3,Delivered,Net Banking,Home Office,2024,9,Sep,Q3,21.87
AMZ102364,CUST10499,2025-08-17,Desk Lamp,Home,North,Delhi,Delhi,1,39.17,0.146,33.45,4.98,4.0,4,Delivered,UPI,Consumer,2025,8,Aug,Q3,14.89
AMZ102365,CUST10841,2024-08-27,Cotton T-Shirt,Fashion,East,West Bengal,Kolkata,1,22.93,0.282,16.46,8.18,4.5,6,Delivered,Net Banking,Corporate,2024,8,Aug,Q3,49.7
AMZ102366,CUST10641,2025-01-14,4K Smart TV,Electronics,West,Maharashtra,Mumbai,2,590.27,0.068,0.0,0.0,2.8,4,Cancelled,Credit Card,Consumer,2025,1,Jan,Q1,0.0
AMZ102367,CUST10042,2025-04-15,Bluetooth Speaker,Electronics,South,Tamil Nadu,Coimbatore,2,65.04,0.117,0.0,0.0,3.4,3,Cancelled,Debit Card,Home Office,2025,4,Apr,Q2,0.0
AMZ102368,CUST10915,2025-12-01,Fitness Tracker,Sports,South,Tamil Nadu,Chennai,1,55.15,0.182,0.0,0.0,5.0,7,Cancelled,UPI,Corporate,2025,12,Dec,Q4,0.0
AMZ102369,CUST10481,2025-03-30,USB-C Hub,Electronics,North,Haryana,Gurugram,1,27.93,0.227,21.59,4.37,3.7,4,Delivered,Net Banking,Consumer,2025,3,Mar,Q1,20.24
AMZ102370,CUST10930,2024-12-31,Backpack,Fashion,South,Telangana,Hyderabad,1,46.37,0.27,33.85,7.57,4.2,6,Delivered,Debit Card,Home Office,2024,12,Dec,Q4,22.36
AMZ102371,CUST10848,2024-10-16,Yoga Mat,Sports,North,Delhi,Delhi,1,26.35,0.275,19.1,4.33,4.2,1,Delivered,UPI,Corporate,2024,10,Oct,Q4,22.67
AMZ102372,CUST10748,2025-02-06,USB-C Hub,Electronics,South,Karnataka,Bengaluru,2,27.47,0.233,0.0,0.0,4.0,4,Cancelled,UPI,Consumer,2025,2,Feb,Q1,0.0
AMZ102373,CUST10872,2024-02-27,Cotton T-Shirt,Fashion,West,Gujarat,Ahmedabad,1,25.05,0.068,23.35,-1.77,4.6,5,Returned,Debit Card,Consumer,2024,2,Feb,Q1,-7.58
AMZ102374,CUST10439,2025-06-04,USB-C Hub,Electronics,South,Tamil Nadu,Chennai,1,29.54,0.007,29.33,5.33,4.0,6,Delivered,Credit Card,Consumer,2025,6,Jun,Q2,18.17
AMZ102375,CUST10402,2024-10-30,Notebook Pack,Office,North,Delhi,Delhi,2,15.17,0.115,26.85,8.12,3.9,3,Delivered,Amazon Pay,Corporate,2024,10,Oct,Q4,30.24
AMZ102376,CUST10546,2024-04-24,Desk Lamp,Home,North,Delhi,Delhi,2,36.67,0.042,0.0,0.0,3.3,1,Cancelled,UPI,Corporate,2024,4,Apr,Q2,0.0
AMZ102377,CUST10345,2024-07-28,Yoga Mat,Sports,West,Maharashtra,Pune,1,27.11,0.213,21.34,3.88,4.5,2,Delivered,UPI,Corporate,2024,7,Jul,Q3,18.18
AMZ102378,CUST10893,2024-02-10,Yoga Mat,Sports,West,Maharashtra,Pune,1,28.95,0.198,23.22,2.31,5.0,6,Delivered,Amazon Pay,Home Office,2024,2,Feb,Q1,9.95
AMZ102379,CUST10045,2024-06-21,Notebook Pack,Office,South,Tamil Nadu,Chennai,1,15.39,0.013,0.0,0.0,2.7,3,Cancelled,UPI,Corporate,2024,6,Jun,Q2,0.0
AMZ102380,CUST10646,2024-08-21,4K Smart TV,Electronics,North,Rajasthan,Jaipur,2,522.76,0.251,783.09,56.57,4.1,4,Delivered,Net Banking,Consumer,2024,8,Aug,Q3,7.22
AMZ102381,CUST10021,2025-08-12,Novel Collection,Books,South,Tamil Nadu,Coimbatore,2,50.18,0.075,92.83,-6.43,4.0,2,Returned,Debit Card,Home Office,2025,8,Aug,Q3,-6.93
AMZ102382,CUST10634,2025-09-11,4K Smart TV,Electronics,West,Maharashtra,Pune,1,590.01,0.13,513.31,55.61,5.0,5,Delivered,Amazon Pay,Home Office,2025,9,Sep,Q3,10.83
AMZ102383,CUST10070,2025-02-06,Business Book,Books,South,Karnataka,Bengaluru,1,33.8,0.2,27.04,7.57,4.0,2,Delivered,Debit Card,Consumer,2025,2,Feb,Q1,28.0
AMZ102384,CUST10864,2024-02-08,USB-C Hub,Electronics,North,Haryana,Gurugram,2,28.08,0.129,48.92,-2.33,3.7,6,Returned,Net Banking,Home Office,2024,2,Feb,Q1,-4.76
AMZ102385,CUST10873,2024-04-28,Business Book,Books,South,Telangana,Hyderabad,1,35.91,0.132,31.17,6.48,3.7,4,Delivered,Debit Card,Consumer,2024,4,Apr,Q2,20.79
AMZ102386,CUST10048,2024-11-30,Laptop Pro 14,Electronics,West,Maharashtra,Mumbai,1,836.86,0.02,820.12,126.18,3.5,3,Delivered,Debit Card,Consumer,2024,11,Nov,Q4,15.39
AMZ102387,CUST10491,2024-12-01,Backpack,Fashion,South,Telangana,Hyderabad,2,46.77,0.12,82.32,25.34,3.9,3,Delivered,Credit Card,Corporate,2024,12,Dec,Q4,30.78
AMZ102388,CUST10551,2025-06-22,Notebook Pack,Office,South,Telangana,Hyderabad,1,16.67,0.229,12.85,5.84,4.5,4,Delivered,UPI,Corporate,2025,6,Jun,Q2,45.45
AMZ102389,CUST10287,2025-09-07,Cotton T-Shirt,Fashion,West,Maharashtra,Mumbai,1,24.22,0.275,0.0,0.0,4.3,2,Cancelled,Net Banking,Corporate,2025,9,Sep,Q3,0.0
AMZ102390,CUST10010,2024-03-14,Yoga Mat,Sports,West,Maharashtra,Pune,2,26.03,0.124,45.6,-2.71,3.5,4,Returned,Net Banking,Corporate,2024,3,Mar,Q1,-5.94
AMZ102391,CUST10542,2024-07-09,Coffee Maker,Home,South,Tamil Nadu,Chennai,2,117.0,0.127,204.28,38.39,3.5,6,Delivered,Debit Card,Consumer,2024,7,Jul,Q3,18.79
AMZ102392,CUST10756,2024-11-19,Cotton T-Shirt,Fashion,West,Maharashtra,Mumbai,1,22.55,0.211,17.79,-0.89,3.5,6,Returned,Credit Card,Consumer,2024,11,Nov,Q4,-5.0
AMZ102393,CUST10274,2024-05-26,Desk Organizer,Office,South,Tamil Nadu,Coimbatore,1,21.2,0.283,15.2,-1.16,3.3,3,Delivered,UPI,Corporate,2024,5,May,Q2,-7.63
AMZ102394,CUST10600,2024-10-10,Business Book,Books,South,Tamil Nadu,Coimbatore,1,32.29,0.08,29.71,-2.06,,5,Returned,Net Banking,Home Office,2024,10,Oct,Q4,-6.93
AMZ102395,CUST10756,2024-07-31,Business Book,Books,South,Kerala,Kochi,1,37.53,0.132,32.58,3.58,4.9,4,Delivered,UPI,Corporate,2024,7,Jul,Q3,10.99
AMZ102396,CUST10381,2025-09-26,Data Science Book,Books,East,West Bengal,Kolkata,1,49.64,0.239,37.78,-1.82,4.5,6,Returned,Debit Card,Consumer,2025,9,Sep,Q3,-4.82
AMZ102397,CUST10329,2025-12-18,Business Book,Books,North,Rajasthan,Jaipur,2,33.91,0.183,55.41,16.29,4.1,2,Delivered,Credit Card,Consumer,2025,12,Dec,Q4,29.4
AMZ102398,CUST10479,2025-01-28,Running Shoes,Sports,North,Haryana,Gurugram,1,74.93,0.033,72.46,-4.42,3.3,5,Returned,Net Banking,Consumer,2025,1,Jan,Q1,-6.1
AMZ102399,CUST10015,2024-12-04,Running Shoes,Sports,West,Gujarat,Ahmedabad,1,68.73,0.188,55.81,10.87,3.7,6,Delivered,Net Banking,Home Office,2024,12,Dec,Q4,19.48
AMZ102400,CUST10516,2024-01-22,Coffee Maker,Home,West,Maharashtra,Pune,1,123.68,0.056,0.0,0.0,3.4,2,Cancelled,Credit Card,Corporate,2024,1,Jan,Q1,0.0
AMZ102401,CUST10191,2024-04-14,Yoga Mat,Sports,North,Rajasthan,Jaipur,3,30.0,0.153,76.23,18.67,3.5,3,Delivered,Net Banking,Consumer,2024,4,Apr,Q2,24.49
AMZ102402,CUST10168,2025-04-10,Notebook Pack,Office,West,Maharashtra,Mumbai,1,15.06,0.159,0.0,0.0,4.5,2,Cancelled,Net Banking,Consumer,2025,4,Apr,Q2,0.0
AMZ102403,CUST10521,2025-04-03,Bluetooth Speaker,Electronics,East,West Bengal,Kolkata,1,69.33,0.263,51.1,-1.3,3.7,1,Returned,Debit Card,Home Office,2025,4,Apr,Q2,-2.54
AMZ102404,CUST10621,2025-03-07,Yoga Mat,Sports,West,Gujarat,Ahmedabad,1,30.15,0.139,25.96,-2.06,3.7,4,Returned,Net Banking,Corporate,2025,3,Mar,Q1,-7.94
AMZ102405,CUST10137,2025-12-16,Smart Watch,Electronics,North,Haryana,Gurugram,1,137.32,0.084,0.0,0.0,3.6,7,Cancelled,Debit Card,Home Office,2025,12,Dec,Q4,0.0
AMZ102406,CUST10154,2025-09-10,Notebook Pack,Office,North,Haryana,Gurugram,1,15.95,0.069,14.85,-0.23,4.9,6,Returned,UPI,Corporate,2025,9,Sep,Q3,-1.55
AMZ102407,CUST10388,2024-08-08,Air Fryer,Home,West,Maharashtra,Pune,1,95.29,0.262,70.32,13.08,4.0,6,Delivered,Amazon Pay,Corporate,2024,8,Aug,Q3,18.6
AMZ102408,CUST10209,2025-01-13,Desk Lamp,Home,West,Maharashtra,Mumbai,1,39.5,0.051,37.49,3.48,4.7,6,Delivered,Credit Card,Corporate,2025,1,Jan,Q1,9.28
AMZ102409,CUST10272,2024-08-09,Mechanical Keyboard,Electronics,North,Rajasthan,Jaipur,1,92.31,0.128,80.49,10.77,4.1,2,Delivered,Debit Card,Home Office,2024,8,Aug,Q3,13.38
AMZ102410,CUST10143,2024-09-14,4K Smart TV,Electronics,South,Tamil Nadu,Chennai,1,550.56,0.056,519.73,66.29,4.6,5,Delivered,Net Banking,Consumer,2024,9,Sep,Q3,12.75
AMZ102411,CUST10611,2025-12-13,Office Chair,Home,North,Rajasthan,Jaipur,1,179.32,0.232,137.72,15.75,4.3,5,Delivered,Debit Card,Corporate,2025,12,Dec,Q4,11.44
AMZ102412,CUST10889,2025-01-01,Notebook Pack,Office,North,Rajasthan,Jaipur,1,16.54,0.142,14.19,6.66,5.0,9,Delivered,Net Banking,Consumer,2025,1,Jan,Q1,46.93
AMZ102413,CUST10820,2024-12-14,Cookware Set,Home,North,Haryana,Gurugram,1,130.42,0.105,116.73,25.9,3.6,4,Delivered,Debit Card,Consumer,2024,12,Dec,Q4,22.19
AMZ102414,CUST10069,2024-08-12,4K Smart TV,Electronics,South,Tamil Nadu,Chennai,1,515.79,0.108,460.08,56.84,3.4,2,Delivered,Debit Card,Home Office,2024,8,Aug,Q3,12.35
AMZ102415,CUST10247,2025-12-14,USB-C Hub,Electronics,South,Tamil Nadu,Chennai,1,31.28,0.256,23.27,-1.28,2.2,2,Delivered,Amazon Pay,Home Office,2025,12,Dec,Q4,-5.5
AMZ102416,CUST10261,2024-08-23,Yoga Mat,Sports,West,Maharashtra,Pune,1,27.72,0.166,23.12,-1.71,3.8,6,Delivered,Credit Card,Consumer,2024,8,Aug,Q3,-7.4
AMZ102417,CUST10788,2024-07-01,Bluetooth Speaker,Electronics,West,Gujarat,Ahmedabad,1,63.93,0.215,50.19,-0.34,4.2,4,Delivered,Credit Card,Corporate,2024,7,Jul,Q3,-0.68
AMZ102418,CUST10079,2025-12-12,Office Chair,Home,North,Delhi,Delhi,1,167.07,0.269,122.13,-3.01,3.6,1,Returned,Amazon Pay,Home Office,2025,12,Dec,Q4,-2.46
AMZ102419,CUST10658,2025-03-19,Cookware Set,Home,South,Telangana,Hyderabad,1,126.14,0.271,0.0,0.0,4.4,3,Cancelled,Net Banking,Consumer,2025,3,Mar,Q1,0.0
AMZ102420,CUST10623,2025-09-14,4K Smart TV,Electronics,South,Telangana,Hyderabad,2,592.66,0.099,1067.97,-32.23,3.9,2,Returned,Net Banking,Consumer,2025,9,Sep,Q3,-3.02
AMZ102421,CUST10770,2024-01-06,Yoga Mat,Sports,North,Haryana,Gurugram,2,27.46,0.286,39.21,-1.86,3.9,8,Returned,Debit Card,Home Office,2024,1,Jan,Q1,-4.74
AMZ102422,CUST10605,2024-08-23,Laptop Pro 14,Electronics,North,Delhi,Delhi,1,845.67,0.007,839.75,132.97,4.5,3,Delivered,Credit Card,Consumer,2024,8,Aug,Q3,15.83
AMZ102423,CUST10525,2024-05-06,Desk Organizer,Office,West,Gujarat,Ahmedabad,1,22.52,0.113,19.98,-2.84,4.4,5,Delivered,UPI,Consumer,2024,5,May,Q2,-14.21
AMZ102424,CUST10772,2024-04-13,Office Chair,Home,North,Delhi,Delhi,1,178.98,0.269,130.83,12.62,4.5,5,Delivered,Net Banking,Consumer,2024,4,Apr,Q2,9.65
AMZ102425,CUST10938,2025-04-24,Mechanical Keyboard,Electronics,West,Maharashtra,Pune,1,101.01,0.082,92.73,10.09,3.5,3,Delivered,Net Banking,Consumer,2025,4,Apr,Q2,10.88
AMZ102426,CUST10621,2024-06-03,Coffee Maker,Home,North,Rajasthan,Jaipur,1,123.11,0.082,113.01,20.21,4.1,5,Delivered,Net Banking,Home Office,2024,6,Jun,Q2,17.88
AMZ102427,CUST10330,2024-09-13,Desk Lamp,Home,North,Haryana,Gurugram,1,36.31,0.091,33.01,4.71,3.9,5,Delivered,Net Banking,Consumer,2024,9,Sep,Q3,14.27
AMZ102428,CUST10189,2024-08-22,Smartphone X,Electronics,South,Tamil Nadu,Chennai,1,730.39,0.184,596.0,58.18,5.0,2,Delivered,Credit Card,Home Office,2024,8,Aug,Q3,9.76
AMZ102429,CUST10095,2025-05-14,Backpack,Fashion,South,Tamil Nadu,Coimbatore,2,42.04,0.131,73.07,17.88,3.0,4,Delivered,Debit Card,Home Office,2025,5,May,Q2,24.47
AMZ102430,CUST10617,2024-10-15,Wireless Headphones,Electronics,North,Haryana,Gurugram,1,79.98,0.218,62.54,3.92,4.6,3,Delivered,Credit Card,Consumer,2024,10,Oct,Q4,6.27
AMZ102431,CUST10008,2025-05-24,Laptop Pro 14,Electronics,South,Telangana,Hyderabad,2,903.02,0.268,1322.02,87.56,3.9,3,Delivered,Credit Card,Consumer,2025,5,May,Q2,6.62
AMZ102432,CUST10067,2025-07-05,Desk Organizer,Office,West,Gujarat,Ahmedabad,2,22.75,0.202,36.31,10.65,,4,Delivered,Credit Card,Corporate,2025,7,Jul,Q3,29.33
AMZ102433,CUST10496,2025-12-09,Data Science Book,Books,North,Delhi,Delhi,1,48.9,0.061,45.92,13.95,3.3,5,Delivered,Net Banking,Home Office,2025,12,Dec,Q4,30.38
AMZ102434,CUST10191,2025-07-22,Desk Lamp,Home,West,Gujarat,Ahmedabad,1,41.62,0.28,29.97,-0.56,4.0,5,Returned,Net Banking,Corporate,2025,7,Jul,Q3,-1.87
AMZ102435,CUST10366,2024-10-24,Business Book,Books,West,Maharashtra,Pune,1,32.73,0.079,30.14,6.91,3.7,6,Delivered,Net Banking,Home Office,2024,10,Oct,Q4,22.93
AMZ102436,CUST10768,2025-09-01,Air Fryer,Home,North,Haryana,Gurugram,1,91.27,0.045,87.16,20.64,4.1,3,Delivered,Amazon Pay,Consumer,2025,9,Sep,Q3,23.68
AMZ102437,CUST10521,2024-05-16,Mechanical Keyboard,Electronics,West,Maharashtra,Mumbai,1,89.55,0.027,87.13,15.88,3.9,5,Delivered,UPI,Home Office,2024,5,May,Q2,18.23
AMZ102438,CUST10117,2025-01-10,Coffee Maker,Home,North,Haryana,Gurugram,1,112.65,0.169,93.61,12.07,3.9,4,Delivered,Debit Card,Home Office,2025,1,Jan,Q1,12.89
AMZ102439,CUST10267,2024-03-27,Smartphone X,Electronics,South,Tamil Nadu,Chennai,1,736.02,0.034,711.0,106.07,4.1,2,Delivered,UPI,Corporate,2024,3,Mar,Q1,14.92
AMZ102440,CUST10611,2025-02-22,USB-C Hub,Electronics,North,Haryana,Gurugram,2,27.59,0.042,52.86,4.72,4.2,4,Delivered,Credit Card,Consumer,2025,2,Feb,Q1,8.93
AMZ102441,CUST10485,2024-07-17,Fitness Tracker,Sports,East,West Bengal,Kolkata,1,58.5,0.09,53.23,20.04,3.7,2,Delivered,Net Banking,Corporate,2024,7,Jul,Q3,37.65
AMZ102442,CUST10509,2025-04-07,Yoga Mat,Sports,West,Maharashtra,Pune,3,27.43,0.084,75.38,14.51,3.4,5,Delivered,Credit Card,Corporate,2025,4,Apr,Q2,19.25
AMZ102443,CUST10298,2025-03-12,Running Shoes,Sports,South,Karnataka,Bengaluru,1,72.33,0.181,59.24,7.97,4.3,4,Delivered,Net Banking,Corporate,2025,3,Mar,Q1,13.45
AMZ102444,CUST10909,2024-11-05,Sneakers,Fashion,West,Maharashtra,Pune,2,65.32,0.245,98.63,15.06,3.9,6,Delivered,Amazon Pay,Corporate,2024,11,Nov,Q4,15.27
AMZ102445,CUST10164,2025-08-18,Cotton T-Shirt,Fashion,North,Delhi,Delhi,1,22.98,0.228,17.74,-0.23,3.8,4,Returned,Debit Card,Home Office,2025,8,Aug,Q3,-1.3
AMZ102446,CUST10376,2024-10-07,Bluetooth Speaker,Electronics,South,Tamil Nadu,Coimbatore,1,59.99,0.079,55.25,13.64,5.0,6,Delivered,Amazon Pay,Corporate,2024,10,Oct,Q4,24.69
AMZ102447,CUST10653,2024-11-18,Bluetooth Speaker,Electronics,South,Karnataka,Bengaluru,2,66.11,0.074,0.0,0.0,3.7,4,Cancelled,Amazon Pay,Home Office,2024,11,Nov,Q4,0.0
AMZ102448,CUST10268,2025-12-02,Wireless Headphones,Electronics,North,Delhi,Delhi,1,74.69,0.29,0.0,0.0,4.2,7,Cancelled,Debit Card,Consumer,2025,12,Dec,Q4,0.0
AMZ102449,CUST10549,2024-05-31,Smartphone X,Electronics,North,Delhi,Delhi,1,657.3,0.002,655.99,101.06,4.2,9,Delivered,UPI,Corporate,2024,5,May,Q2,15.41
AMZ102450,CUST10074,2024-10-28,USB-C Hub,Electronics,South,Tamil Nadu,Chennai,1,28.34,0.264,20.86,2.09,3.9,7,Delivered,Amazon Pay,Consumer,2024,10,Oct,Q4,10.02
AMZ102451,CUST10508,2024-10-04,Data Science Book,Books,South,Tamil Nadu,Chennai,1,46.42,0.06,43.63,11.1,4.7,5,Delivered,Net Banking,Home Office,2024,10,Oct,Q4,25.44
AMZ102452,CUST10073,2025-10-12,Office Chair,Home,South,Kerala,Kochi,1,176.38,0.284,126.29,11.03,4.5,4,Delivered,Net Banking,Home Office,2025,10,Oct,Q4,8.73
AMZ102453,CUST10308,2025-11-18,Smartphone X,Electronics,North,Rajasthan,Jaipur,2,714.42,0.103,0.0,0.0,2.2,6,Cancelled,Amazon Pay,Home Office,2025,11,Nov,Q4,0.0
AMZ102454,CUST10199,2024-01-08,Yoga Mat,Sports,South,Telangana,Hyderabad,1,27.96,0.132,24.27,3.59,3.4,5,Delivered,Credit Card,Home Office,2024,1,Jan,Q1,14.79
AMZ102455,CUST10130,2024-08-22,Business Book,Books,North,Rajasthan,Jaipur,1,37.69,0.212,29.7,4.71,4.4,4,Delivered,Debit Card,Consumer,2024,8,Aug,Q3,15.86
AMZ102456,CUST10758,2025-11-05,USB-C Hub,Electronics,North,Rajasthan,Jaipur,2,29.88,0.176,49.24,-0.6,3.4,3,Returned,Debit Card,Home Office,2025,11,Nov,Q4,-1.22
AMZ102457,CUST10824,2025-07-14,Running Shoes,Sports,South,Tamil Nadu,Coimbatore,1,69.65,0.095,63.03,9.24,4.1,4,Delivered,UPI,Corporate,2025,7,Jul,Q3,14.66
AMZ102458,CUST10572,2024-10-28,Desk Lamp,Home,South,Telangana,Hyderabad,1,35.89,0.166,29.93,5.4,4.4,4,Delivered,Debit Card,Home Office,2024,10,Oct,Q4,18.04
AMZ102459,CUST10791,2024-02-07,Fitness Tracker,Sports,West,Maharashtra,Mumbai,1,61.26,0.219,47.84,14.43,4.3,3,Delivered,Net Banking,Consumer,2024,2,Feb,Q1,30.16
AMZ102460,CUST10615,2024-05-15,USB-C Hub,Electronics,South,Karnataka,Bengaluru,1,28.06,0.013,0.0,0.0,3.6,6,Cancelled,Net Banking,Corporate,2024,5,May,Q2,0.0
AMZ102461,CUST10808,2025-02-24,Notebook Pack,Office,West,Gujarat,Ahmedabad,1,15.59,0.003,15.54,5.38,3.7,5,Delivered,Amazon Pay,Corporate,2025,2,Feb,Q1,34.62
AMZ102462,CUST10832,2024-08-06,Sneakers,Fashion,North,Rajasthan,Jaipur,1,70.35,0.137,60.71,12.05,3.7,6,Delivered,UPI,Corporate,2024,8,Aug,Q3,19.85
AMZ102463,CUST10487,2024-12-13,Cookware Set,Home,South,Tamil Nadu,Coimbatore,1,120.81,0.04,115.98,22.01,2.8,2,Delivered,Amazon Pay,Corporate,2024,12,Dec,Q4,18.98
AMZ102464,CUST10853,2025-06-29,4K Smart TV,Electronics,South,Kerala,Kochi,1,524.74,0.199,420.32,33.84,4.5,4,Delivered,Credit Card,Corporate,2025,6,Jun,Q2,8.05
AMZ102465,CUST10151,2024-03-19,Gaming Mouse,Electronics,North,Haryana,Gurugram,1,42.59,0.064,0.0,0.0,5.0,7,Cancelled,Net Banking,Corporate,2024,3,Mar,Q1,0.0
AMZ102466,CUST10669,2024-09-29,Yoga Mat,Sports,North,Haryana,Gurugram,2,26.64,0.13,0.0,0.0,4.0,1,Cancelled,Debit Card,Consumer,2024,9,Sep,Q3,0.0
AMZ102467,CUST10206,2024-06-09,USB-C Hub,Electronics,North,Delhi,Delhi,1,30.85,0.059,29.03,-2.03,3.8,1,Returned,Debit Card,Home Office,2024,6,Jun,Q2,-6.99
AMZ102468,CUST10179,2025-11-17,Cotton T-Shirt,Fashion,South,Telangana,Hyderabad,1,23.42,0.165,19.56,-1.49,3.9,4,Returned,Amazon Pay,Consumer,2025,11,Nov,Q4,-7.62
AMZ102469,CUST10197,2024-11-03,Sneakers,Fashion,North,Delhi,Delhi,3,69.18,0.035,200.28,59.19,4.6,3,Delivered,UPI,Consumer,2024,11,Nov,Q4,29.55
AMZ102470,CUST10735,2025-01-08,4K Smart TV,Electronics,South,Tamil Nadu,Coimbatore,1,575.5,0.007,571.47,97.49,3.3,6,Delivered,Net Banking,Consumer,2025,1,Jan,Q1,17.06
AMZ102471,CUST10089,2024-01-09,Smart Watch,Electronics,East,West Bengal,Kolkata,2,146.43,0.015,288.47,35.94,3.6,5,Delivered,Amazon Pay,Corporate,2024,1,Jan,Q1,12.46
AMZ102472,CUST10799,2025-03-19,Mechanical Keyboard,Electronics,East,West Bengal,Kolkata,1,97.68,0.286,0.0,0.0,4.5,4,Cancelled,Net Banking,Home Office,2025,3,Mar,Q1,0.0
AMZ102473,CUST10434,2024-04-22,Laptop Pro 14,Electronics,South,Kerala,Kochi,2,856.24,0.043,1638.84,-58.75,4.0,7,Returned,Amazon Pay,Consumer,2024,4,Apr,Q2,-3.58
AMZ102474,CUST10788,2024-07-23,4K Smart TV,Electronics,West,Gujarat,Ahmedabad,1,551.91,0.213,434.35,32.82,3.7,2,Delivered,Net Banking,Corporate,2024,7,Jul,Q3,7.56
AMZ102475,CUST10748,2025-02-08,Smartphone X,Electronics,South,Tamil Nadu,Chennai,1,722.5,0.02,708.05,100.19,3.9,4,Delivered,Credit Card,Home Office,2025,2,Feb,Q1,14.15
AMZ102476,CUST10183,2025-11-28,Running Shoes,Sports,South,Tamil Nadu,Chennai,1,67.22,0.032,0.0,0.0,4.2,3,Cancelled,Net Banking,Consumer,2025,11,Nov,Q4,0.0
AMZ102477,CUST10209,2024-07-15,Smart Watch,Electronics,South,Telangana,Hyderabad,1,145.81,0.153,123.5,17.53,3.6,4,Delivered,UPI,Corporate,2024,7,Jul,Q3,14.19
AMZ102478,CUST10493,2024-04-24,Laptop Pro 14,Electronics,South,Telangana,Hyderabad,2,880.0,0.139,1515.36,167.0,4.0,4,Delivered,Net Banking,Consumer,2024,4,Apr,Q2,11.02
AMZ102479,CUST10130,2024-04-30,Gaming Mouse,Electronics,North,Rajasthan,Jaipur,1,44.08,0.285,0.0,0.0,4.2,6,Cancelled,UPI,Corporate,2024,4,Apr,Q2,0.0
AMZ102480,CUST10665,2025-10-14,Running Shoes,Sports,East,West Bengal,Kolkata,1,68.78,0.283,49.32,8.28,4.3,4,Delivered,Amazon Pay,Corporate,2025,10,Oct,Q4,16.79
AMZ102481,CUST10013,2024-03-05,USB-C Hub,Electronics,North,Rajasthan,Jaipur,1,29.79,0.234,22.82,0.95,4.5,3,Delivered,Amazon Pay,Home Office,2024,3,Mar,Q1,4.16
AMZ102482,CUST10634,2024-10-02,4K Smart TV,Electronics,South,Tamil Nadu,Chennai,1,591.32,0.181,484.29,-11.4,4.7,2,Returned,Amazon Pay,Consumer,2024,10,Oct,Q4,-2.35
AMZ102483,CUST10871,2024-08-26,Cotton T-Shirt,Fashion,South,Karnataka,Bengaluru,1,22.91,0.136,19.79,5.7,3.7,1,Delivered,UPI,Home Office,2024,8,Aug,Q3,28.8
AMZ102484,CUST10732,2024-10-28,Desk Lamp,Home,South,Karnataka,Bengaluru,1,38.21,0.107,34.12,1.48,5.0,3,Delivered,Credit Card,Consumer,2024,10,Oct,Q4,4.34
AMZ102485,CUST10106,2025-01-26,Wireless Headphones,Electronics,South,Telangana,Hyderabad,1,81.55,0.284,0.0,0.0,4.6,3,Cancelled,Net Banking,Home Office,2025,1,Jan,Q1,0.0
AMZ102486,CUST10375,2025-06-05,Mechanical Keyboard,Electronics,North,Delhi,Delhi,1,88.58,0.181,72.55,10.02,4.3,5,Delivered,Net Banking,Consumer,2025,6,Jun,Q2,13.81
AMZ102487,CUST10582,2025-01-03,Backpack,Fashion,South,Tamil Nadu,Chennai,3,43.88,0.174,0.0,0.0,4.5,3,Cancelled,Debit Card,Corporate,2025,1,Jan,Q1,0.0
AMZ102488,CUST10707,2024-08-20,Data Science Book,Books,South,Karnataka,Bengaluru,1,48.33,0.07,44.95,-2.59,4.5,4,Returned,UPI,Corporate,2024,8,Aug,Q3,-5.76
AMZ102489,CUST10698,2024-07-13,Smart Watch,Electronics,South,Tamil Nadu,Chennai,1,157.03,0.014,154.83,25.46,4.8,3,Delivered,Debit Card,Home Office,2024,7,Jul,Q3,16.44
AMZ102490,CUST10099,2024-01-12,Gaming Mouse,Electronics,West,Maharashtra,Pune,2,44.06,0.284,0.0,0.0,3.9,4,Cancelled,Credit Card,Home Office,2024,1,Jan,Q1,0.0
AMZ102491,CUST10594,2025-11-19,Smart Watch,Electronics,North,Haryana,Gurugram,1,147.41,0.094,133.55,13.86,3.6,4,Delivered,Amazon Pay,Home Office,2025,11,Nov,Q4,10.38
AMZ102492,CUST10587,2024-06-25,Office Chair,Home,East,West Bengal,Kolkata,1,183.52,0.133,159.11,28.75,3.8,6,Delivered,Amazon Pay,Home Office,2024,6,Jun,Q2,18.07
AMZ102493,CUST10886,2024-08-04,Smartphone X,Electronics,North,Rajasthan,Jaipur,1,664.27,0.034,641.68,96.82,4.1,3,Delivered,Debit Card,Home Office,2024,8,Aug,Q3,15.09
AMZ102494,CUST10852,2024-01-11,Business Book,Books,South,Tamil Nadu,Chennai,1,32.53,0.251,24.36,-0.16,3.7,3,Delivered,Net Banking,Corporate,2024,1,Jan,Q1,-0.66
AMZ102495,CUST10192,2025-03-21,Backpack,Fashion,North,Haryana,Gurugram,1,41.5,0.008,41.17,10.8,5.0,8,Delivered,Credit Card,Corporate,2025,3,Mar,Q1,26.23
AMZ102496,CUST10325,2025-09-21,Smartphone X,Electronics,West,Maharashtra,Pune,1,688.42,0.25,516.31,34.25,4.1,5,Delivered,Amazon Pay,Corporate,2025,9,Sep,Q3,6.63
AMZ102497,CUST10726,2024-06-12,Business Book,Books,North,Rajasthan,Jaipur,1,35.0,0.042,33.53,6.92,3.7,4,Delivered,Net Banking,Corporate,2024,6,Jun,Q2,20.64
AMZ102498,CUST10827,2025-07-04,Gaming Mouse,Electronics,South,Tamil Nadu,Chennai,2,39.06,0.266,57.34,1.74,3.5,5,Delivered,Credit Card,Consumer,2025,7,Jul,Q3,3.03
AMZ102499,CUST10467,2024-02-22,Wireless Headphones,Electronics,South,Telangana,Hyderabad,1,76.64,0.219,59.86,-3.5,3.8,3,Delivered,Debit Card,Corporate,2024,2,Feb,Q1,-5.85
